annee;jourDebut;jourFin;parcelle;couvert;itk;delta_Corg[kg_eqCO2/ha];tx_MO_fin[%];emissions_N2O_denit[kg_eqCO2/ha];emissions_N2O_nit[kg_eqCO2/ha];emissions_volat[kg_eqCO2/ha];emissions_lixiv[kg_eqCO2/ha];emissions_ferti[kg_eqCO2/ha];bilan_net_GES[kg_eqCO2/ha];ratio_Corg_Arg[%]
2018;213;365;1_001;solnu;;1527.92;0.84;18.09;8.38;0.0;155.41;0.0;1709.79;0.03
2018;213;365;2_001;solnu;;1597.42;0.84;19.21;8.84;0.0;157.27;0.0;1782.74;0.03
2018;213;365;3_001;solnu;;1637.78;0.74;19.55;9.56;0.0;160.07;0.0;1826.96;0.02
2018;213;365;4_001;solnu;;1597.07;0.73;20.49;9.28;0.0;158.86;0.0;1785.7;0.02
2018;213;365;5_001;solnu;;1466.79;0.76;19.11;8.15;0.0;154.32;0.0;1648.36;0.03
2018;213;365;6_001;solnu;;1480.14;0.76;19.53;8.25;0.0;154.71;0.0;1662.63;0.02
2018;213;365;7_001;solnu;;1466.79;0.76;19.11;8.15;0.0;154.32;0.0;1648.36;0.03
2018;213;365;8_001;solnu;;1480.14;0.76;19.53;8.25;0.0;154.71;0.0;1662.63;0.02
2018;213;365;9_001;solnu;;1480.14;0.76;19.53;8.25;0.0;154.71;0.0;1662.63;0.02
2018;213;365;10_001;solnu;;1480.14;0.76;19.53;8.25;0.0;154.71;0.0;1662.63;0.02
2018;213;365;11_001;solnu;;1466.79;0.76;19.11;8.15;0.0;154.32;0.0;1648.36;0.03
2018;213;365;12_001;solnu;;1480.14;0.76;19.53;8.25;0.0;154.71;0.0;1662.63;0.02
2018;213;365;13_001;solnu;;1466.79;0.76;19.11;8.15;0.0;154.32;0.0;1648.36;0.03
2018;213;365;14_001;solnu;;1480.14;0.76;19.53;8.25;0.0;154.71;0.0;1662.63;0.02
2018;213;365;15_001;solnu;;1480.14;0.76;19.53;8.25;0.0;154.71;0.0;1662.63;0.02
2018;213;365;16_001;solnu;;1466.79;0.76;19.11;8.15;0.0;154.32;0.0;1648.36;0.03
2018;213;365;17_001;solnu;;1480.14;0.76;19.53;8.25;0.0;154.71;0.0;1662.63;0.02
2018;213;365;19_001;solnu;;1527.92;0.84;18.09;8.38;0.0;155.41;0.0;1709.79;0.03
2018;213;365;20_001;solnu;;1597.42;0.84;19.21;8.84;0.0;157.27;0.0;1782.74;0.03
2018;213;365;21_001;solnu;;1466.79;0.76;19.11;8.15;0.0;154.32;0.0;1648.36;0.03
2018;213;365;22_001;solnu;;1480.14;0.76;19.53;8.25;0.0;154.71;0.0;1662.63;0.02
2018;213;365;23_001;solnu;;1466.79;0.76;19.11;8.15;0.0;154.32;0.0;1648.36;0.03
2018;213;365;24_001;solnu;;1480.14;0.76;19.53;8.25;0.0;154.71;0.0;1662.63;0.02
2018;213;365;25_001;solnu;;1527.92;0.84;18.09;8.38;0.0;155.41;0.0;1709.79;0.03
2018;213;365;26_001;solnu;;1597.42;0.84;19.21;8.84;0.0;157.27;0.0;1782.74;0.03
2018;213;365;27_001;solnu;;1480.14;0.76;19.53;8.25;0.0;154.71;0.0;1662.63;0.02
2018;213;365;28_001;solnu;;1466.79;0.76;19.11;8.15;0.0;154.32;0.0;1648.36;0.03
2018;213;365;29_001;solnu;;1480.14;0.76;19.53;8.25;0.0;154.71;0.0;1662.63;0.02
2018;213;365;30_001;solnu;;1466.79;0.76;19.11;8.15;0.0;154.32;0.0;1648.36;0.03
2018;213;365;31_001;solnu;;1480.14;0.76;19.53;8.25;0.0;154.71;0.0;1662.63;0.02
2018;213;365;32_001;solnu;;1466.79;0.76;19.11;8.15;0.0;154.32;0.0;1648.36;0.03
2018;213;365;33_001;solnu;;1480.14;0.76;19.53;8.25;0.0;154.71;0.0;1662.63;0.02
2018;213;365;34_001;solnu;;1466.79;0.76;19.11;8.15;0.0;154.32;0.0;1648.36;0.03
2018;213;365;35_001;solnu;;1480.14;0.76;19.53;8.25;0.0;154.71;0.0;1662.63;0.02
2018;213;365;36_001;solnu;;1466.79;0.76;19.11;8.15;0.0;154.32;0.0;1648.36;0.03
2018;213;365;37_001;solnu;;1480.14;0.76;19.53;8.25;0.0;154.71;0.0;1662.63;0.02
2018;213;365;38_001;solnu;;1466.79;0.76;19.11;8.15;0.0;154.32;0.0;1648.36;0.03
2018;213;365;39_001;solnu;;1480.14;0.76;19.53;8.25;0.0;154.71;0.0;1662.63;0.02
2018;213;365;40_001;solnu;;1466.79;0.76;19.11;8.15;0.0;154.32;0.0;1648.36;0.03
2018;213;365;41_001;solnu;;1480.14;0.76;19.53;8.25;0.0;154.71;0.0;1662.63;0.02
2018;213;365;42_001;solnu;;1637.78;0.74;19.55;9.56;0.0;160.07;0.0;1826.96;0.02
2018;213;365;43_001;solnu;;1597.07;0.73;20.49;9.28;0.0;158.86;0.0;1785.7;0.02
2018;213;365;44_001;solnu;;1637.78;0.74;19.55;9.56;0.0;160.07;0.0;1826.96;0.02
2018;213;365;45_001;solnu;;1597.07;0.73;20.49;9.28;0.0;158.86;0.0;1785.7;0.02
2018;213;365;46_001;solnu;;1637.78;0.74;19.55;9.56;0.0;160.07;0.0;1826.96;0.02
2018;213;365;47_001;solnu;;1597.07;0.73;20.49;9.28;0.0;158.86;0.0;1785.7;0.02
2018;213;365;48_001;solnu;;1637.78;0.74;19.55;9.56;0.0;160.07;0.0;1826.96;0.02
2018;213;365;49_001;solnu;;1597.07;0.73;20.49;9.28;0.0;158.86;0.0;1785.7;0.02
2018;213;365;50_001;solnu;;1466.79;0.76;19.11;8.15;0.0;154.32;0.0;1648.36;0.03
2018;213;365;51_001;solnu;;1480.14;0.76;19.53;8.25;0.0;154.71;0.0;1662.63;0.02
2018;213;365;52_001;solnu;;1527.92;0.84;18.09;8.38;0.0;155.41;0.0;1709.79;0.03
2018;213;365;53_001;solnu;;1597.42;0.84;19.21;8.84;0.0;157.27;0.0;1782.74;0.03
2018;213;365;54_001;solnu;;1527.92;0.84;18.09;8.38;0.0;155.41;0.0;1709.79;0.03
2018;213;365;55_001;solnu;;1597.42;0.84;19.21;8.84;0.0;157.27;0.0;1782.74;0.03
2018;213;365;56_001;solnu;;1466.79;0.76;19.11;8.15;0.0;154.32;0.0;1648.36;0.03
2018;213;365;57_001;solnu;;1480.14;0.76;19.53;8.25;0.0;154.71;0.0;1662.63;0.02
2018;213;365;58_001;solnu;;1466.79;0.76;19.11;8.15;0.0;154.32;0.0;1648.36;0.03
2018;213;365;59_001;solnu;;1480.14;0.76;19.53;8.25;0.0;154.71;0.0;1662.63;0.02
2018;213;365;60_001;solnu;;1466.79;0.76;19.11;8.15;0.0;154.32;0.0;1648.36;0.03
2018;213;365;61_001;solnu;;1480.14;0.76;19.53;8.25;0.0;154.71;0.0;1662.63;0.02
2018;213;365;62_001;solnu;;1466.79;0.76;19.11;8.15;0.0;154.32;0.0;1648.36;0.03
2018;213;365;63_001;solnu;;1480.14;0.76;19.53;8.25;0.0;154.71;0.0;1662.63;0.02
2018;213;365;64_001;solnu;;1637.78;0.74;19.55;9.56;0.0;160.07;0.0;1826.96;0.02
2018;213;365;65_001;solnu;;1597.07;0.73;20.49;9.28;0.0;158.86;0.0;1785.7;0.02
2018;213;365;66_001;solnu;;1466.79;0.76;19.11;8.15;0.0;154.32;0.0;1648.36;0.03
2018;213;365;67_001;solnu;;1480.14;0.76;19.53;8.25;0.0;154.71;0.0;1662.63;0.02
2018;213;365;68_001;solnu;;1480.14;0.76;19.53;8.25;0.0;154.71;0.0;1662.63;0.02
2018;213;365;69_001;solnu;;1637.78;0.74;19.55;9.56;0.0;160.07;0.0;1826.96;0.02
2018;213;365;70_001;solnu;;1597.07;0.73;20.49;9.28;0.0;158.86;0.0;1785.7;0.02
2018;213;365;71_001;solnu;;1527.92;0.84;18.09;8.38;0.0;155.41;0.0;1709.79;0.03
2018;213;365;72_001;solnu;;1597.42;0.84;19.21;8.84;0.0;157.27;0.0;1782.74;0.03
2018;213;365;73_001;solnu;;1527.92;0.84;18.09;8.38;0.0;155.41;0.0;1709.79;0.03
2018;213;365;74_001;solnu;;1597.42;0.84;19.21;8.84;0.0;157.27;0.0;1782.74;0.03
2018;213;365;75_001;solnu;;1466.79;0.76;19.11;8.15;0.0;154.32;0.0;1648.36;0.03
2018;213;365;76_001;solnu;;1480.14;0.76;19.53;8.25;0.0;154.71;0.0;1662.63;0.02
2018;213;365;77_001;solnu;;1466.79;0.76;19.11;8.15;0.0;154.32;0.0;1648.36;0.03
2018;213;365;78_001;solnu;;1480.14;0.76;19.53;8.25;0.0;154.71;0.0;1662.63;0.02
2018;213;365;79_001;solnu;;1466.79;0.76;19.11;8.15;0.0;154.32;0.0;1648.36;0.03
2018;213;365;80_001;solnu;;1480.14;0.76;19.53;8.25;0.0;154.71;0.0;1662.63;0.02
2018;213;365;81_001;solnu;;1466.79;0.76;19.11;8.15;0.0;154.32;0.0;1648.36;0.03
2018;213;365;82_001;solnu;;1480.14;0.76;19.53;8.25;0.0;154.71;0.0;1662.63;0.02
2018;213;365;83_001;solnu;;1466.79;0.76;19.11;8.15;0.0;154.32;0.0;1648.36;0.03
2018;213;365;84_001;solnu;;1480.14;0.76;19.53;8.25;0.0;154.71;0.0;1662.63;0.02
2018;213;365;85_001;solnu;;1466.79;0.76;19.11;8.15;0.0;154.32;0.0;1648.36;0.03
2018;213;365;86_001;solnu;;1480.14;0.76;19.53;8.25;0.0;154.71;0.0;1662.63;0.02
2018;213;365;87_001;solnu;;1466.79;0.76;19.11;8.15;0.0;154.32;0.0;1648.36;0.03
2018;213;365;88_001;solnu;;1480.14;0.76;19.53;8.25;0.0;154.71;0.0;1662.63;0.02
2018;213;365;89_001;solnu;;1637.78;0.74;19.55;9.56;0.0;160.07;0.0;1826.96;0.02
2018;213;365;90_001;solnu;;1597.07;0.73;20.49;9.28;0.0;158.86;0.0;1785.7;0.02
2018;213;365;91_001;solnu;;1466.79;0.76;19.11;8.15;0.0;154.32;0.0;1648.36;0.03
2018;213;365;92_001;solnu;;1480.14;0.76;19.53;8.25;0.0;154.71;0.0;1662.63;0.02
2018;213;365;93_001;solnu;;1466.79;0.76;19.11;8.15;0.0;154.32;0.0;1648.36;0.03
2018;213;365;94_001;solnu;;1480.14;0.76;19.53;8.25;0.0;154.71;0.0;1662.63;0.02
2018;213;365;95_001;solnu;;1637.78;0.74;19.55;9.56;0.0;160.07;0.0;1826.96;0.02
2018;213;365;96_001;solnu;;1597.07;0.73;20.49;9.28;0.0;158.86;0.0;1785.7;0.02
2018;213;365;97_001;solnu;;1466.79;0.76;19.11;8.15;0.0;154.32;0.0;1648.36;0.03
2018;213;365;98_001;solnu;;1480.14;0.76;19.53;8.25;0.0;154.71;0.0;1662.63;0.02
2018;213;365;99_001;solnu;;1466.79;0.76;19.11;8.15;0.0;154.32;0.0;1648.36;0.03
2018;213;365;100_001;solnu;;1480.14;0.76;19.53;8.25;0.0;154.71;0.0;1662.63;0.02
2018;213;365;101_001;solnu;;1480.14;0.76;19.53;8.25;0.0;154.71;0.0;1662.63;0.02
2018;213;365;102_001;solnu;;1466.79;0.76;19.11;8.15;0.0;154.32;0.0;1648.36;0.03
2018;213;365;103_001;solnu;;1480.14;0.76;19.53;8.25;0.0;154.71;0.0;1662.63;0.02
2018;213;365;104_001;solnu;;1637.78;0.74;19.55;9.56;0.0;160.07;0.0;1826.96;0.02
2018;213;365;105_001;solnu;;1597.07;0.73;20.49;9.28;0.0;158.86;0.0;1785.7;0.02
2018;213;365;106_001;solnu;;1756.07;0.79;27.97;10.21;0.0;162.59;0.0;1956.85;0.03
2018;213;365;107_001;solnu;;1642.32;0.8;22.77;9.28;0.0;158.94;0.0;1833.3;0.03
2018;213;365;108_001;solnu;;1642.32;0.8;22.77;9.28;0.0;158.94;0.0;1833.3;0.03
2018;213;365;109_001;solnu;;1480.14;0.76;19.53;8.25;0.0;154.71;0.0;1662.63;0.02
2018;213;365;110_001;solnu;;1480.14;0.76;19.53;8.25;0.0;154.71;0.0;1662.63;0.02
2018;213;365;111_001;solnu;;1480.14;0.76;19.53;8.25;0.0;154.71;0.0;1662.63;0.02
2018;213;365;112_001;solnu;;1527.92;0.84;18.09;8.38;0.0;155.41;0.0;1709.79;0.03
2018;213;365;113_001;solnu;;1597.42;0.84;19.21;8.84;0.0;157.27;0.0;1782.74;0.03
2018;213;365;114_001;solnu;;1466.79;0.76;19.11;8.15;0.0;154.32;0.0;1648.36;0.03
2018;213;365;115_001;solnu;;1480.14;0.76;19.53;8.25;0.0;154.71;0.0;1662.63;0.02
2018;213;365;116_001;solnu;;1466.79;0.76;19.11;8.15;0.0;154.32;0.0;1648.36;0.03
2018;213;365;117_001;solnu;;1480.14;0.76;19.53;8.25;0.0;154.71;0.0;1662.63;0.02
2018;213;365;118_001;solnu;;1466.79;0.76;19.11;8.15;0.0;154.32;0.0;1648.36;0.03
2018;213;365;119_001;solnu;;1480.14;0.76;19.53;8.25;0.0;154.71;0.0;1662.63;0.02
2018;213;365;120_001;solnu;;1527.92;0.84;18.09;8.38;0.0;155.41;0.0;1709.79;0.03
2018;213;365;121_001;solnu;;1597.42;0.84;19.21;8.84;0.0;157.27;0.0;1782.74;0.03
2018;213;365;122_001;solnu;;1527.92;0.84;18.09;8.38;0.0;155.41;0.0;1709.79;0.03
2018;213;365;123_001;solnu;;1597.42;0.84;19.21;8.84;0.0;157.27;0.0;1782.74;0.03
2018;213;365;124_001;solnu;;1480.14;0.76;19.53;8.25;0.0;154.71;0.0;1662.63;0.02
2018;213;365;125_001;solnu;;1466.79;0.76;19.11;8.15;0.0;154.32;0.0;1648.36;0.03
2018;213;365;126_001;solnu;;1480.14;0.76;19.53;8.25;0.0;154.71;0.0;1662.63;0.02
2018;213;365;127_001;solnu;;1480.14;0.76;19.53;8.25;0.0;154.71;0.0;1662.63;0.02
2018;213;365;128_001;solnu;;1480.14;0.76;19.53;8.25;0.0;154.71;0.0;1662.63;0.02
2018;213;365;129_001;solnu;;1466.79;0.76;19.11;8.15;0.0;154.32;0.0;1648.36;0.03
2018;213;365;130_001;solnu;;1480.14;0.76;19.53;8.25;0.0;154.71;0.0;1662.63;0.02
2018;213;365;131_001;solnu;;1480.14;0.76;19.53;8.25;0.0;154.71;0.0;1662.63;0.02
2018;213;365;132_001;solnu;;1466.79;0.76;19.11;8.15;0.0;154.32;0.0;1648.36;0.03
2018;213;365;133_001;solnu;;1480.14;0.76;19.53;8.25;0.0;154.71;0.0;1662.63;0.02
2018;213;365;134_001;solnu;;1466.79;0.76;19.11;8.15;0.0;154.32;0.0;1648.36;0.03
2018;213;365;135_001;solnu;;1480.14;0.76;19.53;8.25;0.0;154.71;0.0;1662.63;0.02
2018;213;365;136_001;solnu;;1466.79;0.76;19.11;8.15;0.0;154.32;0.0;1648.36;0.03
2018;213;365;137_001;solnu;;1480.14;0.76;19.53;8.25;0.0;154.71;0.0;1662.63;0.02
2018;213;365;138_001;solnu;;1466.79;0.76;19.11;8.15;0.0;154.32;0.0;1648.36;0.03
2018;213;365;139_001;solnu;;1480.14;0.76;19.53;8.25;0.0;154.71;0.0;1662.63;0.02
2018;213;365;140_001;solnu;;1466.79;0.76;19.11;8.15;0.0;154.32;0.0;1648.36;0.03
2018;213;365;141_001;solnu;;1480.14;0.76;19.53;8.25;0.0;154.71;0.0;1662.63;0.02
2018;213;365;142_001;solnu;;1466.79;0.76;19.11;8.15;0.0;154.32;0.0;1648.36;0.03
2018;213;365;143_001;solnu;;1480.14;0.76;19.53;8.25;0.0;154.71;0.0;1662.63;0.02
2018;213;365;144_001;solnu;;1637.78;0.74;19.55;9.56;0.0;160.07;0.0;1826.96;0.02
2018;213;365;145_001;solnu;;1597.07;0.73;20.49;9.28;0.0;158.86;0.0;1785.7;0.02
2018;213;365;146_001;solnu;;1597.07;0.73;20.49;9.28;0.0;158.86;0.0;1785.7;0.02
2018;213;365;147_001;solnu;;1637.78;0.74;19.55;9.56;0.0;160.07;0.0;1826.96;0.02
2018;213;365;148_001;solnu;;1597.07;0.73;20.49;9.28;0.0;158.86;0.0;1785.7;0.02
2018;213;365;149_001;solnu;;1466.79;0.76;19.11;8.15;0.0;154.32;0.0;1648.36;0.03
2018;213;365;150_001;solnu;;1480.14;0.76;19.53;8.25;0.0;154.71;0.0;1662.63;0.02
2018;213;365;153_001;solnu;;1466.79;0.76;19.11;8.15;0.0;154.32;0.0;1648.36;0.03
2018;213;365;154_001;solnu;;1480.14;0.76;19.53;8.25;0.0;154.71;0.0;1662.63;0.02
2018;213;365;155_001;solnu;;1480.14;0.76;19.53;8.25;0.0;154.71;0.0;1662.63;0.02
2018;213;365;156_001;solnu;;1480.14;0.76;19.53;8.25;0.0;154.71;0.0;1662.63;0.02
2018;213;365;157_001;solnu;;1466.79;0.76;19.11;8.15;0.0;154.32;0.0;1648.36;0.03
2018;213;365;158_001;solnu;;1480.14;0.76;19.53;8.25;0.0;154.71;0.0;1662.63;0.02
2018;213;365;159_001;solnu;;1466.79;0.76;19.11;8.15;0.0;154.32;0.0;1648.36;0.03
2018;213;365;160_001;solnu;;1480.14;0.76;19.53;8.25;0.0;154.71;0.0;1662.63;0.02
2018;213;365;161_001;solnu;;1466.79;0.76;19.11;8.15;0.0;154.32;0.0;1648.36;0.03
2018;213;365;162_001;solnu;;1480.14;0.76;19.53;8.25;0.0;154.71;0.0;1662.63;0.02
2018;213;365;163_001;solnu;;1466.79;0.76;19.11;8.15;0.0;154.32;0.0;1648.36;0.03
2018;213;365;164_001;solnu;;1480.14;0.76;19.53;8.25;0.0;154.71;0.0;1662.63;0.02
2018;213;365;165_001;solnu;;1466.79;0.76;19.11;8.15;0.0;154.32;0.0;1648.36;0.03
2018;213;365;166_001;solnu;;1480.14;0.76;19.53;8.25;0.0;154.71;0.0;1662.63;0.02
2018;213;365;167_001;solnu;;1466.79;0.76;19.11;8.15;0.0;154.32;0.0;1648.36;0.03
2018;213;365;168_001;solnu;;1480.14;0.76;19.53;8.25;0.0;154.71;0.0;1662.63;0.02
2018;213;365;169_001;solnu;;1527.92;0.84;18.09;8.38;0.0;155.41;0.0;1709.79;0.03
2018;213;365;170_001;solnu;;1597.42;0.84;19.21;8.84;0.0;157.27;0.0;1782.74;0.03
2018;213;365;171_001;solnu;;1597.42;0.84;19.21;8.84;0.0;157.27;0.0;1782.74;0.03
2018;213;365;172_001;solnu;;1466.79;0.76;19.11;8.15;0.0;154.32;0.0;1648.36;0.03
2018;213;365;173_001;solnu;;1480.14;0.76;19.53;8.25;0.0;154.71;0.0;1662.63;0.02
2018;213;365;174_001;solnu;;1466.79;0.76;19.11;8.15;0.0;154.32;0.0;1648.36;0.03
2018;213;365;175_001;solnu;;1480.14;0.76;19.53;8.25;0.0;154.71;0.0;1662.63;0.02
2018;213;365;176_001;solnu;;1466.79;0.76;19.11;8.15;0.0;154.32;0.0;1648.36;0.03
2018;213;365;177_001;solnu;;1480.14;0.76;19.53;8.25;0.0;154.71;0.0;1662.63;0.02
2018;213;365;178_001;solnu;;1637.78;0.74;19.55;9.56;0.0;160.07;0.0;1826.96;0.02
2018;213;365;179_001;solnu;;1597.07;0.73;20.49;9.28;0.0;158.86;0.0;1785.7;0.02
2018;213;365;180_001;solnu;;1527.92;0.84;18.09;8.38;0.0;155.41;0.0;1709.79;0.03
2018;213;365;181_001;solnu;;1597.42;0.84;19.21;8.84;0.0;157.27;0.0;1782.74;0.03
2018;213;365;182_001;solnu;;1466.79;0.76;19.11;8.15;0.0;154.32;0.0;1648.36;0.03
2018;213;365;183_001;solnu;;1480.14;0.76;19.53;8.25;0.0;154.71;0.0;1662.63;0.02
2018;213;365;184_001;solnu;;1466.79;0.76;19.11;8.15;0.0;154.32;0.0;1648.36;0.03
2018;213;365;185_001;solnu;;1480.14;0.76;19.53;8.25;0.0;154.71;0.0;1662.63;0.02
2018;213;365;186_001;solnu;;1527.92;0.84;18.09;8.38;0.0;155.41;0.0;1709.79;0.03
2018;213;365;187_001;solnu;;1597.42;0.84;19.21;8.84;0.0;157.27;0.0;1782.74;0.03
2018;213;365;188_001;solnu;;1480.14;0.76;19.53;8.25;0.0;154.71;0.0;1662.63;0.02
2018;213;365;189_001;solnu;;1480.14;0.76;19.53;8.25;0.0;154.71;0.0;1662.63;0.02
2018;213;365;190_001;solnu;;1466.79;0.76;19.11;8.15;0.0;154.32;0.0;1648.36;0.03
2018;213;365;191_001;solnu;;1480.14;0.76;19.53;8.25;0.0;154.71;0.0;1662.63;0.02
2018;213;365;192_001;solnu;;1480.14;0.76;19.53;8.25;0.0;154.71;0.0;1662.63;0.02
2018;213;365;193_001;solnu;;1637.78;0.74;19.55;9.56;0.0;160.07;0.0;1826.96;0.02
2018;213;365;194_001;solnu;;1597.07;0.73;20.49;9.28;0.0;158.86;0.0;1785.7;0.02
2018;213;365;195_001;solnu;;1527.92;0.84;18.09;8.38;0.0;155.41;0.0;1709.79;0.03
2018;213;365;196_001;solnu;;1597.42;0.84;19.21;8.84;0.0;157.27;0.0;1782.74;0.03
2018;213;365;197_001;solnu;;1637.78;0.74;19.55;9.56;0.0;160.07;0.0;1826.96;0.02
2018;213;365;198_001;solnu;;1597.07;0.73;20.49;9.28;0.0;158.86;0.0;1785.7;0.02
2018;213;365;199_001;solnu;;1597.07;0.73;20.49;9.28;0.0;158.86;0.0;1785.7;0.02
2018;213;365;200_001;solnu;;1466.79;0.76;19.11;8.15;0.0;154.32;0.0;1648.36;0.03
2018;213;365;201_001;solnu;;1480.14;0.76;19.53;8.25;0.0;154.71;0.0;1662.63;0.02
2018;213;365;202_001;solnu;;1480.14;0.76;19.53;8.25;0.0;154.71;0.0;1662.63;0.02
2018;213;365;203_001;solnu;;1480.14;0.76;19.53;8.25;0.0;154.71;0.0;1662.63;0.02
2018;213;365;204_001;solnu;;1527.92;0.84;18.09;8.38;0.0;155.41;0.0;1709.79;0.03
2018;213;365;205_001;solnu;;1597.42;0.84;19.21;8.84;0.0;157.27;0.0;1782.74;0.03
2018;213;365;206_001;solnu;;1527.92;0.84;18.09;8.38;0.0;155.41;0.0;1709.79;0.03
2018;213;365;207_001;solnu;;1597.42;0.84;19.21;8.84;0.0;157.27;0.0;1782.74;0.03
2018;213;365;208_001;solnu;;1527.92;0.84;18.09;8.38;0.0;155.41;0.0;1709.79;0.03
2018;213;365;209_001;solnu;;1597.42;0.84;19.21;8.84;0.0;157.27;0.0;1782.74;0.03
2018;213;365;210_001;solnu;;1637.78;0.74;19.55;9.56;0.0;160.07;0.0;1826.96;0.02
2018;213;365;211_001;solnu;;1597.07;0.73;20.49;9.28;0.0;158.86;0.0;1785.7;0.02
2018;213;365;212_001;solnu;;1637.78;0.74;19.55;9.56;0.0;160.07;0.0;1826.96;0.02
2018;213;365;213_001;solnu;;1597.07;0.73;20.49;9.28;0.0;158.86;0.0;1785.7;0.02
2018;213;365;214_001;solnu;;1466.79;0.76;19.11;8.15;0.0;154.32;0.0;1648.36;0.03
2018;213;365;215_001;solnu;;1480.14;0.76;19.53;8.25;0.0;154.71;0.0;1662.63;0.02
2018;213;365;216_001;solnu;;1637.78;0.74;19.55;9.56;0.0;160.07;0.0;1826.96;0.02
2018;213;365;217_001;solnu;;1597.07;0.73;20.49;9.28;0.0;158.86;0.0;1785.7;0.02
2018;213;365;218_001;solnu;;1756.07;0.79;27.97;10.21;0.0;162.59;0.0;1956.85;0.03
2018;213;365;219_001;solnu;;1642.32;0.8;22.77;9.28;0.0;158.94;0.0;1833.3;0.03
2018;213;365;220_001;solnu;;1756.07;0.79;27.97;10.21;0.0;162.59;0.0;1956.85;0.03
2018;213;365;221_001;solnu;;1642.32;0.8;22.77;9.28;0.0;158.94;0.0;1833.3;0.03
2018;213;365;222_001;solnu;;1637.78;0.74;19.55;9.56;0.0;160.07;0.0;1826.96;0.02
2018;213;365;223_001;solnu;;1597.07;0.73;20.49;9.28;0.0;158.86;0.0;1785.7;0.02
2018;213;365;224_001;solnu;;1466.79;0.76;19.11;8.15;0.0;154.32;0.0;1648.36;0.03
2018;213;365;225_001;solnu;;1480.14;0.76;19.53;8.25;0.0;154.71;0.0;1662.63;0.02
2018;213;365;226_001;solnu;;1466.79;0.76;19.11;8.15;0.0;154.32;0.0;1648.36;0.03
2018;213;365;227_001;solnu;;1480.14;0.76;19.53;8.25;0.0;154.71;0.0;1662.63;0.02
2018;213;365;228_001;solnu;;1466.79;0.76;19.11;8.15;0.0;154.32;0.0;1648.36;0.03
2018;213;365;229_001;solnu;;1480.14;0.76;19.53;8.25;0.0;154.71;0.0;1662.63;0.02
2018;213;365;230_001;solnu;;1466.79;0.76;19.11;8.15;0.0;154.32;0.0;1648.36;0.03
2018;213;365;231_001;solnu;;1480.14;0.76;19.53;8.25;0.0;154.71;0.0;1662.63;0.02
2018;213;365;232_001;solnu;;1466.79;0.76;19.11;8.15;0.0;154.32;0.0;1648.36;0.03
2018;213;365;233_001;solnu;;1480.14;0.76;19.53;8.25;0.0;154.71;0.0;1662.63;0.02
2018;213;365;234_001;solnu;;1527.92;0.84;18.09;8.38;0.0;155.41;0.0;1709.79;0.03
2018;213;365;235_001;solnu;;1597.42;0.84;19.21;8.84;0.0;157.27;0.0;1782.74;0.03
2018;213;365;236_001;solnu;;1466.79;0.76;19.11;8.15;0.0;154.32;0.0;1648.36;0.03
2018;213;365;237_001;solnu;;1480.14;0.76;19.53;8.25;0.0;154.71;0.0;1662.63;0.02
2018;213;365;238_001;solnu;;1466.79;0.76;19.11;8.15;0.0;154.32;0.0;1648.36;0.03
2018;213;365;239_001;solnu;;1480.14;0.76;19.53;8.25;0.0;154.71;0.0;1662.63;0.02
2018;213;365;240_001;solnu;;1466.79;0.76;19.11;8.15;0.0;154.32;0.0;1648.36;0.03
2018;213;365;241_001;solnu;;1480.14;0.76;19.53;8.25;0.0;154.71;0.0;1662.63;0.02
2018;213;365;242_001;solnu;;1466.79;0.76;19.11;8.15;0.0;154.32;0.0;1648.36;0.03
2018;213;365;243_001;solnu;;1480.14;0.76;19.53;8.25;0.0;154.71;0.0;1662.63;0.02
2018;213;365;244_001;solnu;;1466.79;0.76;19.11;8.15;0.0;154.32;0.0;1648.36;0.03
2018;213;365;245_001;solnu;;1480.14;0.76;19.53;8.25;0.0;154.71;0.0;1662.63;0.02
2018;213;365;246_001;solnu;;1466.79;0.76;19.11;8.15;0.0;154.32;0.0;1648.36;0.03
2018;213;365;247_001;solnu;;1480.14;0.76;19.53;8.25;0.0;154.71;0.0;1662.63;0.02
2018;213;365;248_001;solnu;;1466.79;0.76;19.11;8.15;0.0;154.32;0.0;1648.36;0.03
2018;213;365;249_001;solnu;;1480.14;0.76;19.53;8.25;0.0;154.71;0.0;1662.63;0.02
2018;213;365;250_001;solnu;;1637.78;0.74;19.55;9.56;0.0;160.07;0.0;1826.96;0.02
2018;213;365;251_001;solnu;;1597.07;0.73;20.49;9.28;0.0;158.86;0.0;1785.7;0.02
2018;213;365;252_001;solnu;;1527.92;0.84;18.09;8.38;0.0;155.41;0.0;1709.79;0.03
2018;213;365;253_001;solnu;;1597.42;0.84;19.21;8.84;0.0;157.27;0.0;1782.74;0.03
2018;213;365;255_001;solnu;;1637.78;0.74;19.55;9.56;0.0;160.07;0.0;1826.96;0.02
2018;213;365;256_001;solnu;;1597.07;0.73;20.49;9.28;0.0;158.86;0.0;1785.7;0.02
2018;213;365;257_001;solnu;;1466.79;0.76;19.11;8.15;0.0;154.32;0.0;1648.36;0.03
2018;213;365;258_001;solnu;;1480.14;0.76;19.53;8.25;0.0;154.71;0.0;1662.63;0.02
2018;213;365;259_001;solnu;;1466.79;0.76;19.11;8.15;0.0;154.32;0.0;1648.36;0.03
2018;213;365;260_001;solnu;;1480.14;0.76;19.53;8.25;0.0;154.71;0.0;1662.63;0.02
2018;213;365;261_001;solnu;;1480.14;0.76;19.53;8.25;0.0;154.71;0.0;1662.63;0.02
2018;213;365;262_001;solnu;;1480.14;0.76;19.53;8.25;0.0;154.71;0.0;1662.63;0.02
2018;213;365;263_001;solnu;;1480.14;0.76;19.53;8.25;0.0;154.71;0.0;1662.63;0.02
2018;213;365;264_001;solnu;;1480.14;0.76;19.53;8.25;0.0;154.71;0.0;1662.63;0.02
2018;213;365;265_001;solnu;;1466.79;0.76;19.11;8.15;0.0;154.32;0.0;1648.36;0.03
2018;213;365;266_001;solnu;;1480.14;0.76;19.53;8.25;0.0;154.71;0.0;1662.63;0.02
2018;213;365;267_001;solnu;;1527.92;0.84;18.09;8.38;0.0;155.41;0.0;1709.79;0.03
2018;213;365;268_001;solnu;;1597.42;0.84;19.21;8.84;0.0;157.27;0.0;1782.74;0.03
2018;213;365;269_001;solnu;;1527.92;0.84;18.09;8.38;0.0;155.41;0.0;1709.79;0.03
2018;213;365;270_001;solnu;;1597.42;0.84;19.21;8.84;0.0;157.27;0.0;1782.74;0.03
2018;213;365;271_001;solnu;;1527.92;0.84;18.09;8.38;0.0;155.41;0.0;1709.79;0.03
2018;213;365;272_001;solnu;;1597.42;0.84;19.21;8.84;0.0;157.27;0.0;1782.74;0.03
2018;213;365;275_001;solnu;;1597.07;0.73;20.49;9.28;0.0;158.86;0.0;1785.7;0.02
2018;213;365;276_001;solnu;;1466.79;0.76;19.11;8.15;0.0;154.32;0.0;1648.36;0.03
2018;213;365;277_001;solnu;;1480.14;0.76;19.53;8.25;0.0;154.71;0.0;1662.63;0.02
2018;213;365;278_001;solnu;;1466.79;0.76;19.11;8.15;0.0;154.32;0.0;1648.36;0.03
2018;213;365;279_001;solnu;;1480.14;0.76;19.53;8.25;0.0;154.71;0.0;1662.63;0.02
2018;213;365;280_001;solnu;;1466.79;0.76;19.11;8.15;0.0;154.32;0.0;1648.36;0.03
2018;213;365;281_001;solnu;;1480.14;0.76;19.53;8.25;0.0;154.71;0.0;1662.63;0.02
2018;213;365;282_001;solnu;;1756.07;0.79;27.97;10.21;0.0;162.59;0.0;1956.85;0.03
2018;213;365;283_001;solnu;;1642.32;0.8;22.77;9.28;0.0;158.94;0.0;1833.3;0.03
2018;213;365;284_001;solnu;;1527.92;0.84;18.09;8.38;0.0;155.41;0.0;1709.79;0.03
2018;213;365;285_001;solnu;;1597.42;0.84;19.21;8.84;0.0;157.27;0.0;1782.74;0.03
2018;213;365;286_001;solnu;;1480.14;0.76;19.53;8.25;0.0;154.71;0.0;1662.63;0.02
2018;213;365;287_001;solnu;;1466.79;0.76;19.11;8.15;0.0;154.32;0.0;1648.36;0.03
2018;213;365;288_001;solnu;;1480.14;0.76;19.53;8.25;0.0;154.71;0.0;1662.63;0.02
2018;213;365;289_001;solnu;;1466.79;0.76;19.11;8.15;0.0;154.32;0.0;1648.36;0.03
2018;213;365;290_001;solnu;;1480.14;0.76;19.53;8.25;0.0;154.71;0.0;1662.63;0.02
2018;213;365;291_001;solnu;;1637.78;0.74;19.55;9.56;0.0;160.07;0.0;1826.96;0.02
2018;213;365;292_001;solnu;;1597.07;0.73;20.49;9.28;0.0;158.86;0.0;1785.7;0.02
2018;213;365;293_001;solnu;;1637.78;0.74;19.55;9.56;0.0;160.07;0.0;1826.96;0.02
2018;213;365;294_001;solnu;;1597.07;0.73;20.49;9.28;0.0;158.86;0.0;1785.7;0.02
2018;213;365;295_001;solnu;;1597.07;0.73;20.49;9.28;0.0;158.86;0.0;1785.7;0.02
2018;213;365;296_001;solnu;;1597.07;0.73;20.49;9.28;0.0;158.86;0.0;1785.7;0.02
2018;213;365;297_001;solnu;;1637.78;0.74;19.55;9.56;0.0;160.07;0.0;1826.96;0.02
2018;213;365;298_001;solnu;;1597.07;0.73;20.49;9.28;0.0;158.86;0.0;1785.7;0.02
2018;213;365;299_001;solnu;;1466.79;0.76;19.11;8.15;0.0;154.32;0.0;1648.36;0.03
2018;213;365;300_001;solnu;;1480.14;0.76;19.53;8.25;0.0;154.71;0.0;1662.63;0.02
2018;213;365;301_001;solnu;;1466.79;0.76;19.11;8.15;0.0;154.32;0.0;1648.36;0.03
2018;213;365;302_001;solnu;;1480.14;0.76;19.53;8.25;0.0;154.71;0.0;1662.63;0.02
2018;213;365;303_001;solnu;;1466.79;0.76;19.11;8.15;0.0;154.32;0.0;1648.36;0.03
2018;213;365;304_001;solnu;;1480.14;0.76;19.53;8.25;0.0;154.71;0.0;1662.63;0.02
2018;213;365;305_001;solnu;;1527.92;0.84;18.09;8.38;0.0;155.41;0.0;1709.79;0.03
2018;213;365;306_001;solnu;;1597.42;0.84;19.21;8.84;0.0;157.27;0.0;1782.74;0.03
2018;213;365;307_001;solnu;;1480.14;0.76;19.53;8.25;0.0;154.71;0.0;1662.63;0.02
2018;213;365;308_001;solnu;;1466.79;0.76;19.11;8.15;0.0;154.32;0.0;1648.36;0.03
2018;213;365;309_001;solnu;;1480.14;0.76;19.53;8.25;0.0;154.71;0.0;1662.63;0.02
2018;213;365;310_001;solnu;;1637.78;0.74;19.55;9.56;0.0;160.07;0.0;1826.96;0.02
2018;213;365;311_001;solnu;;1597.07;0.73;20.49;9.28;0.0;158.86;0.0;1785.7;0.02
2018;213;365;312_001;solnu;;1637.78;0.74;19.55;9.56;0.0;160.07;0.0;1826.96;0.02
2018;213;365;313_001;solnu;;1597.07;0.73;20.49;9.28;0.0;158.86;0.0;1785.7;0.02
2018;213;365;314_001;solnu;;1637.78;0.74;19.55;9.56;0.0;160.07;0.0;1826.96;0.02
2018;213;365;315_001;solnu;;1597.07;0.73;20.49;9.28;0.0;158.86;0.0;1785.7;0.02
2018;213;365;316_001;solnu;;1466.79;0.76;19.11;8.15;0.0;154.32;0.0;1648.36;0.03
2018;213;365;317_001;solnu;;1480.14;0.76;19.53;8.25;0.0;154.71;0.0;1662.63;0.02
2018;213;365;318_001;solnu;;1466.79;0.76;19.11;8.15;0.0;154.32;0.0;1648.36;0.03
2018;213;365;319_001;solnu;;1480.14;0.76;19.53;8.25;0.0;154.71;0.0;1662.63;0.02
2018;213;365;320_001;solnu;;1466.79;0.76;19.11;8.15;0.0;154.32;0.0;1648.36;0.03
2018;213;365;321_001;solnu;;1480.14;0.76;19.53;8.25;0.0;154.71;0.0;1662.63;0.02
2018;213;365;322_001;solnu;;1480.14;0.76;19.53;8.25;0.0;154.71;0.0;1662.63;0.02
2018;213;365;323_001;solnu;;1466.79;0.76;19.11;8.15;0.0;154.32;0.0;1648.36;0.03
2018;213;365;324_001;solnu;;1480.14;0.76;19.53;8.25;0.0;154.71;0.0;1662.63;0.02
2018;213;365;325_001;solnu;;1597.42;0.84;19.21;8.84;0.0;157.27;0.0;1782.74;0.03
2018;213;365;326_001;solnu;;1597.42;0.84;19.21;8.84;0.0;157.27;0.0;1782.74;0.03
2018;213;365;327_001;solnu;;1480.14;0.76;19.53;8.25;0.0;154.71;0.0;1662.63;0.02
2018;213;365;328_001;solnu;;1637.78;0.74;19.55;9.56;0.0;160.07;0.0;1826.96;0.02
2018;213;365;329_001;solnu;;1597.07;0.73;20.49;9.28;0.0;158.86;0.0;1785.7;0.02
2018;213;365;330_001;solnu;;1597.07;0.73;20.49;9.28;0.0;158.86;0.0;1785.7;0.02
2018;213;365;331_001;solnu;;1466.79;0.76;19.11;8.15;0.0;154.32;0.0;1648.36;0.03
2018;213;365;332_001;solnu;;1480.14;0.76;19.53;8.25;0.0;154.71;0.0;1662.63;0.02
2018;213;365;333_001;solnu;;1466.79;0.76;19.11;8.15;0.0;154.32;0.0;1648.36;0.03
2018;213;365;334_001;solnu;;1480.14;0.76;19.53;8.25;0.0;154.71;0.0;1662.63;0.02
2018;213;365;335_001;solnu;;1466.79;0.76;19.11;8.15;0.0;154.32;0.0;1648.36;0.03
2018;213;365;336_001;solnu;;1480.14;0.76;19.53;8.25;0.0;154.71;0.0;1662.63;0.02
2018;213;365;337_001;solnu;;1466.79;0.76;19.11;8.15;0.0;154.32;0.0;1648.36;0.03
2018;213;365;338_001;solnu;;1480.14;0.76;19.53;8.25;0.0;154.71;0.0;1662.63;0.02
2018;213;365;339_001;solnu;;1466.79;0.76;19.11;8.15;0.0;154.32;0.0;1648.36;0.03
2018;213;365;340_001;solnu;;1480.14;0.76;19.53;8.25;0.0;154.71;0.0;1662.63;0.02
2018;213;365;341_001;solnu;;1756.07;0.79;27.97;10.21;0.0;162.59;0.0;1956.85;0.03
2018;213;365;342_001;solnu;;1642.32;0.8;22.77;9.28;0.0;158.94;0.0;1833.3;0.03
2018;213;365;343_001;solnu;;1597.07;0.73;20.49;9.28;0.0;158.86;0.0;1785.7;0.02
2018;213;365;344_001;solnu;;1637.78;0.74;19.55;9.56;0.0;160.07;0.0;1826.96;0.02
2018;213;365;345_001;solnu;;1597.07;0.73;20.49;9.28;0.0;158.86;0.0;1785.7;0.02
2018;213;365;346_001;solnu;;1527.92;0.84;18.09;8.38;0.0;155.41;0.0;1709.79;0.03
2018;213;365;347_001;solnu;;1597.42;0.84;19.21;8.84;0.0;157.27;0.0;1782.74;0.03
2018;213;365;352_001;solnu;;1597.07;0.73;20.49;9.28;0.0;158.86;0.0;1785.7;0.02
2018;213;365;353_001;solnu;;1466.79;0.76;19.11;8.15;0.0;154.32;0.0;1648.36;0.03
2018;213;365;354_001;solnu;;1480.14;0.76;19.53;8.25;0.0;154.71;0.0;1662.63;0.02
2018;213;365;355_001;solnu;;1637.78;0.74;19.55;9.56;0.0;160.07;0.0;1826.96;0.02
2018;213;365;356_001;solnu;;1597.07;0.73;20.49;9.28;0.0;158.86;0.0;1785.7;0.02
2018;213;365;357_001;solnu;;1480.14;0.76;19.53;8.25;0.0;154.71;0.0;1662.63;0.02
2018;213;365;358_001;solnu;;1466.79;0.76;19.11;8.15;0.0;154.32;0.0;1648.36;0.03
2018;213;365;359_001;solnu;;1480.14;0.76;19.53;8.25;0.0;154.71;0.0;1662.63;0.02
2018;213;365;360_001;solnu;;1637.78;0.74;19.55;9.56;0.0;160.07;0.0;1826.96;0.02
2018;213;365;361_001;solnu;;1597.07;0.73;20.49;9.28;0.0;158.86;0.0;1785.7;0.02
2018;213;365;362_001;solnu;;1466.79;0.76;19.11;8.15;0.0;154.32;0.0;1648.36;0.03
2018;213;365;363_001;solnu;;1480.14;0.76;19.53;8.25;0.0;154.71;0.0;1662.63;0.02
2018;213;365;364_001;solnu;;1637.78;0.74;19.55;9.56;0.0;160.07;0.0;1826.96;0.02
2018;213;365;365_001;solnu;;1597.07;0.73;20.49;9.28;0.0;158.86;0.0;1785.7;0.02
2018;213;365;366_001;solnu;;1466.79;0.76;19.11;8.15;0.0;154.32;0.0;1648.36;0.03
2018;213;365;367_001;solnu;;1480.14;0.76;19.53;8.25;0.0;154.71;0.0;1662.63;0.02
2018;213;365;368_001;solnu;;1466.79;0.76;19.11;8.15;0.0;154.32;0.0;1648.36;0.03
2018;213;365;369_001;solnu;;1480.14;0.76;19.53;8.25;0.0;154.71;0.0;1662.63;0.02
2018;213;365;370_001;solnu;;1527.92;0.84;18.09;8.38;0.0;155.41;0.0;1709.79;0.03
2018;213;365;371_001;solnu;;1597.42;0.84;19.21;8.84;0.0;157.27;0.0;1782.74;0.03
2018;213;365;372_001;solnu;;1637.78;0.74;19.55;9.56;0.0;160.07;0.0;1826.96;0.02
2018;213;365;373_001;solnu;;1597.07;0.73;20.49;9.28;0.0;158.86;0.0;1785.7;0.02
2018;213;365;374_001;solnu;;1756.07;0.79;27.97;10.21;0.0;162.59;0.0;1956.85;0.03
2018;213;365;375_001;solnu;;1642.32;0.8;22.77;9.28;0.0;158.94;0.0;1833.3;0.03
2018;213;365;376_001;solnu;;1597.07;0.73;20.49;9.28;0.0;158.86;0.0;1785.7;0.02
2018;213;365;377_001;solnu;;1480.14;0.76;19.53;8.25;0.0;154.71;0.0;1662.63;0.02
2018;213;365;378_001;solnu;;1466.79;0.76;19.11;8.15;0.0;154.32;0.0;1648.36;0.03
2018;213;365;379_001;solnu;;1480.14;0.76;19.53;8.25;0.0;154.71;0.0;1662.63;0.02
2018;213;365;380_001;solnu;;1637.78;0.74;19.55;9.56;0.0;160.07;0.0;1826.96;0.02
2018;213;365;381_001;solnu;;1597.07;0.73;20.49;9.28;0.0;158.86;0.0;1785.7;0.02
2018;213;365;382_001;solnu;;1466.79;0.76;19.11;8.15;0.0;154.32;0.0;1648.36;0.03
2018;213;365;383_001;solnu;;1480.14;0.76;19.53;8.25;0.0;154.71;0.0;1662.63;0.02
2018;213;365;384_001;solnu;;1466.79;0.76;19.11;8.15;0.0;154.32;0.0;1648.36;0.03
2018;213;365;385_001;solnu;;1480.14;0.76;19.53;8.25;0.0;154.71;0.0;1662.63;0.02
2018;213;365;386_001;solnu;;1466.79;0.76;19.11;8.15;0.0;154.32;0.0;1648.36;0.03
2018;213;365;387_001;solnu;;1480.14;0.76;19.53;8.25;0.0;154.71;0.0;1662.63;0.02
2018;213;365;388_001;solnu;;1480.14;0.76;19.53;8.25;0.0;154.71;0.0;1662.63;0.02
2018;213;365;389_001;solnu;;1466.79;0.76;19.11;8.15;0.0;154.32;0.0;1648.36;0.03
2018;213;365;390_001;solnu;;1480.14;0.76;19.53;8.25;0.0;154.71;0.0;1662.63;0.02
2018;213;365;391_001;solnu;;1642.32;0.8;22.77;9.28;0.0;158.94;0.0;1833.3;0.03
2018;213;365;392_001;solnu;;1527.92;0.84;18.09;8.38;0.0;155.41;0.0;1709.79;0.03
2018;213;365;393_001;solnu;;1597.42;0.84;19.21;8.84;0.0;157.27;0.0;1782.74;0.03
2018;213;365;394_001;solnu;;1480.14;0.76;19.53;8.25;0.0;154.71;0.0;1662.63;0.02
2018;213;365;395_001;solnu;;1637.78;0.74;19.55;9.56;0.0;160.07;0.0;1826.96;0.02
2018;213;365;396_001;solnu;;1597.07;0.73;20.49;9.28;0.0;158.86;0.0;1785.7;0.02
2018;213;365;397_001;solnu;;1480.14;0.76;19.53;8.25;0.0;154.71;0.0;1662.63;0.02
2018;213;365;398_001;solnu;;1637.78;0.74;19.55;9.56;0.0;160.07;0.0;1826.96;0.02
2018;213;365;399_001;solnu;;1597.07;0.73;20.49;9.28;0.0;158.86;0.0;1785.7;0.02
2018;213;365;400_001;solnu;;1466.79;0.76;19.11;8.15;0.0;154.32;0.0;1648.36;0.03
2018;213;365;401_001;solnu;;1480.14;0.76;19.53;8.25;0.0;154.71;0.0;1662.63;0.02
2018;213;365;402_001;solnu;;1466.79;0.76;19.11;8.15;0.0;154.32;0.0;1648.36;0.03
2018;213;365;403_001;solnu;;1480.14;0.76;19.53;8.25;0.0;154.71;0.0;1662.63;0.02
2018;213;365;404_001;solnu;;1527.92;0.84;18.09;8.38;0.0;155.41;0.0;1709.79;0.03
2018;213;365;405_001;solnu;;1597.42;0.84;19.21;8.84;0.0;157.27;0.0;1782.74;0.03
2018;213;365;406_001;solnu;;1527.92;0.84;18.09;8.38;0.0;155.41;0.0;1709.79;0.03
2018;213;365;407_001;solnu;;1597.42;0.84;19.21;8.84;0.0;157.27;0.0;1782.74;0.03
2018;213;365;408_001;solnu;;1480.14;0.76;19.53;8.25;0.0;154.71;0.0;1662.63;0.02
2018;213;365;409_001;solnu;;1466.79;0.76;19.11;8.15;0.0;154.32;0.0;1648.36;0.03
2018;213;365;410_001;solnu;;1480.14;0.76;19.53;8.25;0.0;154.71;0.0;1662.63;0.02
2018;213;365;411_001;solnu;;1480.14;0.76;19.53;8.25;0.0;154.71;0.0;1662.63;0.02
2018;213;365;412_001;solnu;;1597.07;0.73;20.49;9.28;0.0;158.86;0.0;1785.7;0.02
2018;213;365;413_001;solnu;;1597.42;0.84;19.21;8.84;0.0;157.27;0.0;1782.74;0.03
2018;213;365;414_001;solnu;;1527.92;0.84;18.09;8.38;0.0;155.41;0.0;1709.79;0.03
2018;213;365;415_001;solnu;;1597.42;0.84;19.21;8.84;0.0;157.27;0.0;1782.74;0.03
2018;213;365;416_001;solnu;;1637.78;0.74;19.55;9.56;0.0;160.07;0.0;1826.96;0.02
2018;213;365;417_001;solnu;;1597.07;0.73;20.49;9.28;0.0;158.86;0.0;1785.7;0.02
2018;213;365;418_001;solnu;;1637.78;0.74;19.55;9.56;0.0;160.07;0.0;1826.96;0.02
2018;213;365;419_001;solnu;;1597.07;0.73;20.49;9.28;0.0;158.86;0.0;1785.7;0.02
2018;213;365;420_001;solnu;;1466.79;0.76;19.11;8.15;0.0;154.32;0.0;1648.36;0.03
2018;213;365;421_001;solnu;;1480.14;0.76;19.53;8.25;0.0;154.71;0.0;1662.63;0.02
2018;213;365;422_001;solnu;;1480.14;0.76;19.53;8.25;0.0;154.71;0.0;1662.63;0.02
2018;213;365;423_001;solnu;;1527.92;0.84;18.09;8.38;0.0;155.41;0.0;1709.79;0.03
2018;213;365;424_001;solnu;;1597.42;0.84;19.21;8.84;0.0;157.27;0.0;1782.74;0.03
2018;213;365;425_001;solnu;;1466.79;0.76;19.11;8.15;0.0;154.32;0.0;1648.36;0.03
2018;213;365;426_001;solnu;;1480.14;0.76;19.53;8.25;0.0;154.71;0.0;1662.63;0.02
2018;213;365;427_001;solnu;;1480.14;0.76;19.53;8.25;0.0;154.71;0.0;1662.63;0.02
2018;213;365;428_001;solnu;;1480.14;0.76;19.53;8.25;0.0;154.71;0.0;1662.63;0.02
2018;213;365;429_001;solnu;;1527.92;0.84;18.09;8.38;0.0;155.41;0.0;1709.79;0.03
2018;213;365;430_001;solnu;;1597.42;0.84;19.21;8.84;0.0;157.27;0.0;1782.74;0.03
2018;213;365;431_001;solnu;;1637.78;0.74;19.55;9.56;0.0;160.07;0.0;1826.96;0.02
2018;213;365;432_001;solnu;;1597.07;0.73;20.49;9.28;0.0;158.86;0.0;1785.7;0.02
2018;213;365;433_001;solnu;;1637.78;0.74;19.55;9.56;0.0;160.07;0.0;1826.96;0.02
2018;213;365;434_001;solnu;;1597.07;0.73;20.49;9.28;0.0;158.86;0.0;1785.7;0.02
2018;213;365;435_001;solnu;;1637.78;0.74;19.55;9.56;0.0;160.07;0.0;1826.96;0.02
2018;213;365;436_001;solnu;;1597.07;0.73;20.49;9.28;0.0;158.86;0.0;1785.7;0.02
2018;213;365;437_001;solnu;;1466.79;0.76;19.11;8.15;0.0;154.32;0.0;1648.36;0.03
2018;213;365;438_001;solnu;;1480.14;0.76;19.53;8.25;0.0;154.71;0.0;1662.63;0.02
2018;213;365;439_001;solnu;;1527.92;0.84;18.09;8.38;0.0;155.41;0.0;1709.79;0.03
2018;213;365;440_001;solnu;;1597.42;0.84;19.21;8.84;0.0;157.27;0.0;1782.74;0.03
2018;213;365;441_001;solnu;;1527.92;0.84;18.09;8.38;0.0;155.41;0.0;1709.79;0.03
2018;213;365;442_001;solnu;;1597.42;0.84;19.21;8.84;0.0;157.27;0.0;1782.74;0.03
2018;213;365;443_001;solnu;;1527.92;0.84;18.09;8.38;0.0;155.41;0.0;1709.79;0.03
2018;213;365;444_001;solnu;;1597.42;0.84;19.21;8.84;0.0;157.27;0.0;1782.74;0.03
2018;213;365;445_001;solnu;;1597.42;0.84;19.21;8.84;0.0;157.27;0.0;1782.74;0.03
2018;213;365;446_001;solnu;;1527.92;0.84;18.09;8.38;0.0;155.41;0.0;1709.79;0.03
2018;213;365;447_001;solnu;;1597.42;0.84;19.21;8.84;0.0;157.27;0.0;1782.74;0.03
2018;213;365;448_001;solnu;;1637.78;0.74;19.55;9.56;0.0;160.07;0.0;1826.96;0.02
2018;213;365;449_001;solnu;;1597.07;0.73;20.49;9.28;0.0;158.86;0.0;1785.7;0.02
2018;213;365;450_001;solnu;;1637.78;0.74;19.55;9.56;0.0;160.07;0.0;1826.96;0.02
2018;213;365;451_001;solnu;;1597.07;0.73;20.49;9.28;0.0;158.86;0.0;1785.7;0.02
2018;213;365;452_001;solnu;;1597.07;0.73;20.49;9.28;0.0;158.86;0.0;1785.7;0.02
2018;213;365;453_001;solnu;;1480.14;0.76;19.53;8.25;0.0;154.71;0.0;1662.63;0.02
2018;213;365;454_001;solnu;;1466.79;0.76;19.11;8.15;0.0;154.32;0.0;1648.36;0.03
2018;213;365;455_001;solnu;;1480.14;0.76;19.53;8.25;0.0;154.71;0.0;1662.63;0.02
2018;213;365;456_001;solnu;;1466.79;0.76;19.11;8.15;0.0;154.32;0.0;1648.36;0.03
2018;213;365;457_001;solnu;;1480.14;0.76;19.53;8.25;0.0;154.71;0.0;1662.63;0.02
2018;213;365;458_001;solnu;;1466.79;0.76;19.11;8.15;0.0;154.32;0.0;1648.36;0.03
2018;213;365;459_001;solnu;;1480.14;0.76;19.53;8.25;0.0;154.71;0.0;1662.63;0.02
2018;213;365;460_001;solnu;;1527.92;0.84;18.09;8.38;0.0;155.41;0.0;1709.79;0.03
2018;213;365;461_001;solnu;;1597.42;0.84;19.21;8.84;0.0;157.27;0.0;1782.74;0.03
2018;213;365;462_001;solnu;;1527.92;0.84;18.09;8.38;0.0;155.41;0.0;1709.79;0.03
2018;213;365;463_001;solnu;;1597.42;0.84;19.21;8.84;0.0;157.27;0.0;1782.74;0.03
2018;213;365;464_001;solnu;;1597.42;0.84;19.21;8.84;0.0;157.27;0.0;1782.74;0.03
2018;213;365;465_001;solnu;;1466.79;0.76;19.11;8.15;0.0;154.32;0.0;1648.36;0.03
2018;213;365;466_001;solnu;;1480.14;0.76;19.53;8.25;0.0;154.71;0.0;1662.63;0.02
2018;213;365;467_001;solnu;;1466.79;0.76;19.11;8.15;0.0;154.32;0.0;1648.36;0.03
2018;213;365;468_001;solnu;;1480.14;0.76;19.53;8.25;0.0;154.71;0.0;1662.63;0.02
2018;213;365;469_001;solnu;;1637.78;0.74;19.55;9.56;0.0;160.07;0.0;1826.96;0.02
2018;213;365;470_001;solnu;;1597.07;0.73;20.49;9.28;0.0;158.86;0.0;1785.7;0.02
2018;213;365;471_001;solnu;;1466.79;0.76;19.11;8.15;0.0;154.32;0.0;1648.36;0.03
2018;213;365;472_001;solnu;;1480.14;0.76;19.53;8.25;0.0;154.71;0.0;1662.63;0.02
2018;213;365;473_001;solnu;;1480.14;0.76;19.53;8.25;0.0;154.71;0.0;1662.63;0.02
2018;213;365;474_001;solnu;;1597.42;0.84;19.21;8.84;0.0;157.27;0.0;1782.74;0.03
2018;213;365;475_001;solnu;;1527.92;0.84;18.09;8.38;0.0;155.41;0.0;1709.79;0.03
2018;213;365;476_001;solnu;;1597.42;0.84;19.21;8.84;0.0;157.27;0.0;1782.74;0.03
2018;213;365;477_001;solnu;;1466.79;0.76;19.11;8.15;0.0;154.32;0.0;1648.36;0.03
2018;213;365;478_001;solnu;;1480.14;0.76;19.53;8.25;0.0;154.71;0.0;1662.63;0.02
2018;213;365;479_001;solnu;;1466.79;0.76;19.11;8.15;0.0;154.32;0.0;1648.36;0.03
2018;213;365;480_001;solnu;;1480.14;0.76;19.53;8.25;0.0;154.71;0.0;1662.63;0.02
2018;213;365;481_001;solnu;;1466.79;0.76;19.11;8.15;0.0;154.32;0.0;1648.36;0.03
2018;213;365;482_001;solnu;;1480.14;0.76;19.53;8.25;0.0;154.71;0.0;1662.63;0.02
2018;213;365;483_001;solnu;;1637.78;0.74;19.55;9.56;0.0;160.07;0.0;1826.96;0.02
2018;213;365;484_001;solnu;;1597.07;0.73;20.49;9.28;0.0;158.86;0.0;1785.7;0.02
2018;213;365;485_001;solnu;;1637.78;0.74;19.55;9.56;0.0;160.07;0.0;1826.96;0.02
2018;213;365;486_001;solnu;;1597.07;0.73;20.49;9.28;0.0;158.86;0.0;1785.7;0.02
2018;213;365;487_001;solnu;;1466.79;0.76;19.11;8.15;0.0;154.32;0.0;1648.36;0.03
2018;213;365;488_001;solnu;;1480.14;0.76;19.53;8.25;0.0;154.71;0.0;1662.63;0.02
2018;213;365;489_001;solnu;;1480.14;0.76;19.53;8.25;0.0;154.71;0.0;1662.63;0.02
2018;213;365;490_001;solnu;;1480.14;0.76;19.53;8.25;0.0;154.71;0.0;1662.63;0.02
2018;213;365;491_001;solnu;;1480.14;0.76;19.53;8.25;0.0;154.71;0.0;1662.63;0.02
2018;213;365;492_001;solnu;;1466.79;0.76;19.11;8.15;0.0;154.32;0.0;1648.36;0.03
2018;213;365;493_001;solnu;;1480.14;0.76;19.53;8.25;0.0;154.71;0.0;1662.63;0.02
2018;213;365;494_001;solnu;;1480.14;0.76;19.53;8.25;0.0;154.71;0.0;1662.63;0.02
2018;213;365;495_001;solnu;;1597.07;0.73;20.49;9.28;0.0;158.86;0.0;1785.7;0.02
2018;213;365;496_001;solnu;;1597.07;0.73;20.49;9.28;0.0;158.86;0.0;1785.7;0.02
2018;213;365;497_001;solnu;;1637.78;0.74;19.55;9.56;0.0;160.07;0.0;1826.96;0.02
2018;213;365;498_001;solnu;;1597.07;0.73;20.49;9.28;0.0;158.86;0.0;1785.7;0.02
2018;213;365;499_001;solnu;;1637.78;0.74;19.55;9.56;0.0;160.07;0.0;1826.96;0.02
2018;213;365;500_001;solnu;;1597.07;0.73;20.49;9.28;0.0;158.86;0.0;1785.7;0.02
2018;213;365;501_001;solnu;;1527.92;0.84;18.09;8.38;0.0;155.41;0.0;1709.79;0.03
2018;213;365;502_001;solnu;;1597.42;0.84;19.21;8.84;0.0;157.27;0.0;1782.74;0.03
2018;213;365;503_001;solnu;;1466.79;0.76;19.11;8.15;0.0;154.32;0.0;1648.36;0.03
2018;213;365;504_001;solnu;;1480.14;0.76;19.53;8.25;0.0;154.71;0.0;1662.63;0.02
2018;213;365;505_001;solnu;;1480.14;0.76;19.53;8.25;0.0;154.71;0.0;1662.63;0.02
2018;213;365;506_001;solnu;;1466.79;0.76;19.11;8.15;0.0;154.32;0.0;1648.36;0.03
2018;213;365;507_001;solnu;;1480.14;0.76;19.53;8.25;0.0;154.71;0.0;1662.63;0.02
2018;213;365;508_001;solnu;;1466.79;0.76;19.11;8.15;0.0;154.32;0.0;1648.36;0.03
2018;213;365;509_001;solnu;;1480.14;0.76;19.53;8.25;0.0;154.71;0.0;1662.63;0.02
2018;213;365;510_001;solnu;;1466.79;0.76;19.11;8.15;0.0;154.32;0.0;1648.36;0.03
2018;213;365;511_001;solnu;;1480.14;0.76;19.53;8.25;0.0;154.71;0.0;1662.63;0.02
2018;213;365;512_001;solnu;;1466.79;0.76;19.11;8.15;0.0;154.32;0.0;1648.36;0.03
2018;213;365;513_001;solnu;;1480.14;0.76;19.53;8.25;0.0;154.71;0.0;1662.63;0.02
2018;213;365;514_001;solnu;;1466.79;0.76;19.11;8.15;0.0;154.32;0.0;1648.36;0.03
2018;213;365;515_001;solnu;;1480.14;0.76;19.53;8.25;0.0;154.71;0.0;1662.63;0.02
2018;213;365;516_001;solnu;;1527.92;0.84;18.09;8.38;0.0;155.41;0.0;1709.79;0.03
2018;213;365;517_001;solnu;;1597.42;0.84;19.21;8.84;0.0;157.27;0.0;1782.74;0.03
2018;213;365;518_001;solnu;;1637.78;0.74;19.55;9.56;0.0;160.07;0.0;1826.96;0.02
2018;213;365;519_001;solnu;;1597.07;0.73;20.49;9.28;0.0;158.86;0.0;1785.7;0.02
2018;213;365;520_001;solnu;;1597.07;0.73;20.49;9.28;0.0;158.86;0.0;1785.7;0.02
2018;213;365;521_001;solnu;;1597.07;0.73;20.49;9.28;0.0;158.86;0.0;1785.7;0.02
2018;213;365;522_001;solnu;;1637.78;0.74;19.55;9.56;0.0;160.07;0.0;1826.96;0.02
2018;213;365;523_001;solnu;;1597.07;0.73;20.49;9.28;0.0;158.86;0.0;1785.7;0.02
2018;213;365;524_001;solnu;;1637.78;0.74;19.55;9.56;0.0;160.07;0.0;1826.96;0.02
2018;213;365;525_001;solnu;;1597.07;0.73;20.49;9.28;0.0;158.86;0.0;1785.7;0.02
2018;213;365;526_001;solnu;;1466.79;0.76;19.11;8.15;0.0;154.32;0.0;1648.36;0.03
2018;213;365;527_001;solnu;;1480.14;0.76;19.53;8.25;0.0;154.71;0.0;1662.63;0.02
2018;213;365;528_001;solnu;;1466.79;0.76;19.11;8.15;0.0;154.32;0.0;1648.36;0.03
2018;213;365;529_001;solnu;;1480.14;0.76;19.53;8.25;0.0;154.71;0.0;1662.63;0.02
2018;213;365;530_001;solnu;;1466.79;0.76;19.11;8.15;0.0;154.32;0.0;1648.36;0.03
2018;213;365;531_001;solnu;;1480.14;0.76;19.53;8.25;0.0;154.71;0.0;1662.63;0.02
2018;213;365;532_001;solnu;;1466.79;0.76;19.11;8.15;0.0;154.32;0.0;1648.36;0.03
2018;213;365;533_001;solnu;;1480.14;0.76;19.53;8.25;0.0;154.71;0.0;1662.63;0.02
2018;213;365;534_001;solnu;;1597.07;0.73;20.49;9.28;0.0;158.86;0.0;1785.7;0.02
2018;213;365;535_001;solnu;;1466.79;0.76;19.11;8.15;0.0;154.32;0.0;1648.36;0.03
2018;213;365;536_001;solnu;;1480.14;0.76;19.53;8.25;0.0;154.71;0.0;1662.63;0.02
2018;213;365;537_001;solnu;;1466.79;0.76;19.11;8.15;0.0;154.32;0.0;1648.36;0.03
2018;213;365;538_001;solnu;;1480.14;0.76;19.53;8.25;0.0;154.71;0.0;1662.63;0.02
2018;213;365;539_001;solnu;;1466.79;0.76;19.11;8.15;0.0;154.32;0.0;1648.36;0.03
2018;213;365;540_001;solnu;;1480.14;0.76;19.53;8.25;0.0;154.71;0.0;1662.63;0.02
2018;213;365;541_001;solnu;;1466.79;0.76;19.11;8.15;0.0;154.32;0.0;1648.36;0.03
2018;213;365;542_001;solnu;;1480.14;0.76;19.53;8.25;0.0;154.71;0.0;1662.63;0.02
2018;213;365;543_001;solnu;;1527.92;0.84;18.09;8.38;0.0;155.41;0.0;1709.79;0.03
2018;213;365;544_001;solnu;;1597.42;0.84;19.21;8.84;0.0;157.27;0.0;1782.74;0.03
2018;213;365;545_001;solnu;;1756.07;0.79;27.97;10.21;0.0;162.59;0.0;1956.85;0.03
2018;213;365;546_001;solnu;;1642.32;0.8;22.77;9.28;0.0;158.94;0.0;1833.3;0.03
2018;213;365;547_001;solnu;;1642.32;0.8;22.77;9.28;0.0;158.94;0.0;1833.3;0.03
2018;213;365;548_001;solnu;;1466.79;0.76;19.11;8.15;0.0;154.32;0.0;1648.36;0.03
2018;213;365;549_001;solnu;;1480.14;0.76;19.53;8.25;0.0;154.71;0.0;1662.63;0.02
2018;213;365;550_001;solnu;;1466.79;0.76;19.11;8.15;0.0;154.32;0.0;1648.36;0.03
2018;213;365;551_001;solnu;;1480.14;0.76;19.53;8.25;0.0;154.71;0.0;1662.63;0.02
2018;213;365;552_001;solnu;;1466.79;0.76;19.11;8.15;0.0;154.32;0.0;1648.36;0.03
2018;213;365;553_001;solnu;;1480.14;0.76;19.53;8.25;0.0;154.71;0.0;1662.63;0.02
2018;213;365;554_001;solnu;;1466.79;0.76;19.11;8.15;0.0;154.32;0.0;1648.36;0.03
2018;213;365;555_001;solnu;;1480.14;0.76;19.53;8.25;0.0;154.71;0.0;1662.63;0.02
2018;213;365;556_001;solnu;;1527.92;0.84;18.09;8.38;0.0;155.41;0.0;1709.79;0.03
2018;213;365;557_001;solnu;;1597.42;0.84;19.21;8.84;0.0;157.27;0.0;1782.74;0.03
2018;213;365;558_001;solnu;;1466.79;0.76;19.11;8.15;0.0;154.32;0.0;1648.36;0.03
2018;213;365;559_001;solnu;;1480.14;0.76;19.53;8.25;0.0;154.71;0.0;1662.63;0.02
2018;213;365;560_001;solnu;;1480.14;0.76;19.53;8.25;0.0;154.71;0.0;1662.63;0.02
2018;213;365;561_001;solnu;;1466.79;0.76;19.11;8.15;0.0;154.32;0.0;1648.36;0.03
2018;213;365;562_001;solnu;;1480.14;0.76;19.53;8.25;0.0;154.71;0.0;1662.63;0.02
2018;213;365;563_001;solnu;;1466.79;0.76;19.11;8.15;0.0;154.32;0.0;1648.36;0.03
2018;213;365;564_001;solnu;;1480.14;0.76;19.53;8.25;0.0;154.71;0.0;1662.63;0.02
2018;213;365;565_001;solnu;;1466.79;0.76;19.11;8.15;0.0;154.32;0.0;1648.36;0.03
2018;213;365;566_001;solnu;;1480.14;0.76;19.53;8.25;0.0;154.71;0.0;1662.63;0.02
2018;213;365;567_001;solnu;;1466.79;0.76;19.11;8.15;0.0;154.32;0.0;1648.36;0.03
2018;213;365;568_001;solnu;;1480.14;0.76;19.53;8.25;0.0;154.71;0.0;1662.63;0.02
2018;213;365;569_001;solnu;;1466.79;0.76;19.11;8.15;0.0;154.32;0.0;1648.36;0.03
2018;213;365;570_001;solnu;;1480.14;0.76;19.53;8.25;0.0;154.71;0.0;1662.63;0.02
2018;213;365;571_001;solnu;;1756.07;0.79;27.97;10.21;0.0;162.59;0.0;1956.85;0.03
2018;213;365;572_001;solnu;;1642.32;0.8;22.77;9.28;0.0;158.94;0.0;1833.3;0.03
2018;213;365;573_001;solnu;;1642.32;0.8;22.77;9.28;0.0;158.94;0.0;1833.3;0.03
2018;213;365;574_001;solnu;;1756.07;0.79;27.97;10.21;0.0;162.59;0.0;1956.85;0.03
2018;213;365;575_001;solnu;;1642.32;0.8;22.77;9.28;0.0;158.94;0.0;1833.3;0.03
2018;213;365;576_001;solnu;;1756.07;0.79;27.97;10.21;0.0;162.59;0.0;1956.85;0.03
2018;213;365;577_001;solnu;;1642.32;0.8;22.77;9.28;0.0;158.94;0.0;1833.3;0.03
2018;213;365;578_001;solnu;;1756.07;0.79;27.97;10.21;0.0;162.59;0.0;1956.85;0.03
2018;213;365;579_001;solnu;;1642.32;0.8;22.77;9.28;0.0;158.94;0.0;1833.3;0.03
2018;213;365;580_001;solnu;;1637.78;0.74;19.55;9.56;0.0;160.07;0.0;1826.96;0.02
2018;213;365;581_001;solnu;;1597.07;0.73;20.49;9.28;0.0;158.86;0.0;1785.7;0.02
2018;213;365;582_001;solnu;;1597.07;0.73;20.49;9.28;0.0;158.86;0.0;1785.7;0.02
2018;213;365;583_001;solnu;;1527.92;0.84;18.09;8.38;0.0;155.41;0.0;1709.79;0.03
2018;213;365;584_001;solnu;;1597.42;0.84;19.21;8.84;0.0;157.27;0.0;1782.74;0.03
2018;213;365;585_001;solnu;;1527.92;0.84;18.09;8.38;0.0;155.41;0.0;1709.79;0.03
2018;213;365;586_001;solnu;;1597.42;0.84;19.21;8.84;0.0;157.27;0.0;1782.74;0.03
2018;213;365;587_001;solnu;;1466.79;0.76;19.11;8.15;0.0;154.32;0.0;1648.36;0.03
2018;213;365;588_001;solnu;;1480.14;0.76;19.53;8.25;0.0;154.71;0.0;1662.63;0.02
2018;213;365;589_001;solnu;;1466.79;0.76;19.11;8.15;0.0;154.32;0.0;1648.36;0.03
2018;213;365;590_001;solnu;;1480.14;0.76;19.53;8.25;0.0;154.71;0.0;1662.63;0.02
2018;213;365;591_001;solnu;;1466.79;0.76;19.11;8.15;0.0;154.32;0.0;1648.36;0.03
2018;213;365;592_001;solnu;;1480.14;0.76;19.53;8.25;0.0;154.71;0.0;1662.63;0.02
2018;213;365;593_001;solnu;;1466.79;0.76;19.11;8.15;0.0;154.32;0.0;1648.36;0.03
2018;213;365;594_001;solnu;;1480.14;0.76;19.53;8.25;0.0;154.71;0.0;1662.63;0.02
2018;213;365;595_001;solnu;;1466.79;0.76;19.11;8.15;0.0;154.32;0.0;1648.36;0.03
2018;213;365;596_001;solnu;;1480.14;0.76;19.53;8.25;0.0;154.71;0.0;1662.63;0.02
2018;213;365;597_001;solnu;;1480.14;0.76;19.53;8.25;0.0;154.71;0.0;1662.63;0.02
2018;213;365;598_001;solnu;;1642.32;0.8;22.77;9.28;0.0;158.94;0.0;1833.3;0.03
2018;213;365;599_001;solnu;;1527.92;0.84;18.09;8.38;0.0;155.41;0.0;1709.79;0.03
2018;213;365;600_001;solnu;;1597.42;0.84;19.21;8.84;0.0;157.27;0.0;1782.74;0.03
2018;213;365;601_001;solnu;;1466.79;0.76;19.11;8.15;0.0;154.32;0.0;1648.36;0.03
2018;213;365;602_001;solnu;;1480.14;0.76;19.53;8.25;0.0;154.71;0.0;1662.63;0.02
2018;213;365;603_001;solnu;;1466.79;0.76;19.11;8.15;0.0;154.32;0.0;1648.36;0.03
2018;213;365;604_001;solnu;;1480.14;0.76;19.53;8.25;0.0;154.71;0.0;1662.63;0.02
2018;213;365;605_001;solnu;;1466.79;0.76;19.11;8.15;0.0;154.32;0.0;1648.36;0.03
2018;213;365;606_001;solnu;;1480.14;0.76;19.53;8.25;0.0;154.71;0.0;1662.63;0.02
2018;213;365;607_001;solnu;;1637.78;0.74;19.55;9.56;0.0;160.07;0.0;1826.96;0.02
2018;213;365;608_001;solnu;;1597.07;0.73;20.49;9.28;0.0;158.86;0.0;1785.7;0.02
2018;213;365;609_001;solnu;;1756.07;0.79;27.97;10.21;0.0;162.59;0.0;1956.85;0.03
2018;213;365;610_001;solnu;;1642.32;0.8;22.77;9.28;0.0;158.94;0.0;1833.3;0.03
2018;213;365;611_001;solnu;;1637.78;0.74;19.55;9.56;0.0;160.07;0.0;1826.96;0.02
2018;213;365;612_001;solnu;;1597.07;0.73;20.49;9.28;0.0;158.86;0.0;1785.7;0.02
2018;213;365;613_001;solnu;;1597.42;0.84;19.21;8.84;0.0;157.27;0.0;1782.74;0.03
2018;213;365;614_001;solnu;;1466.79;0.76;19.11;8.15;0.0;154.32;0.0;1648.36;0.03
2018;213;365;615_001;solnu;;1480.14;0.76;19.53;8.25;0.0;154.71;0.0;1662.63;0.02
2018;213;365;616_001;solnu;;1466.79;0.76;19.11;8.15;0.0;154.32;0.0;1648.36;0.03
2018;213;365;617_001;solnu;;1480.14;0.76;19.53;8.25;0.0;154.71;0.0;1662.63;0.02
2018;213;365;618_001;solnu;;1466.79;0.76;19.11;8.15;0.0;154.32;0.0;1648.36;0.03
2018;213;365;619_001;solnu;;1480.14;0.76;19.53;8.25;0.0;154.71;0.0;1662.63;0.02
2018;213;365;620_001;solnu;;1466.79;0.76;19.11;8.15;0.0;154.32;0.0;1648.36;0.03
2018;213;365;621_001;solnu;;1480.14;0.76;19.53;8.25;0.0;154.71;0.0;1662.63;0.02
2018;213;365;622_001;solnu;;1466.79;0.76;19.11;8.15;0.0;154.32;0.0;1648.36;0.03
2018;213;365;623_001;solnu;;1480.14;0.76;19.53;8.25;0.0;154.71;0.0;1662.63;0.02
2018;213;365;624_001;solnu;;1466.79;0.76;19.11;8.15;0.0;154.32;0.0;1648.36;0.03
2018;213;365;625_001;solnu;;1480.14;0.76;19.53;8.25;0.0;154.71;0.0;1662.63;0.02
2018;213;365;626_001;solnu;;1466.79;0.76;19.11;8.15;0.0;154.32;0.0;1648.36;0.03
2018;213;365;627_001;solnu;;1480.14;0.76;19.53;8.25;0.0;154.71;0.0;1662.63;0.02
2018;213;365;628_001;solnu;;1466.79;0.76;19.11;8.15;0.0;154.32;0.0;1648.36;0.03
2018;213;365;629_001;solnu;;1480.14;0.76;19.53;8.25;0.0;154.71;0.0;1662.63;0.02
2018;213;365;630_001;solnu;;1466.79;0.76;19.11;8.15;0.0;154.32;0.0;1648.36;0.03
2018;213;365;631_001;solnu;;1480.14;0.76;19.53;8.25;0.0;154.71;0.0;1662.63;0.02
2018;213;365;632_001;solnu;;1756.07;0.79;27.97;10.21;0.0;162.59;0.0;1956.85;0.03
2018;213;365;633_001;solnu;;1642.32;0.8;22.77;9.28;0.0;158.94;0.0;1833.3;0.03
2018;213;365;634_001;solnu;;1466.79;0.76;19.11;8.15;0.0;154.32;0.0;1648.36;0.03
2018;213;365;635_001;solnu;;1480.14;0.76;19.53;8.25;0.0;154.71;0.0;1662.63;0.02
2018;213;365;636_001;solnu;;1466.79;0.76;19.11;8.15;0.0;154.32;0.0;1648.36;0.03
2018;213;365;637_001;solnu;;1480.14;0.76;19.53;8.25;0.0;154.71;0.0;1662.63;0.02
2018;213;365;638_001;solnu;;1466.79;0.76;19.11;8.15;0.0;154.32;0.0;1648.36;0.03
2018;213;365;639_001;solnu;;1480.14;0.76;19.53;8.25;0.0;154.71;0.0;1662.63;0.02
2018;213;365;640_001;solnu;;1527.92;0.84;18.09;8.38;0.0;155.41;0.0;1709.79;0.03
2018;213;365;641_001;solnu;;1597.42;0.84;19.21;8.84;0.0;157.27;0.0;1782.74;0.03
2018;213;365;642_001;solnu;;1527.92;0.84;18.09;8.38;0.0;155.41;0.0;1709.79;0.03
2018;213;365;643_001;solnu;;1597.42;0.84;19.21;8.84;0.0;157.27;0.0;1782.74;0.03
2018;213;365;644_001;solnu;;1637.78;0.74;19.55;9.56;0.0;160.07;0.0;1826.96;0.02
2018;213;365;645_001;solnu;;1597.07;0.73;20.49;9.28;0.0;158.86;0.0;1785.7;0.02
2018;213;365;646_001;solnu;;1756.07;0.79;27.97;10.21;0.0;162.59;0.0;1956.85;0.03
2018;213;365;647_001;solnu;;1642.32;0.8;22.77;9.28;0.0;158.94;0.0;1833.3;0.03
2018;213;365;648_001;solnu;;1637.78;0.74;19.55;9.56;0.0;160.07;0.0;1826.96;0.02
2018;213;365;649_001;solnu;;1597.07;0.73;20.49;9.28;0.0;158.86;0.0;1785.7;0.02
2018;213;365;650_001;solnu;;1480.14;0.76;19.53;8.25;0.0;154.71;0.0;1662.63;0.02
2018;213;365;651_001;solnu;;1466.79;0.76;19.11;8.15;0.0;154.32;0.0;1648.36;0.03
2018;213;365;652_001;solnu;;1480.14;0.76;19.53;8.25;0.0;154.71;0.0;1662.63;0.02
2018;213;365;653_001;solnu;;1597.07;0.73;20.49;9.28;0.0;158.86;0.0;1785.7;0.02
2018;213;365;654_001;solnu;;1597.07;0.73;20.49;9.28;0.0;158.86;0.0;1785.7;0.02
2018;213;365;655_001;solnu;;1466.79;0.76;19.11;8.15;0.0;154.32;0.0;1648.36;0.03
2018;213;365;656_001;solnu;;1480.14;0.76;19.53;8.25;0.0;154.71;0.0;1662.63;0.02
2018;213;365;657_001;solnu;;1466.79;0.76;19.11;8.15;0.0;154.32;0.0;1648.36;0.03
2018;213;365;658_001;solnu;;1480.14;0.76;19.53;8.25;0.0;154.71;0.0;1662.63;0.02
2018;213;365;659_001;solnu;;1466.79;0.76;19.11;8.15;0.0;154.32;0.0;1648.36;0.03
2018;213;365;660_001;solnu;;1480.14;0.76;19.53;8.25;0.0;154.71;0.0;1662.63;0.02
2018;213;365;661_001;solnu;;1466.79;0.76;19.11;8.15;0.0;154.32;0.0;1648.36;0.03
2018;213;365;662_001;solnu;;1480.14;0.76;19.53;8.25;0.0;154.71;0.0;1662.63;0.02
2018;213;365;663_001;solnu;;1480.14;0.76;19.53;8.25;0.0;154.71;0.0;1662.63;0.02
2018;213;365;664_001;solnu;;1466.79;0.76;19.11;8.15;0.0;154.32;0.0;1648.36;0.03
2018;213;365;665_001;solnu;;1480.14;0.76;19.53;8.25;0.0;154.71;0.0;1662.63;0.02
2018;213;365;666_001;solnu;;1637.78;0.74;19.55;9.56;0.0;160.07;0.0;1826.96;0.02
2018;213;365;667_001;solnu;;1597.07;0.73;20.49;9.28;0.0;158.86;0.0;1785.7;0.02
2018;213;365;668_001;solnu;;1637.78;0.74;19.55;9.56;0.0;160.07;0.0;1826.96;0.02
2018;213;365;669_001;solnu;;1597.07;0.73;20.49;9.28;0.0;158.86;0.0;1785.7;0.02
2018;213;365;670_001;solnu;;1756.07;0.79;27.97;10.21;0.0;162.59;0.0;1956.85;0.03
2018;213;365;671_001;solnu;;1642.32;0.8;22.77;9.28;0.0;158.94;0.0;1833.3;0.03
2018;213;365;672_001;solnu;;1466.79;0.76;19.11;8.15;0.0;154.32;0.0;1648.36;0.03
2018;213;365;673_001;solnu;;1480.14;0.76;19.53;8.25;0.0;154.71;0.0;1662.63;0.02
2018;213;365;674_001;solnu;;1466.79;0.76;19.11;8.15;0.0;154.32;0.0;1648.36;0.03
2018;213;365;675_001;solnu;;1480.14;0.76;19.53;8.25;0.0;154.71;0.0;1662.63;0.02
2018;213;365;676_001;solnu;;1466.79;0.76;19.11;8.15;0.0;154.32;0.0;1648.36;0.03
2018;213;365;677_001;solnu;;1480.14;0.76;19.53;8.25;0.0;154.71;0.0;1662.63;0.02
2018;213;365;678_001;solnu;;1480.14;0.76;19.53;8.25;0.0;154.71;0.0;1662.63;0.02
2018;213;365;679_001;solnu;;1466.79;0.76;19.11;8.15;0.0;154.32;0.0;1648.36;0.03
2018;213;365;680_001;solnu;;1480.14;0.76;19.53;8.25;0.0;154.71;0.0;1662.63;0.02
2018;213;365;681_001;solnu;;1527.92;0.84;18.09;8.38;0.0;155.41;0.0;1709.79;0.03
2018;213;365;682_001;solnu;;1597.42;0.84;19.21;8.84;0.0;157.27;0.0;1782.74;0.03
2018;213;365;683_001;solnu;;1527.92;0.84;18.09;8.38;0.0;155.41;0.0;1709.79;0.03
2018;213;365;684_001;solnu;;1597.42;0.84;19.21;8.84;0.0;157.27;0.0;1782.74;0.03
2018;213;365;685_001;solnu;;1466.79;0.76;19.11;8.15;0.0;154.32;0.0;1648.36;0.03
2018;213;365;686_001;solnu;;1480.14;0.76;19.53;8.25;0.0;154.71;0.0;1662.63;0.02
2018;213;365;687_001;solnu;;1466.79;0.76;19.11;8.15;0.0;154.32;0.0;1648.36;0.03
2018;213;365;688_001;solnu;;1480.14;0.76;19.53;8.25;0.0;154.71;0.0;1662.63;0.02
2018;213;365;689_001;solnu;;1466.79;0.76;19.11;8.15;0.0;154.32;0.0;1648.36;0.03
2018;213;365;690_001;solnu;;1480.14;0.76;19.53;8.25;0.0;154.71;0.0;1662.63;0.02
2018;213;365;691_001;solnu;;1466.79;0.76;19.11;8.15;0.0;154.32;0.0;1648.36;0.03
2018;213;365;692_001;solnu;;1480.14;0.76;19.53;8.25;0.0;154.71;0.0;1662.63;0.02
2018;213;365;693_001;solnu;;1466.79;0.76;19.11;8.15;0.0;154.32;0.0;1648.36;0.03
2018;213;365;694_001;solnu;;1480.14;0.76;19.53;8.25;0.0;154.71;0.0;1662.63;0.02
2018;213;365;695_001;solnu;;1480.14;0.76;19.53;8.25;0.0;154.71;0.0;1662.63;0.02
2018;213;365;696_001;solnu;;1466.79;0.76;19.11;8.15;0.0;154.32;0.0;1648.36;0.03
2018;213;365;697_001;solnu;;1480.14;0.76;19.53;8.25;0.0;154.71;0.0;1662.63;0.02
2018;213;365;698_001;solnu;;1466.79;0.76;19.11;8.15;0.0;154.32;0.0;1648.36;0.03
2018;213;365;699_001;solnu;;1480.14;0.76;19.53;8.25;0.0;154.71;0.0;1662.63;0.02
2018;213;365;700_001;solnu;;1637.78;0.74;19.55;9.56;0.0;160.07;0.0;1826.96;0.02
2018;213;365;701_001;solnu;;1597.07;0.73;20.49;9.28;0.0;158.86;0.0;1785.7;0.02
2018;213;365;702_001;solnu;;1466.79;0.76;19.11;8.15;0.0;154.32;0.0;1648.36;0.03
2018;213;365;703_001;solnu;;1480.14;0.76;19.53;8.25;0.0;154.71;0.0;1662.63;0.02
2018;213;365;704_001;solnu;;1466.79;0.76;19.11;8.15;0.0;154.32;0.0;1648.36;0.03
2018;213;365;705_001;solnu;;1480.14;0.76;19.53;8.25;0.0;154.71;0.0;1662.63;0.02
2018;213;365;706_001;solnu;;1597.07;0.73;20.49;9.28;0.0;158.86;0.0;1785.7;0.02
2018;213;365;707_001;solnu;;1637.78;0.74;19.55;9.56;0.0;160.07;0.0;1826.96;0.02
2018;213;365;708_001;solnu;;1597.07;0.73;20.49;9.28;0.0;158.86;0.0;1785.7;0.02
2018;213;365;709_001;solnu;;1637.78;0.74;19.55;9.56;0.0;160.07;0.0;1826.96;0.02
2018;213;365;710_001;solnu;;1597.07;0.73;20.49;9.28;0.0;158.86;0.0;1785.7;0.02
2018;213;365;711_001;solnu;;1466.79;0.76;19.11;8.15;0.0;154.32;0.0;1648.36;0.03
2018;213;365;712_001;solnu;;1480.14;0.76;19.53;8.25;0.0;154.71;0.0;1662.63;0.02
2018;213;365;713_001;solnu;;1466.79;0.76;19.11;8.15;0.0;154.32;0.0;1648.36;0.03
2018;213;365;714_001;solnu;;1480.14;0.76;19.53;8.25;0.0;154.71;0.0;1662.63;0.02
2018;213;365;715_001;solnu;;1466.79;0.76;19.11;8.15;0.0;154.32;0.0;1648.36;0.03
2018;213;365;716_001;solnu;;1480.14;0.76;19.53;8.25;0.0;154.71;0.0;1662.63;0.02
2018;213;365;717_001;solnu;;1466.79;0.76;19.11;8.15;0.0;154.32;0.0;1648.36;0.03
2018;213;365;718_001;solnu;;1480.14;0.76;19.53;8.25;0.0;154.71;0.0;1662.63;0.02
2018;213;365;719_001;solnu;;1466.79;0.76;19.11;8.15;0.0;154.32;0.0;1648.36;0.03
2018;213;365;720_001;solnu;;1480.14;0.76;19.53;8.25;0.0;154.71;0.0;1662.63;0.02
2018;213;365;721_001;solnu;;1637.78;0.74;19.55;9.56;0.0;160.07;0.0;1826.96;0.02
2018;213;365;722_001;solnu;;1597.07;0.73;20.49;9.28;0.0;158.86;0.0;1785.7;0.02
2018;213;365;723_001;solnu;;1637.78;0.74;19.55;9.56;0.0;160.07;0.0;1826.96;0.02
2018;213;365;724_001;solnu;;1597.07;0.73;20.49;9.28;0.0;158.86;0.0;1785.7;0.02
2018;213;365;725_001;solnu;;1466.79;0.76;19.11;8.15;0.0;154.32;0.0;1648.36;0.03
2018;213;365;726_001;solnu;;1480.14;0.76;19.53;8.25;0.0;154.71;0.0;1662.63;0.02
2018;213;365;727_001;solnu;;1466.79;0.76;19.11;8.15;0.0;154.32;0.0;1648.36;0.03
2018;213;365;728_001;solnu;;1480.14;0.76;19.53;8.25;0.0;154.71;0.0;1662.63;0.02
2018;213;365;729_001;solnu;;1527.92;0.84;18.09;8.38;0.0;155.41;0.0;1709.79;0.03
2018;213;365;730_001;solnu;;1597.42;0.84;19.21;8.84;0.0;157.27;0.0;1782.74;0.03
2018;213;365;731_001;solnu;;1480.14;0.76;19.53;8.25;0.0;154.71;0.0;1662.63;0.02
2018;213;365;732_001;solnu;;1527.92;0.84;18.09;8.38;0.0;155.41;0.0;1709.79;0.03
2018;213;365;733_001;solnu;;1597.42;0.84;19.21;8.84;0.0;157.27;0.0;1782.74;0.03
2018;213;365;734_001;solnu;;1466.79;0.76;19.11;8.15;0.0;154.32;0.0;1648.36;0.03
2018;213;365;735_001;solnu;;1480.14;0.76;19.53;8.25;0.0;154.71;0.0;1662.63;0.02
2018;213;365;736_001;solnu;;1480.14;0.76;19.53;8.25;0.0;154.71;0.0;1662.63;0.02
2018;213;365;737_001;solnu;;1527.92;0.84;18.09;8.38;0.0;155.41;0.0;1709.79;0.03
2018;213;365;738_001;solnu;;1597.42;0.84;19.21;8.84;0.0;157.27;0.0;1782.74;0.03
2018;213;365;739_001;solnu;;1466.79;0.76;19.11;8.15;0.0;154.32;0.0;1648.36;0.03
2018;213;365;740_001;solnu;;1480.14;0.76;19.53;8.25;0.0;154.71;0.0;1662.63;0.02
2018;213;365;741_001;solnu;;1466.79;0.76;19.11;8.15;0.0;154.32;0.0;1648.36;0.03
2018;213;365;742_001;solnu;;1480.14;0.76;19.53;8.25;0.0;154.71;0.0;1662.63;0.02
2018;213;365;743_001;solnu;;1480.14;0.76;19.53;8.25;0.0;154.71;0.0;1662.63;0.02
2018;213;365;744_001;solnu;;1466.79;0.76;19.11;8.15;0.0;154.32;0.0;1648.36;0.03
2018;213;365;745_001;solnu;;1480.14;0.76;19.53;8.25;0.0;154.71;0.0;1662.63;0.02
2018;213;365;746_001;solnu;;1527.92;0.84;18.09;8.38;0.0;155.41;0.0;1709.79;0.03
2018;213;365;747_001;solnu;;1597.42;0.84;19.21;8.84;0.0;157.27;0.0;1782.74;0.03
2018;213;365;748_001;solnu;;1527.92;0.84;18.09;8.38;0.0;155.41;0.0;1709.79;0.03
2018;213;365;749_001;solnu;;1597.42;0.84;19.21;8.84;0.0;157.27;0.0;1782.74;0.03
2019;1;151;1_001;solnu;;468.49;0.84;0.0;2.58;0.0;0.0;0.0;471.07;0.03
2019;152;258;1_001;mil;mil_precarachide;890.82;0.83;6.1;4.95;0.0;117.47;0.0;1019.33;0.03
2019;259;365;1_001;solnu;;530.8;0.82;0.0;2.45;0.0;7.82;0.0;541.07;0.03
2019;1;151;2_001;solnu;;488.72;0.83;0.0;2.71;0.0;0.0;0.0;491.44;0.03
2019;152;258;2_001;mil;mil_precarachide;925.24;0.82;7.92;5.19;0.0;125.63;0.0;1063.97;0.03
2019;259;365;2_001;solnu;;566.18;0.82;0.0;2.69;0.0;8.24;0.0;577.1;0.03
2019;1;151;3_001;solnu;;498.35;0.73;0.0;2.92;0.0;0.0;0.0;501.27;0.02
2019;152;258;3_001;mil;mil_precarachide;933.29;0.72;8.21;5.52;0.0;137.15;0.0;1084.17;0.02
2019;259;365;3_001;solnu;;550.03;0.72;0.0;2.98;0.0;6.03;0.0;559.04;0.02
2019;1;151;4_001;solnu;;480.61;0.73;0.0;2.8;0.0;0.0;0.0;483.41;0.02
2019;152;258;4_001;mil;mil_precarachide;904.58;0.72;9.41;5.32;0.0;131.37;0.0;1050.68;0.02
2019;259;365;4_001;solnu;;545.4;0.71;0.0;2.67;0.0;8.54;0.0;556.61;0.02
2019;1;151;5_001;solnu;;450.01;0.76;0.0;2.51;0.0;0.0;0.0;452.52;0.03
2019;152;258;5_001;mil;mil_precarachide;845.28;0.75;7.19;4.76;0.0;112.73;0.0;969.96;0.02
2019;259;365;5_001;solnu;;486.26;0.74;0.0;2.31;0.0;7.41;0.0;495.98;0.02
2019;1;151;6_001;solnu;;451.2;0.75;0.0;2.52;0.0;0.0;0.0;453.72;0.02
2019;152;258;6_001;mil;mil_precarachide;848.71;0.74;7.85;4.79;0.0;114.14;0.0;975.49;0.02
2019;259;365;6_001;solnu;;492.36;0.74;0.0;2.34;0.0;7.47;0.0;502.17;0.02
2019;1;151;7_001;solnu;;450.01;0.76;0.0;2.51;0.0;0.0;0.0;452.52;0.03
2019;152;258;7_001;mil;mil_precarachide;845.28;0.75;7.19;4.76;0.0;112.73;0.0;969.96;0.02
2019;259;365;7_001;solnu;;486.26;0.74;0.0;2.31;0.0;7.41;0.0;495.98;0.02
2019;1;151;8_001;solnu;;451.2;0.75;0.0;2.52;0.0;0.0;0.0;453.72;0.02
2019;152;258;8_001;mil;mil_precarachide;848.71;0.74;7.85;4.79;0.0;114.14;0.0;975.49;0.02
2019;259;365;8_001;solnu;;492.36;0.74;0.0;2.34;0.0;7.47;0.0;502.17;0.02
2019;1;151;9_001;solnu;;451.2;0.75;0.0;2.52;0.0;0.0;0.0;453.72;0.02
2019;152;258;9_001;mil;mil_precarachide;848.71;0.74;7.85;4.79;0.0;114.14;0.0;975.49;0.02
2019;259;365;9_001;solnu;;492.36;0.74;0.0;2.34;0.0;7.47;0.0;502.17;0.02
2019;1;151;10_001;solnu;;451.2;0.75;0.0;2.52;0.0;0.0;0.0;453.72;0.02
2019;152;258;10_001;mil;mil_precarachide;848.71;0.74;7.85;4.79;0.0;114.14;0.0;975.49;0.02
2019;259;365;10_001;solnu;;492.36;0.74;0.0;2.34;0.0;7.47;0.0;502.17;0.02
2019;1;151;11_001;solnu;;450.01;0.76;0.0;2.51;0.0;0.0;0.0;452.52;0.03
2019;152;258;11_001;mil;mil_precarachide;845.28;0.75;7.19;4.76;0.0;112.73;0.0;969.96;0.02
2019;259;365;11_001;solnu;;486.26;0.74;0.0;2.31;0.0;7.41;0.0;495.98;0.02
2019;1;151;12_001;solnu;;451.2;0.75;0.0;2.52;0.0;0.0;0.0;453.72;0.02
2019;152;258;12_001;mil;mil_precarachide;848.71;0.74;7.85;4.79;0.0;114.14;0.0;975.49;0.02
2019;259;365;12_001;solnu;;492.36;0.74;0.0;2.34;0.0;7.47;0.0;502.17;0.02
2019;1;151;13_001;solnu;;450.01;0.76;0.0;2.51;0.0;0.0;0.0;452.52;0.03
2019;152;258;13_001;mil;mil_precarachide;845.28;0.75;7.19;4.76;0.0;112.73;0.0;969.96;0.02
2019;259;365;13_001;solnu;;486.26;0.74;0.0;2.31;0.0;7.41;0.0;495.98;0.02
2019;1;151;14_001;solnu;;451.2;0.75;0.0;2.52;0.0;0.0;0.0;453.72;0.02
2019;152;258;14_001;mil;mil_precarachide;848.71;0.74;7.85;4.79;0.0;114.14;0.0;975.49;0.02
2019;259;365;14_001;solnu;;492.36;0.74;0.0;2.34;0.0;7.47;0.0;502.17;0.02
2019;1;151;15_001;solnu;;451.2;0.75;0.0;2.52;0.0;0.0;0.0;453.72;0.02
2019;152;258;15_001;mil;mil_precarachide;848.71;0.74;7.85;4.79;0.0;114.14;0.0;975.49;0.02
2019;259;365;15_001;solnu;;492.36;0.74;0.0;2.34;0.0;7.47;0.0;502.17;0.02
2019;1;151;16_001;solnu;;450.01;0.76;0.0;2.51;0.0;0.0;0.0;452.52;0.03
2019;152;258;16_001;mil;mil_precarachide;845.28;0.75;7.19;4.76;0.0;112.73;0.0;969.96;0.02
2019;259;365;16_001;solnu;;486.26;0.74;0.0;2.31;0.0;7.41;0.0;495.98;0.02
2019;1;151;17_001;solnu;;451.2;0.75;0.0;2.52;0.0;0.0;0.0;453.72;0.02
2019;152;258;17_001;mil;mil_precarachide;848.71;0.74;7.85;4.79;0.0;114.14;0.0;975.49;0.02
2019;259;365;17_001;solnu;;492.36;0.74;0.0;2.34;0.0;7.47;0.0;502.17;0.02
2019;1;151;19_001;solnu;;468.49;0.84;0.0;2.58;0.0;0.0;0.0;471.07;0.03
2019;152;258;19_001;mil;mil_precarachide;890.82;0.83;6.1;4.95;0.0;117.47;0.0;1019.33;0.03
2019;259;365;19_001;solnu;;530.8;0.82;0.0;2.45;0.0;7.82;0.0;541.07;0.03
2019;1;151;20_001;solnu;;488.72;0.83;0.0;2.71;0.0;0.0;0.0;491.44;0.03
2019;152;258;20_001;mil;mil_precarachide;925.24;0.82;7.92;5.19;0.0;125.63;0.0;1063.97;0.03
2019;259;365;20_001;solnu;;566.18;0.82;0.0;2.69;0.0;8.24;0.0;577.1;0.03
2019;1;151;21_001;solnu;;450.01;0.76;0.0;2.51;0.0;0.0;0.0;452.52;0.03
2019;152;258;21_001;mil;mil_precarachide;845.28;0.75;7.19;4.76;0.0;112.73;0.0;969.96;0.02
2019;259;365;21_001;solnu;;486.26;0.74;0.0;2.31;0.0;7.41;0.0;495.98;0.02
2019;1;151;22_001;solnu;;451.2;0.75;0.0;2.52;0.0;0.0;0.0;453.72;0.02
2019;152;258;22_001;mil;mil_precarachide;848.71;0.74;7.85;4.79;0.0;114.14;0.0;975.49;0.02
2019;259;365;22_001;solnu;;492.36;0.74;0.0;2.34;0.0;7.47;0.0;502.17;0.02
2019;1;151;23_001;solnu;;450.01;0.76;0.0;2.51;0.0;0.0;0.0;452.52;0.03
2019;152;258;23_001;mil;mil_precarachide;845.28;0.75;7.19;4.76;0.0;112.73;0.0;969.96;0.02
2019;259;365;23_001;solnu;;486.26;0.74;0.0;2.31;0.0;7.41;0.0;495.98;0.02
2019;1;151;24_001;solnu;;451.2;0.75;0.0;2.52;0.0;0.0;0.0;453.72;0.02
2019;152;258;24_001;mil;mil_precarachide;848.71;0.74;7.85;4.79;0.0;114.14;0.0;975.49;0.02
2019;259;365;24_001;solnu;;492.36;0.74;0.0;2.34;0.0;7.47;0.0;502.17;0.02
2019;1;151;25_001;solnu;;468.49;0.84;0.0;2.58;0.0;0.0;0.0;471.07;0.03
2019;152;258;25_001;mil;mil_precarachide;890.82;0.83;6.1;4.95;0.0;117.47;0.0;1019.33;0.03
2019;259;365;25_001;solnu;;530.8;0.82;0.0;2.45;0.0;7.82;0.0;541.07;0.03
2019;1;151;26_001;solnu;;488.72;0.83;0.0;2.71;0.0;0.0;0.0;491.44;0.03
2019;152;258;26_001;mil;mil_precarachide;925.24;0.82;7.92;5.19;0.0;125.63;0.0;1063.97;0.03
2019;259;365;26_001;solnu;;566.18;0.82;0.0;2.69;0.0;8.24;0.0;577.1;0.03
2019;1;151;27_001;solnu;;451.2;0.75;0.0;2.52;0.0;0.0;0.0;453.72;0.02
2019;152;258;27_001;mil;mil_precarachide;848.71;0.74;7.85;4.79;0.0;114.14;0.0;975.49;0.02
2019;259;365;27_001;solnu;;492.36;0.74;0.0;2.34;0.0;7.47;0.0;502.17;0.02
2019;1;151;28_001;solnu;;450.01;0.76;0.0;2.51;0.0;0.0;0.0;452.52;0.03
2019;152;258;28_001;mil;mil_precarachide;845.28;0.75;7.19;4.76;0.0;112.73;0.0;969.96;0.02
2019;259;365;28_001;solnu;;486.26;0.74;0.0;2.31;0.0;7.41;0.0;495.98;0.02
2019;1;151;29_001;solnu;;451.2;0.75;0.0;2.52;0.0;0.0;0.0;453.72;0.02
2019;152;258;29_001;mil;mil_precarachide;848.71;0.74;7.85;4.79;0.0;114.14;0.0;975.49;0.02
2019;259;365;29_001;solnu;;492.36;0.74;0.0;2.34;0.0;7.47;0.0;502.17;0.02
2019;1;151;30_001;solnu;;450.01;0.76;0.0;2.51;0.0;0.0;0.0;452.52;0.03
2019;152;258;30_001;mil;mil_precarachide;845.28;0.75;7.19;4.76;0.0;112.73;0.0;969.96;0.02
2019;259;365;30_001;solnu;;486.26;0.74;0.0;2.31;0.0;7.41;0.0;495.98;0.02
2019;1;151;31_001;solnu;;451.2;0.75;0.0;2.52;0.0;0.0;0.0;453.72;0.02
2019;152;258;31_001;mil;mil_precarachide;848.71;0.74;7.85;4.79;0.0;114.14;0.0;975.49;0.02
2019;259;365;31_001;solnu;;492.36;0.74;0.0;2.34;0.0;7.47;0.0;502.17;0.02
2019;1;151;32_001;solnu;;450.01;0.76;0.0;2.51;0.0;0.0;0.0;452.52;0.03
2019;152;258;32_001;mil;mil_precarachide;845.28;0.75;7.19;4.76;0.0;112.73;0.0;969.96;0.02
2019;259;365;32_001;solnu;;486.26;0.74;0.0;2.31;0.0;7.41;0.0;495.98;0.02
2019;1;151;33_001;solnu;;451.2;0.75;0.0;2.52;0.0;0.0;0.0;453.72;0.02
2019;152;258;33_001;mil;mil_precarachide;848.71;0.74;7.85;4.79;0.0;114.14;0.0;975.49;0.02
2019;259;365;33_001;solnu;;492.36;0.74;0.0;2.34;0.0;7.47;0.0;502.17;0.02
2019;1;151;34_001;solnu;;450.01;0.76;0.0;2.51;0.0;0.0;0.0;452.52;0.03
2019;152;258;34_001;mil;mil_precarachide;845.28;0.75;7.19;4.76;0.0;112.73;0.0;969.96;0.02
2019;259;365;34_001;solnu;;486.26;0.74;0.0;2.31;0.0;7.41;0.0;495.98;0.02
2019;1;151;35_001;solnu;;451.2;0.75;0.0;2.52;0.0;0.0;0.0;453.72;0.02
2019;152;258;35_001;mil;mil_precarachide;848.71;0.74;7.85;4.79;0.0;114.14;0.0;975.49;0.02
2019;259;365;35_001;solnu;;492.36;0.74;0.0;2.34;0.0;7.47;0.0;502.17;0.02
2019;1;151;36_001;solnu;;450.01;0.76;0.0;2.51;0.0;0.0;0.0;452.52;0.03
2019;152;258;36_001;mil;mil_precarachide;845.28;0.75;7.19;4.76;0.0;112.73;0.0;969.96;0.02
2019;259;365;36_001;solnu;;486.26;0.74;0.0;2.31;0.0;7.41;0.0;495.98;0.02
2019;1;151;37_001;solnu;;451.2;0.75;0.0;2.52;0.0;0.0;0.0;453.72;0.02
2019;152;258;37_001;mil;mil_precarachide;848.71;0.74;7.85;4.79;0.0;114.14;0.0;975.49;0.02
2019;259;365;37_001;solnu;;492.36;0.74;0.0;2.34;0.0;7.47;0.0;502.17;0.02
2019;1;151;38_001;solnu;;450.01;0.76;0.0;2.51;0.0;0.0;0.0;452.52;0.03
2019;152;258;38_001;mil;mil_precarachide;845.28;0.75;7.19;4.76;0.0;112.73;0.0;969.96;0.02
2019;259;365;38_001;solnu;;486.26;0.74;0.0;2.31;0.0;7.41;0.0;495.98;0.02
2019;1;151;39_001;solnu;;451.2;0.75;0.0;2.52;0.0;0.0;0.0;453.72;0.02
2019;152;258;39_001;mil;mil_precarachide;848.71;0.74;7.85;4.79;0.0;114.14;0.0;975.49;0.02
2019;259;365;39_001;solnu;;492.36;0.74;0.0;2.34;0.0;7.47;0.0;502.17;0.02
2019;1;151;40_001;solnu;;450.01;0.76;0.0;2.51;0.0;0.0;0.0;452.52;0.03
2019;152;258;40_001;mil;mil_precarachide;845.28;0.75;7.19;4.76;0.0;112.73;0.0;969.96;0.02
2019;259;365;40_001;solnu;;486.26;0.74;0.0;2.31;0.0;7.41;0.0;495.98;0.02
2019;1;151;41_001;solnu;;451.2;0.75;0.0;2.52;0.0;0.0;0.0;453.72;0.02
2019;152;258;41_001;mil;mil_precarachide;848.71;0.74;7.85;4.79;0.0;114.14;0.0;975.49;0.02
2019;259;365;41_001;solnu;;492.36;0.74;0.0;2.34;0.0;7.47;0.0;502.17;0.02
2019;1;151;42_001;solnu;;498.35;0.73;0.0;2.92;0.0;0.0;0.0;501.27;0.02
2019;152;258;42_001;mil;mil_precarachide;933.29;0.72;8.21;5.52;0.0;137.15;0.0;1084.17;0.02
2019;259;365;42_001;solnu;;550.03;0.72;0.0;2.98;0.0;6.03;0.0;559.04;0.02
2019;1;151;43_001;solnu;;480.61;0.73;0.0;2.8;0.0;0.0;0.0;483.41;0.02
2019;152;258;43_001;mil;mil_precarachide;904.58;0.72;9.41;5.32;0.0;131.37;0.0;1050.68;0.02
2019;259;365;43_001;solnu;;545.4;0.71;0.0;2.67;0.0;8.54;0.0;556.61;0.02
2019;1;151;44_001;solnu;;498.35;0.73;0.0;2.92;0.0;0.0;0.0;501.27;0.02
2019;152;258;44_001;mil;mil_precarachide;933.29;0.72;8.21;5.52;0.0;137.15;0.0;1084.17;0.02
2019;259;365;44_001;solnu;;550.03;0.72;0.0;2.98;0.0;6.03;0.0;559.04;0.02
2019;1;151;45_001;solnu;;480.61;0.73;0.0;2.8;0.0;0.0;0.0;483.41;0.02
2019;152;258;45_001;mil;mil_precarachide;904.58;0.72;9.41;5.32;0.0;131.37;0.0;1050.68;0.02
2019;259;365;45_001;solnu;;545.4;0.71;0.0;2.67;0.0;8.54;0.0;556.61;0.02
2019;1;151;46_001;solnu;;498.35;0.73;0.0;2.92;0.0;0.0;0.0;501.27;0.02
2019;152;258;46_001;mil;mil_precarachide;933.29;0.72;8.21;5.52;0.0;137.15;0.0;1084.17;0.02
2019;259;365;46_001;solnu;;550.03;0.72;0.0;2.98;0.0;6.03;0.0;559.04;0.02
2019;1;151;47_001;solnu;;480.61;0.73;0.0;2.8;0.0;0.0;0.0;483.41;0.02
2019;152;258;47_001;mil;mil_precarachide;904.58;0.72;9.41;5.32;0.0;131.37;0.0;1050.68;0.02
2019;259;365;47_001;solnu;;545.4;0.71;0.0;2.67;0.0;8.54;0.0;556.61;0.02
2019;1;151;48_001;solnu;;498.35;0.73;0.0;2.92;0.0;0.0;0.0;501.27;0.02
2019;152;258;48_001;mil;mil_precarachide;933.29;0.72;8.21;5.52;0.0;137.15;0.0;1084.17;0.02
2019;259;365;48_001;solnu;;550.03;0.72;0.0;2.98;0.0;6.03;0.0;559.04;0.02
2019;1;151;49_001;solnu;;480.61;0.73;0.0;2.8;0.0;0.0;0.0;483.41;0.02
2019;152;258;49_001;mil;mil_precarachide;904.58;0.72;9.41;5.32;0.0;131.37;0.0;1050.68;0.02
2019;259;365;49_001;solnu;;545.4;0.71;0.0;2.67;0.0;8.54;0.0;556.61;0.02
2019;1;151;50_001;solnu;;450.01;0.76;0.0;2.51;0.0;0.0;0.0;452.52;0.03
2019;152;258;50_001;mil;mil_precarachide;845.28;0.75;7.19;4.76;0.0;112.73;0.0;969.96;0.02
2019;259;365;50_001;solnu;;486.26;0.74;0.0;2.31;0.0;7.41;0.0;495.98;0.02
2019;1;151;51_001;solnu;;451.2;0.75;0.0;2.52;0.0;0.0;0.0;453.72;0.02
2019;152;258;51_001;mil;mil_precarachide;848.71;0.74;7.85;4.79;0.0;114.14;0.0;975.49;0.02
2019;259;365;51_001;solnu;;492.36;0.74;0.0;2.34;0.0;7.47;0.0;502.17;0.02
2019;1;151;52_001;solnu;;468.49;0.84;0.0;2.58;0.0;0.0;0.0;471.07;0.03
2019;152;258;52_001;mil;mil_precarachide;890.82;0.83;6.1;4.95;0.0;117.47;0.0;1019.33;0.03
2019;259;365;52_001;solnu;;530.8;0.82;0.0;2.45;0.0;7.82;0.0;541.07;0.03
2019;1;151;53_001;solnu;;488.72;0.83;0.0;2.71;0.0;0.0;0.0;491.44;0.03
2019;152;258;53_001;mil;mil_precarachide;925.24;0.82;7.92;5.19;0.0;125.63;0.0;1063.97;0.03
2019;259;365;53_001;solnu;;566.18;0.82;0.0;2.69;0.0;8.24;0.0;577.1;0.03
2019;1;151;54_001;solnu;;468.49;0.84;0.0;2.58;0.0;0.0;0.0;471.07;0.03
2019;152;258;54_001;mil;mil_precarachide;890.82;0.83;6.1;4.95;0.0;117.47;0.0;1019.33;0.03
2019;259;365;54_001;solnu;;530.8;0.82;0.0;2.45;0.0;7.82;0.0;541.07;0.03
2019;1;151;55_001;solnu;;488.72;0.83;0.0;2.71;0.0;0.0;0.0;491.44;0.03
2019;152;258;55_001;mil;mil_precarachide;925.24;0.82;7.92;5.19;0.0;125.63;0.0;1063.97;0.03
2019;259;365;55_001;solnu;;566.18;0.82;0.0;2.69;0.0;8.24;0.0;577.1;0.03
2019;1;151;56_001;solnu;;450.01;0.76;0.0;2.51;0.0;0.0;0.0;452.52;0.03
2019;152;258;56_001;mil;mil_precarachide;845.28;0.75;7.19;4.76;0.0;112.73;0.0;969.96;0.02
2019;259;365;56_001;solnu;;486.26;0.74;0.0;2.31;0.0;7.41;0.0;495.98;0.02
2019;1;151;57_001;solnu;;451.2;0.75;0.0;2.52;0.0;0.0;0.0;453.72;0.02
2019;152;258;57_001;mil;mil_precarachide;848.71;0.74;7.85;4.79;0.0;114.14;0.0;975.49;0.02
2019;259;365;57_001;solnu;;492.36;0.74;0.0;2.34;0.0;7.47;0.0;502.17;0.02
2019;1;151;58_001;solnu;;450.01;0.76;0.0;2.51;0.0;0.0;0.0;452.52;0.03
2019;152;258;58_001;mil;mil_precarachide;845.28;0.75;7.19;4.76;0.0;112.73;0.0;969.96;0.02
2019;259;365;58_001;solnu;;486.26;0.74;0.0;2.31;0.0;7.41;0.0;495.98;0.02
2019;1;151;59_001;solnu;;451.2;0.75;0.0;2.52;0.0;0.0;0.0;453.72;0.02
2019;152;258;59_001;mil;mil_precarachide;848.71;0.74;7.85;4.79;0.0;114.14;0.0;975.49;0.02
2019;259;365;59_001;solnu;;492.36;0.74;0.0;2.34;0.0;7.47;0.0;502.17;0.02
2019;1;151;60_001;solnu;;450.01;0.76;0.0;2.51;0.0;0.0;0.0;452.52;0.03
2019;152;258;60_001;mil;mil_precarachide;845.28;0.75;7.19;4.76;0.0;112.73;0.0;969.96;0.02
2019;259;365;60_001;solnu;;486.26;0.74;0.0;2.31;0.0;7.41;0.0;495.98;0.02
2019;1;151;61_001;solnu;;451.2;0.75;0.0;2.52;0.0;0.0;0.0;453.72;0.02
2019;152;258;61_001;mil;mil_precarachide;848.71;0.74;7.85;4.79;0.0;114.14;0.0;975.49;0.02
2019;259;365;61_001;solnu;;492.36;0.74;0.0;2.34;0.0;7.47;0.0;502.17;0.02
2019;1;151;62_001;solnu;;450.01;0.76;0.0;2.51;0.0;0.0;0.0;452.52;0.03
2019;152;258;62_001;mil;mil_precarachide;845.28;0.75;7.19;4.76;0.0;112.73;0.0;969.96;0.02
2019;259;365;62_001;solnu;;486.26;0.74;0.0;2.31;0.0;7.41;0.0;495.98;0.02
2019;1;151;63_001;solnu;;451.2;0.75;0.0;2.52;0.0;0.0;0.0;453.72;0.02
2019;152;258;63_001;mil;mil_precarachide;848.71;0.74;7.85;4.79;0.0;114.14;0.0;975.49;0.02
2019;259;365;63_001;solnu;;492.36;0.74;0.0;2.34;0.0;7.47;0.0;502.17;0.02
2019;1;151;64_001;solnu;;498.35;0.73;0.0;2.92;0.0;0.0;0.0;501.27;0.02
2019;152;258;64_001;mil;mil_precarachide;933.29;0.72;8.21;5.52;0.0;137.15;0.0;1084.17;0.02
2019;259;365;64_001;solnu;;550.03;0.72;0.0;2.98;0.0;6.03;0.0;559.04;0.02
2019;1;151;65_001;solnu;;480.61;0.73;0.0;2.8;0.0;0.0;0.0;483.41;0.02
2019;152;258;65_001;mil;mil_precarachide;904.58;0.72;9.41;5.32;0.0;131.37;0.0;1050.68;0.02
2019;259;365;65_001;solnu;;545.4;0.71;0.0;2.67;0.0;8.54;0.0;556.61;0.02
2019;1;151;66_001;solnu;;450.01;0.76;0.0;2.51;0.0;0.0;0.0;452.52;0.03
2019;152;258;66_001;mil;mil_precarachide;845.28;0.75;7.19;4.76;0.0;112.73;0.0;969.96;0.02
2019;259;365;66_001;solnu;;486.26;0.74;0.0;2.31;0.0;7.41;0.0;495.98;0.02
2019;1;151;67_001;solnu;;451.2;0.75;0.0;2.52;0.0;0.0;0.0;453.72;0.02
2019;152;258;67_001;mil;mil_precarachide;848.71;0.74;7.85;4.79;0.0;114.14;0.0;975.49;0.02
2019;259;365;67_001;solnu;;492.36;0.74;0.0;2.34;0.0;7.47;0.0;502.17;0.02
2019;1;151;68_001;solnu;;451.2;0.75;0.0;2.52;0.0;0.0;0.0;453.72;0.02
2019;152;258;68_001;mil;mil_precarachide;848.71;0.74;7.85;4.79;0.0;114.14;0.0;975.49;0.02
2019;259;365;68_001;solnu;;492.36;0.74;0.0;2.34;0.0;7.47;0.0;502.17;0.02
2019;1;151;69_001;solnu;;498.35;0.73;0.0;2.92;0.0;0.0;0.0;501.27;0.02
2019;152;258;69_001;mil;mil_precarachide;933.29;0.72;8.21;5.52;0.0;137.15;0.0;1084.17;0.02
2019;259;365;69_001;solnu;;550.03;0.72;0.0;2.98;0.0;6.03;0.0;559.04;0.02
2019;1;151;70_001;solnu;;480.61;0.73;0.0;2.8;0.0;0.0;0.0;483.41;0.02
2019;152;258;70_001;mil;mil_precarachide;904.58;0.72;9.41;5.32;0.0;131.37;0.0;1050.68;0.02
2019;259;365;70_001;solnu;;545.4;0.71;0.0;2.67;0.0;8.54;0.0;556.61;0.02
2019;1;151;71_001;solnu;;468.49;0.84;0.0;2.58;0.0;0.0;0.0;471.07;0.03
2019;152;258;71_001;mil;mil_precarachide;890.82;0.83;6.1;4.95;0.0;117.47;0.0;1019.33;0.03
2019;259;365;71_001;solnu;;530.8;0.82;0.0;2.45;0.0;7.82;0.0;541.07;0.03
2019;1;151;72_001;solnu;;488.72;0.83;0.0;2.71;0.0;0.0;0.0;491.44;0.03
2019;152;258;72_001;mil;mil_precarachide;925.24;0.82;7.92;5.19;0.0;125.63;0.0;1063.97;0.03
2019;259;365;72_001;solnu;;566.18;0.82;0.0;2.69;0.0;8.24;0.0;577.1;0.03
2019;1;151;73_001;solnu;;468.49;0.84;0.0;2.58;0.0;0.0;0.0;471.07;0.03
2019;152;258;73_001;mil;mil_precarachide;890.82;0.83;6.1;4.95;0.0;117.47;0.0;1019.33;0.03
2019;259;365;73_001;solnu;;530.8;0.82;0.0;2.45;0.0;7.82;0.0;541.07;0.03
2019;1;151;74_001;solnu;;488.72;0.83;0.0;2.71;0.0;0.0;0.0;491.44;0.03
2019;152;258;74_001;mil;mil_precarachide;925.24;0.82;7.92;5.19;0.0;125.63;0.0;1063.97;0.03
2019;259;365;74_001;solnu;;566.18;0.82;0.0;2.69;0.0;8.24;0.0;577.1;0.03
2019;1;151;75_001;solnu;;450.01;0.76;0.0;2.51;0.0;0.0;0.0;452.52;0.03
2019;152;258;75_001;mil;mil_precarachide;845.28;0.75;7.19;4.76;0.0;112.73;0.0;969.96;0.02
2019;259;365;75_001;solnu;;486.26;0.74;0.0;2.31;0.0;7.41;0.0;495.98;0.02
2019;1;151;76_001;solnu;;451.2;0.75;0.0;2.52;0.0;0.0;0.0;453.72;0.02
2019;152;258;76_001;mil;mil_precarachide;848.71;0.74;7.85;4.79;0.0;114.14;0.0;975.49;0.02
2019;259;365;76_001;solnu;;492.36;0.74;0.0;2.34;0.0;7.47;0.0;502.17;0.02
2019;1;151;77_001;solnu;;450.01;0.76;0.0;2.51;0.0;0.0;0.0;452.52;0.03
2019;152;258;77_001;mil;mil_precarachide;845.28;0.75;7.19;4.76;0.0;112.73;0.0;969.96;0.02
2019;259;365;77_001;solnu;;486.26;0.74;0.0;2.31;0.0;7.41;0.0;495.98;0.02
2019;1;151;78_001;solnu;;451.2;0.75;0.0;2.52;0.0;0.0;0.0;453.72;0.02
2019;152;258;78_001;mil;mil_precarachide;848.71;0.74;7.85;4.79;0.0;114.14;0.0;975.49;0.02
2019;259;365;78_001;solnu;;492.36;0.74;0.0;2.34;0.0;7.47;0.0;502.17;0.02
2019;1;151;79_001;solnu;;450.01;0.76;0.0;2.51;0.0;0.0;0.0;452.52;0.03
2019;152;258;79_001;mil;mil_precarachide;845.28;0.75;7.19;4.76;0.0;112.73;0.0;969.96;0.02
2019;259;365;79_001;solnu;;486.26;0.74;0.0;2.31;0.0;7.41;0.0;495.98;0.02
2019;1;151;80_001;solnu;;451.2;0.75;0.0;2.52;0.0;0.0;0.0;453.72;0.02
2019;152;258;80_001;mil;mil_precarachide;848.71;0.74;7.85;4.79;0.0;114.14;0.0;975.49;0.02
2019;259;365;80_001;solnu;;492.36;0.74;0.0;2.34;0.0;7.47;0.0;502.17;0.02
2019;1;151;81_001;solnu;;450.01;0.76;0.0;2.51;0.0;0.0;0.0;452.52;0.03
2019;152;258;81_001;mil;mil_precarachide;845.28;0.75;7.19;4.76;0.0;112.73;0.0;969.96;0.02
2019;259;365;81_001;solnu;;486.26;0.74;0.0;2.31;0.0;7.41;0.0;495.98;0.02
2019;1;151;82_001;solnu;;451.2;0.75;0.0;2.52;0.0;0.0;0.0;453.72;0.02
2019;152;258;82_001;mil;mil_precarachide;848.71;0.74;7.85;4.79;0.0;114.14;0.0;975.49;0.02
2019;259;365;82_001;solnu;;492.36;0.74;0.0;2.34;0.0;7.47;0.0;502.17;0.02
2019;1;151;83_001;solnu;;450.01;0.76;0.0;2.51;0.0;0.0;0.0;452.52;0.03
2019;152;258;83_001;mil;mil_precarachide;845.28;0.75;7.19;4.76;0.0;112.73;0.0;969.96;0.02
2019;259;365;83_001;solnu;;486.26;0.74;0.0;2.31;0.0;7.41;0.0;495.98;0.02
2019;1;151;84_001;solnu;;451.2;0.75;0.0;2.52;0.0;0.0;0.0;453.72;0.02
2019;152;258;84_001;mil;mil_precarachide;848.71;0.74;7.85;4.79;0.0;114.14;0.0;975.49;0.02
2019;259;365;84_001;solnu;;492.36;0.74;0.0;2.34;0.0;7.47;0.0;502.17;0.02
2019;1;151;85_001;solnu;;450.01;0.76;0.0;2.51;0.0;0.0;0.0;452.52;0.03
2019;152;258;85_001;mil;mil_precarachide;845.28;0.75;7.19;4.76;0.0;112.73;0.0;969.96;0.02
2019;259;365;85_001;solnu;;486.26;0.74;0.0;2.31;0.0;7.41;0.0;495.98;0.02
2019;1;151;86_001;solnu;;451.2;0.75;0.0;2.52;0.0;0.0;0.0;453.72;0.02
2019;152;258;86_001;mil;mil_precarachide;848.71;0.74;7.85;4.79;0.0;114.14;0.0;975.49;0.02
2019;259;365;86_001;solnu;;492.36;0.74;0.0;2.34;0.0;7.47;0.0;502.17;0.02
2019;1;151;87_001;solnu;;450.01;0.76;0.0;2.51;0.0;0.0;0.0;452.52;0.03
2019;152;258;87_001;mil;mil_precarachide;845.28;0.75;7.19;4.76;0.0;112.73;0.0;969.96;0.02
2019;259;365;87_001;solnu;;486.26;0.74;0.0;2.31;0.0;7.41;0.0;495.98;0.02
2019;1;151;88_001;solnu;;451.2;0.75;0.0;2.52;0.0;0.0;0.0;453.72;0.02
2019;152;258;88_001;mil;mil_precarachide;848.71;0.74;7.85;4.79;0.0;114.14;0.0;975.49;0.02
2019;259;365;88_001;solnu;;492.36;0.74;0.0;2.34;0.0;7.47;0.0;502.17;0.02
2019;1;151;89_001;solnu;;498.35;0.73;0.0;2.92;0.0;0.0;0.0;501.27;0.02
2019;152;258;89_001;mil;mil_precarachide;933.29;0.72;8.21;5.52;0.0;137.15;0.0;1084.17;0.02
2019;259;365;89_001;solnu;;550.03;0.72;0.0;2.98;0.0;6.03;0.0;559.04;0.02
2019;1;151;90_001;solnu;;480.61;0.73;0.0;2.8;0.0;0.0;0.0;483.41;0.02
2019;152;258;90_001;mil;mil_precarachide;904.58;0.72;9.41;5.32;0.0;131.37;0.0;1050.68;0.02
2019;259;365;90_001;solnu;;545.4;0.71;0.0;2.67;0.0;8.54;0.0;556.61;0.02
2019;1;151;91_001;solnu;;450.01;0.76;0.0;2.51;0.0;0.0;0.0;452.52;0.03
2019;152;258;91_001;mil;mil_precarachide;845.28;0.75;7.19;4.76;0.0;112.73;0.0;969.96;0.02
2019;259;365;91_001;solnu;;486.26;0.74;0.0;2.31;0.0;7.41;0.0;495.98;0.02
2019;1;151;92_001;solnu;;451.2;0.75;0.0;2.52;0.0;0.0;0.0;453.72;0.02
2019;152;258;92_001;mil;mil_precarachide;848.71;0.74;7.85;4.79;0.0;114.14;0.0;975.49;0.02
2019;259;365;92_001;solnu;;492.36;0.74;0.0;2.34;0.0;7.47;0.0;502.17;0.02
2019;1;151;93_001;solnu;;450.01;0.76;0.0;2.51;0.0;0.0;0.0;452.52;0.03
2019;152;258;93_001;mil;mil_precarachide;845.28;0.75;7.19;4.76;0.0;112.73;0.0;969.96;0.02
2019;259;365;93_001;solnu;;486.26;0.74;0.0;2.31;0.0;7.41;0.0;495.98;0.02
2019;1;151;94_001;solnu;;451.2;0.75;0.0;2.52;0.0;0.0;0.0;453.72;0.02
2019;152;258;94_001;mil;mil_precarachide;848.71;0.74;7.85;4.79;0.0;114.14;0.0;975.49;0.02
2019;259;365;94_001;solnu;;492.36;0.74;0.0;2.34;0.0;7.47;0.0;502.17;0.02
2019;1;151;95_001;solnu;;498.35;0.73;0.0;2.92;0.0;0.0;0.0;501.27;0.02
2019;152;258;95_001;mil;mil_precarachide;933.29;0.72;8.21;5.52;0.0;137.15;0.0;1084.17;0.02
2019;259;365;95_001;solnu;;550.03;0.72;0.0;2.98;0.0;6.03;0.0;559.04;0.02
2019;1;151;96_001;solnu;;480.61;0.73;0.0;2.8;0.0;0.0;0.0;483.41;0.02
2019;152;258;96_001;mil;mil_precarachide;904.58;0.72;9.41;5.32;0.0;131.37;0.0;1050.68;0.02
2019;259;365;96_001;solnu;;545.4;0.71;0.0;2.67;0.0;8.54;0.0;556.61;0.02
2019;1;151;97_001;solnu;;450.01;0.76;0.0;2.51;0.0;0.0;0.0;452.52;0.03
2019;152;258;97_001;mil;mil_precarachide;845.28;0.75;7.19;4.76;0.0;112.73;0.0;969.96;0.02
2019;259;365;97_001;solnu;;486.26;0.74;0.0;2.31;0.0;7.41;0.0;495.98;0.02
2019;1;151;98_001;solnu;;451.2;0.75;0.0;2.52;0.0;0.0;0.0;453.72;0.02
2019;152;258;98_001;mil;mil_precarachide;848.71;0.74;7.85;4.79;0.0;114.14;0.0;975.49;0.02
2019;259;365;98_001;solnu;;492.36;0.74;0.0;2.34;0.0;7.47;0.0;502.17;0.02
2019;1;151;99_001;solnu;;450.01;0.76;0.0;2.51;0.0;0.0;0.0;452.52;0.03
2019;152;258;99_001;mil;mil_precarachide;845.28;0.75;7.19;4.76;0.0;112.73;0.0;969.96;0.02
2019;259;365;99_001;solnu;;486.26;0.74;0.0;2.31;0.0;7.41;0.0;495.98;0.02
2019;1;151;100_001;solnu;;451.2;0.75;0.0;2.52;0.0;0.0;0.0;453.72;0.02
2019;152;258;100_001;mil;mil_precarachide;848.71;0.74;7.85;4.79;0.0;114.14;0.0;975.49;0.02
2019;259;365;100_001;solnu;;492.36;0.74;0.0;2.34;0.0;7.47;0.0;502.17;0.02
2019;1;151;101_001;solnu;;451.2;0.75;0.0;2.52;0.0;0.0;0.0;453.72;0.02
2019;152;258;101_001;mil;mil_precarachide;848.71;0.74;7.85;4.79;0.0;114.14;0.0;975.49;0.02
2019;259;365;101_001;solnu;;492.36;0.74;0.0;2.34;0.0;7.47;0.0;502.17;0.02
2019;1;151;102_001;solnu;;450.01;0.76;0.0;2.51;0.0;0.0;0.0;452.52;0.03
2019;152;258;102_001;mil;mil_precarachide;845.28;0.75;7.19;4.76;0.0;112.73;0.0;969.96;0.02
2019;259;365;102_001;solnu;;486.26;0.74;0.0;2.31;0.0;7.41;0.0;495.98;0.02
2019;1;151;103_001;solnu;;451.2;0.75;0.0;2.52;0.0;0.0;0.0;453.72;0.02
2019;152;258;103_001;mil;mil_precarachide;848.71;0.74;7.85;4.79;0.0;114.14;0.0;975.49;0.02
2019;259;365;103_001;solnu;;492.36;0.74;0.0;2.34;0.0;7.47;0.0;502.17;0.02
2019;1;151;104_001;solnu;;498.35;0.73;0.0;2.92;0.0;0.0;0.0;501.27;0.02
2019;152;258;104_001;mil;mil_precarachide;933.29;0.72;8.21;5.52;0.0;137.15;0.0;1084.17;0.02
2019;259;365;104_001;solnu;;550.03;0.72;0.0;2.98;0.0;6.03;0.0;559.04;0.02
2019;1;151;105_001;solnu;;480.61;0.73;0.0;2.8;0.0;0.0;0.0;483.41;0.02
2019;152;258;105_001;mil;mil_precarachide;904.58;0.72;9.41;5.32;0.0;131.37;0.0;1050.68;0.02
2019;259;365;105_001;solnu;;545.4;0.71;0.0;2.67;0.0;8.54;0.0;556.61;0.02
2019;1;151;106_001;solnu;;524.36;0.79;0.0;3.06;0.0;0.0;0.0;527.42;0.03
2019;152;258;106_001;mil;mil_precarachide;989.93;0.78;18.11;5.83;0.0;147.84;0.0;1161.72;0.03
2019;259;365;106_001;solnu;;629.3;0.77;0.0;3.36;0.0;6.36;0.0;639.02;0.02
2019;1;151;107_001;solnu;;494.17;0.8;0.0;2.8;0.0;0.0;0.0;496.97;0.03
2019;152;258;107_001;mil;mil_precarachide;935.82;0.79;14.15;5.36;0.0;132.09;0.0;1087.41;0.03
2019;259;365;107_001;solnu;;573.19;0.78;0.0;3.02;0.0;5.74;0.0;581.95;0.03
2019;1;151;108_001;solnu;;494.17;0.8;0.0;2.8;0.0;0.0;0.0;496.97;0.03
2019;152;258;108_001;mil;mil_precarachide;935.82;0.79;14.15;5.36;0.0;132.09;0.0;1087.41;0.03
2019;259;365;108_001;solnu;;573.19;0.78;0.0;3.02;0.0;5.74;0.0;581.95;0.03
2019;1;151;109_001;solnu;;451.2;0.75;0.0;2.52;0.0;0.0;0.0;453.72;0.02
2019;152;258;109_001;mil;mil_precarachide;848.71;0.74;7.85;4.79;0.0;114.14;0.0;975.49;0.02
2019;259;365;109_001;solnu;;492.36;0.74;0.0;2.34;0.0;7.47;0.0;502.17;0.02
2019;1;151;110_001;solnu;;451.2;0.75;0.0;2.52;0.0;0.0;0.0;453.72;0.02
2019;152;258;110_001;mil;mil_precarachide;848.71;0.74;7.85;4.79;0.0;114.14;0.0;975.49;0.02
2019;259;365;110_001;solnu;;492.36;0.74;0.0;2.34;0.0;7.47;0.0;502.17;0.02
2019;1;151;111_001;solnu;;451.2;0.75;0.0;2.52;0.0;0.0;0.0;453.72;0.02
2019;152;258;111_001;mil;mil_precarachide;848.71;0.74;7.85;4.79;0.0;114.14;0.0;975.49;0.02
2019;259;365;111_001;solnu;;492.36;0.74;0.0;2.34;0.0;7.47;0.0;502.17;0.02
2019;1;151;112_001;solnu;;468.49;0.84;0.0;2.58;0.0;0.0;0.0;471.07;0.03
2019;152;258;112_001;mil;mil_precarachide;890.82;0.83;6.1;4.95;0.0;117.47;0.0;1019.33;0.03
2019;259;365;112_001;solnu;;530.8;0.82;0.0;2.45;0.0;7.82;0.0;541.07;0.03
2019;1;151;113_001;solnu;;488.72;0.83;0.0;2.71;0.0;0.0;0.0;491.44;0.03
2019;152;258;113_001;mil;mil_precarachide;925.24;0.82;7.92;5.19;0.0;125.63;0.0;1063.97;0.03
2019;259;365;113_001;solnu;;566.18;0.82;0.0;2.69;0.0;8.24;0.0;577.1;0.03
2019;1;151;114_001;solnu;;450.01;0.76;0.0;2.51;0.0;0.0;0.0;452.52;0.03
2019;152;258;114_001;mil;mil_precarachide;845.28;0.75;7.19;4.76;0.0;112.73;0.0;969.96;0.02
2019;259;365;114_001;solnu;;486.26;0.74;0.0;2.31;0.0;7.41;0.0;495.98;0.02
2019;1;151;115_001;solnu;;451.2;0.75;0.0;2.52;0.0;0.0;0.0;453.72;0.02
2019;152;258;115_001;mil;mil_precarachide;848.71;0.74;7.85;4.79;0.0;114.14;0.0;975.49;0.02
2019;259;365;115_001;solnu;;492.36;0.74;0.0;2.34;0.0;7.47;0.0;502.17;0.02
2019;1;151;116_001;solnu;;450.01;0.76;0.0;2.51;0.0;0.0;0.0;452.52;0.03
2019;152;258;116_001;mil;mil_precarachide;845.28;0.75;7.19;4.76;0.0;112.73;0.0;969.96;0.02
2019;259;365;116_001;solnu;;486.26;0.74;0.0;2.31;0.0;7.41;0.0;495.98;0.02
2019;1;151;117_001;solnu;;451.2;0.75;0.0;2.52;0.0;0.0;0.0;453.72;0.02
2019;152;258;117_001;mil;mil_precarachide;848.71;0.74;7.85;4.79;0.0;114.14;0.0;975.49;0.02
2019;259;365;117_001;solnu;;492.36;0.74;0.0;2.34;0.0;7.47;0.0;502.17;0.02
2019;1;151;118_001;solnu;;450.01;0.76;0.0;2.51;0.0;0.0;0.0;452.52;0.03
2019;152;258;118_001;mil;mil_precarachide;845.28;0.75;7.19;4.76;0.0;112.73;0.0;969.96;0.02
2019;259;365;118_001;solnu;;486.26;0.74;0.0;2.31;0.0;7.41;0.0;495.98;0.02
2019;1;151;119_001;solnu;;451.2;0.75;0.0;2.52;0.0;0.0;0.0;453.72;0.02
2019;152;258;119_001;mil;mil_precarachide;848.71;0.74;7.85;4.79;0.0;114.14;0.0;975.49;0.02
2019;259;365;119_001;solnu;;492.36;0.74;0.0;2.34;0.0;7.47;0.0;502.17;0.02
2019;1;151;120_001;solnu;;468.49;0.84;0.0;2.58;0.0;0.0;0.0;471.07;0.03
2019;152;258;120_001;mil;mil_precarachide;890.82;0.83;6.1;4.95;0.0;117.47;0.0;1019.33;0.03
2019;259;365;120_001;solnu;;530.8;0.82;0.0;2.45;0.0;7.82;0.0;541.07;0.03
2019;1;151;121_001;solnu;;488.72;0.83;0.0;2.71;0.0;0.0;0.0;491.44;0.03
2019;152;258;121_001;mil;mil_precarachide;925.24;0.82;7.92;5.19;0.0;125.63;0.0;1063.97;0.03
2019;259;365;121_001;solnu;;566.18;0.82;0.0;2.69;0.0;8.24;0.0;577.1;0.03
2019;1;151;122_001;solnu;;468.49;0.84;0.0;2.58;0.0;0.0;0.0;471.07;0.03
2019;152;258;122_001;mil;mil_precarachide;890.82;0.83;6.1;4.95;0.0;117.47;0.0;1019.33;0.03
2019;259;365;122_001;solnu;;530.8;0.82;0.0;2.45;0.0;7.82;0.0;541.07;0.03
2019;1;151;123_001;solnu;;488.72;0.83;0.0;2.71;0.0;0.0;0.0;491.44;0.03
2019;152;258;123_001;mil;mil_precarachide;925.24;0.82;7.92;5.19;0.0;125.63;0.0;1063.97;0.03
2019;259;365;123_001;solnu;;566.18;0.82;0.0;2.69;0.0;8.24;0.0;577.1;0.03
2019;1;151;124_001;solnu;;451.2;0.75;0.0;2.52;0.0;0.0;0.0;453.72;0.02
2019;152;258;124_001;mil;mil_precarachide;848.71;0.74;7.85;4.79;0.0;114.14;0.0;975.49;0.02
2019;259;365;124_001;solnu;;492.36;0.74;0.0;2.34;0.0;7.47;0.0;502.17;0.02
2019;1;151;125_001;solnu;;450.01;0.76;0.0;2.51;0.0;0.0;0.0;452.52;0.03
2019;152;258;125_001;mil;mil_precarachide;845.28;0.75;7.19;4.76;0.0;112.73;0.0;969.96;0.02
2019;259;365;125_001;solnu;;486.26;0.74;0.0;2.31;0.0;7.41;0.0;495.98;0.02
2019;1;151;126_001;solnu;;451.2;0.75;0.0;2.52;0.0;0.0;0.0;453.72;0.02
2019;152;258;126_001;mil;mil_precarachide;848.71;0.74;7.85;4.79;0.0;114.14;0.0;975.49;0.02
2019;259;365;126_001;solnu;;492.36;0.74;0.0;2.34;0.0;7.47;0.0;502.17;0.02
2019;1;151;127_001;solnu;;451.2;0.75;0.0;2.52;0.0;0.0;0.0;453.72;0.02
2019;152;258;127_001;mil;mil_precarachide;848.71;0.74;7.85;4.79;0.0;114.14;0.0;975.49;0.02
2019;259;365;127_001;solnu;;492.36;0.74;0.0;2.34;0.0;7.47;0.0;502.17;0.02
2019;1;151;128_001;solnu;;451.2;0.75;0.0;2.52;0.0;0.0;0.0;453.72;0.02
2019;152;258;128_001;mil;mil_precarachide;848.71;0.74;7.85;4.79;0.0;114.14;0.0;975.49;0.02
2019;259;365;128_001;solnu;;492.36;0.74;0.0;2.34;0.0;7.47;0.0;502.17;0.02
2019;1;151;129_001;solnu;;450.01;0.76;0.0;2.51;0.0;0.0;0.0;452.52;0.03
2019;152;258;129_001;mil;mil_precarachide;845.28;0.75;7.19;4.76;0.0;112.73;0.0;969.96;0.02
2019;259;365;129_001;solnu;;486.26;0.74;0.0;2.31;0.0;7.41;0.0;495.98;0.02
2019;1;151;130_001;solnu;;451.2;0.75;0.0;2.52;0.0;0.0;0.0;453.72;0.02
2019;152;258;130_001;mil;mil_precarachide;848.71;0.74;7.85;4.79;0.0;114.14;0.0;975.49;0.02
2019;259;365;130_001;solnu;;492.36;0.74;0.0;2.34;0.0;7.47;0.0;502.17;0.02
2019;1;151;131_001;solnu;;451.2;0.75;0.0;2.52;0.0;0.0;0.0;453.72;0.02
2019;152;258;131_001;mil;mil_precarachide;848.71;0.74;7.85;4.79;0.0;114.14;0.0;975.49;0.02
2019;259;365;131_001;solnu;;492.36;0.74;0.0;2.34;0.0;7.47;0.0;502.17;0.02
2019;1;151;132_001;solnu;;450.01;0.76;0.0;2.51;0.0;0.0;0.0;452.52;0.03
2019;152;258;132_001;mil;mil_precarachide;845.28;0.75;7.19;4.76;0.0;112.73;0.0;969.96;0.02
2019;259;365;132_001;solnu;;486.26;0.74;0.0;2.31;0.0;7.41;0.0;495.98;0.02
2019;1;151;133_001;solnu;;451.2;0.75;0.0;2.52;0.0;0.0;0.0;453.72;0.02
2019;152;258;133_001;mil;mil_precarachide;848.71;0.74;7.85;4.79;0.0;114.14;0.0;975.49;0.02
2019;259;365;133_001;solnu;;492.36;0.74;0.0;2.34;0.0;7.47;0.0;502.17;0.02
2019;1;151;134_001;solnu;;450.01;0.76;0.0;2.51;0.0;0.0;0.0;452.52;0.03
2019;152;258;134_001;mil;mil_precarachide;845.28;0.75;7.19;4.76;0.0;112.73;0.0;969.96;0.02
2019;259;365;134_001;solnu;;486.26;0.74;0.0;2.31;0.0;7.41;0.0;495.98;0.02
2019;1;151;135_001;solnu;;451.2;0.75;0.0;2.52;0.0;0.0;0.0;453.72;0.02
2019;152;258;135_001;mil;mil_precarachide;848.71;0.74;7.85;4.79;0.0;114.14;0.0;975.49;0.02
2019;259;365;135_001;solnu;;492.36;0.74;0.0;2.34;0.0;7.47;0.0;502.17;0.02
2019;1;151;136_001;solnu;;450.01;0.76;0.0;2.51;0.0;0.0;0.0;452.52;0.03
2019;152;258;136_001;mil;mil_precarachide;845.28;0.75;7.19;4.76;0.0;112.73;0.0;969.96;0.02
2019;259;365;136_001;solnu;;486.26;0.74;0.0;2.31;0.0;7.41;0.0;495.98;0.02
2019;1;151;137_001;solnu;;451.2;0.75;0.0;2.52;0.0;0.0;0.0;453.72;0.02
2019;152;258;137_001;mil;mil_precarachide;848.71;0.74;7.85;4.79;0.0;114.14;0.0;975.49;0.02
2019;259;365;137_001;solnu;;492.36;0.74;0.0;2.34;0.0;7.47;0.0;502.17;0.02
2019;1;151;138_001;solnu;;450.01;0.76;0.0;2.51;0.0;0.0;0.0;452.52;0.03
2019;152;258;138_001;mil;mil_precarachide;845.28;0.75;7.19;4.76;0.0;112.73;0.0;969.96;0.02
2019;259;365;138_001;solnu;;486.26;0.74;0.0;2.31;0.0;7.41;0.0;495.98;0.02
2019;1;151;139_001;solnu;;451.2;0.75;0.0;2.52;0.0;0.0;0.0;453.72;0.02
2019;152;258;139_001;mil;mil_precarachide;848.71;0.74;7.85;4.79;0.0;114.14;0.0;975.49;0.02
2019;259;365;139_001;solnu;;492.36;0.74;0.0;2.34;0.0;7.47;0.0;502.17;0.02
2019;1;151;140_001;solnu;;450.01;0.76;0.0;2.51;0.0;0.0;0.0;452.52;0.03
2019;152;258;140_001;mil;mil_precarachide;845.28;0.75;7.19;4.76;0.0;112.73;0.0;969.96;0.02
2019;259;365;140_001;solnu;;486.26;0.74;0.0;2.31;0.0;7.41;0.0;495.98;0.02
2019;1;151;141_001;solnu;;451.2;0.75;0.0;2.52;0.0;0.0;0.0;453.72;0.02
2019;152;258;141_001;mil;mil_precarachide;848.71;0.74;7.85;4.79;0.0;114.14;0.0;975.49;0.02
2019;259;365;141_001;solnu;;492.36;0.74;0.0;2.34;0.0;7.47;0.0;502.17;0.02
2019;1;151;142_001;solnu;;450.01;0.76;0.0;2.51;0.0;0.0;0.0;452.52;0.03
2019;152;258;142_001;mil;mil_precarachide;845.28;0.75;7.19;4.76;0.0;112.73;0.0;969.96;0.02
2019;259;365;142_001;solnu;;486.26;0.74;0.0;2.31;0.0;7.41;0.0;495.98;0.02
2019;1;151;143_001;solnu;;451.2;0.75;0.0;2.52;0.0;0.0;0.0;453.72;0.02
2019;152;258;143_001;mil;mil_precarachide;848.71;0.74;7.85;4.79;0.0;114.14;0.0;975.49;0.02
2019;259;365;143_001;solnu;;492.36;0.74;0.0;2.34;0.0;7.47;0.0;502.17;0.02
2019;1;151;144_001;solnu;;498.35;0.73;0.0;2.92;0.0;0.0;0.0;501.27;0.02
2019;152;258;144_001;mil;mil_precarachide;933.29;0.72;8.21;5.52;0.0;137.15;0.0;1084.17;0.02
2019;259;365;144_001;solnu;;550.03;0.72;0.0;2.98;0.0;6.03;0.0;559.04;0.02
2019;1;151;145_001;solnu;;480.61;0.73;0.0;2.8;0.0;0.0;0.0;483.41;0.02
2019;152;258;145_001;mil;mil_precarachide;904.58;0.72;9.41;5.32;0.0;131.37;0.0;1050.68;0.02
2019;259;365;145_001;solnu;;545.4;0.71;0.0;2.67;0.0;8.54;0.0;556.61;0.02
2019;1;151;146_001;solnu;;480.61;0.73;0.0;2.8;0.0;0.0;0.0;483.41;0.02
2019;152;258;146_001;mil;mil_precarachide;904.58;0.72;9.41;5.32;0.0;131.37;0.0;1050.68;0.02
2019;259;365;146_001;solnu;;545.4;0.71;0.0;2.67;0.0;8.54;0.0;556.61;0.02
2019;1;151;147_001;solnu;;498.35;0.73;0.0;2.92;0.0;0.0;0.0;501.27;0.02
2019;152;258;147_001;mil;mil_precarachide;933.29;0.72;8.21;5.52;0.0;137.15;0.0;1084.17;0.02
2019;259;365;147_001;solnu;;550.03;0.72;0.0;2.98;0.0;6.03;0.0;559.04;0.02
2019;1;151;148_001;solnu;;480.61;0.73;0.0;2.8;0.0;0.0;0.0;483.41;0.02
2019;152;258;148_001;mil;mil_precarachide;904.58;0.72;9.41;5.32;0.0;131.37;0.0;1050.68;0.02
2019;259;365;148_001;solnu;;545.4;0.71;0.0;2.67;0.0;8.54;0.0;556.61;0.02
2019;1;151;149_001;solnu;;450.01;0.76;0.0;2.51;0.0;0.0;0.0;452.52;0.03
2019;152;258;149_001;mil;mil_precarachide;845.28;0.75;7.19;4.76;0.0;112.73;0.0;969.96;0.02
2019;259;365;149_001;solnu;;486.26;0.74;0.0;2.31;0.0;7.41;0.0;495.98;0.02
2019;1;151;150_001;solnu;;451.2;0.75;0.0;2.52;0.0;0.0;0.0;453.72;0.02
2019;152;258;150_001;mil;mil_precarachide;848.71;0.74;7.85;4.79;0.0;114.14;0.0;975.49;0.02
2019;259;365;150_001;solnu;;492.36;0.74;0.0;2.34;0.0;7.47;0.0;502.17;0.02
2019;1;151;153_001;solnu;;450.01;0.76;0.0;2.51;0.0;0.0;0.0;452.52;0.03
2019;152;258;153_001;mil;mil_precarachide;845.28;0.75;7.19;4.76;0.0;112.73;0.0;969.96;0.02
2019;259;365;153_001;solnu;;486.26;0.74;0.0;2.31;0.0;7.41;0.0;495.98;0.02
2019;1;151;154_001;solnu;;451.2;0.75;0.0;2.52;0.0;0.0;0.0;453.72;0.02
2019;152;258;154_001;mil;mil_precarachide;848.71;0.74;7.85;4.79;0.0;114.14;0.0;975.49;0.02
2019;259;365;154_001;solnu;;492.36;0.74;0.0;2.34;0.0;7.47;0.0;502.17;0.02
2019;1;151;155_001;solnu;;451.2;0.75;0.0;2.52;0.0;0.0;0.0;453.72;0.02
2019;152;258;155_001;mil;mil_precarachide;848.71;0.74;7.85;4.79;0.0;114.14;0.0;975.49;0.02
2019;259;365;155_001;solnu;;492.36;0.74;0.0;2.34;0.0;7.47;0.0;502.17;0.02
2019;1;151;156_001;solnu;;451.2;0.75;0.0;2.52;0.0;0.0;0.0;453.72;0.02
2019;152;258;156_001;mil;mil_precarachide;848.71;0.74;7.85;4.79;0.0;114.14;0.0;975.49;0.02
2019;259;365;156_001;solnu;;492.36;0.74;0.0;2.34;0.0;7.47;0.0;502.17;0.02
2019;1;151;157_001;solnu;;450.01;0.76;0.0;2.51;0.0;0.0;0.0;452.52;0.03
2019;152;258;157_001;mil;mil_precarachide;845.28;0.75;7.19;4.76;0.0;112.73;0.0;969.96;0.02
2019;259;365;157_001;solnu;;486.26;0.74;0.0;2.31;0.0;7.41;0.0;495.98;0.02
2019;1;151;158_001;solnu;;451.2;0.75;0.0;2.52;0.0;0.0;0.0;453.72;0.02
2019;152;258;158_001;mil;mil_precarachide;848.71;0.74;7.85;4.79;0.0;114.14;0.0;975.49;0.02
2019;259;365;158_001;solnu;;492.36;0.74;0.0;2.34;0.0;7.47;0.0;502.17;0.02
2019;1;151;159_001;solnu;;450.01;0.76;0.0;2.51;0.0;0.0;0.0;452.52;0.03
2019;152;258;159_001;mil;mil_precarachide;845.28;0.75;7.19;4.76;0.0;112.73;0.0;969.96;0.02
2019;259;365;159_001;solnu;;486.26;0.74;0.0;2.31;0.0;7.41;0.0;495.98;0.02
2019;1;151;160_001;solnu;;451.2;0.75;0.0;2.52;0.0;0.0;0.0;453.72;0.02
2019;152;258;160_001;mil;mil_precarachide;848.71;0.74;7.85;4.79;0.0;114.14;0.0;975.49;0.02
2019;259;365;160_001;solnu;;492.36;0.74;0.0;2.34;0.0;7.47;0.0;502.17;0.02
2019;1;151;161_001;solnu;;450.01;0.76;0.0;2.51;0.0;0.0;0.0;452.52;0.03
2019;152;258;161_001;mil;mil_precarachide;845.28;0.75;7.19;4.76;0.0;112.73;0.0;969.96;0.02
2019;259;365;161_001;solnu;;486.26;0.74;0.0;2.31;0.0;7.41;0.0;495.98;0.02
2019;1;151;162_001;solnu;;451.2;0.75;0.0;2.52;0.0;0.0;0.0;453.72;0.02
2019;152;258;162_001;mil;mil_precarachide;848.71;0.74;7.85;4.79;0.0;114.14;0.0;975.49;0.02
2019;259;365;162_001;solnu;;492.36;0.74;0.0;2.34;0.0;7.47;0.0;502.17;0.02
2019;1;151;163_001;solnu;;450.01;0.76;0.0;2.51;0.0;0.0;0.0;452.52;0.03
2019;152;258;163_001;mil;mil_precarachide;845.28;0.75;7.19;4.76;0.0;112.73;0.0;969.96;0.02
2019;259;365;163_001;solnu;;486.26;0.74;0.0;2.31;0.0;7.41;0.0;495.98;0.02
2019;1;151;164_001;solnu;;451.2;0.75;0.0;2.52;0.0;0.0;0.0;453.72;0.02
2019;152;258;164_001;mil;mil_precarachide;848.71;0.74;7.85;4.79;0.0;114.14;0.0;975.49;0.02
2019;259;365;164_001;solnu;;492.36;0.74;0.0;2.34;0.0;7.47;0.0;502.17;0.02
2019;1;151;165_001;solnu;;450.01;0.76;0.0;2.51;0.0;0.0;0.0;452.52;0.03
2019;152;258;165_001;mil;mil_precarachide;845.28;0.75;7.19;4.76;0.0;112.73;0.0;969.96;0.02
2019;259;365;165_001;solnu;;486.26;0.74;0.0;2.31;0.0;7.41;0.0;495.98;0.02
2019;1;151;166_001;solnu;;451.2;0.75;0.0;2.52;0.0;0.0;0.0;453.72;0.02
2019;152;258;166_001;mil;mil_precarachide;848.71;0.74;7.85;4.79;0.0;114.14;0.0;975.49;0.02
2019;259;365;166_001;solnu;;492.36;0.74;0.0;2.34;0.0;7.47;0.0;502.17;0.02
2019;1;151;167_001;solnu;;450.01;0.76;0.0;2.51;0.0;0.0;0.0;452.52;0.03
2019;152;258;167_001;mil;mil_precarachide;845.28;0.75;7.19;4.76;0.0;112.73;0.0;969.96;0.02
2019;259;365;167_001;solnu;;486.26;0.74;0.0;2.31;0.0;7.41;0.0;495.98;0.02
2019;1;151;168_001;solnu;;451.2;0.75;0.0;2.52;0.0;0.0;0.0;453.72;0.02
2019;152;258;168_001;mil;mil_precarachide;848.71;0.74;7.85;4.79;0.0;114.14;0.0;975.49;0.02
2019;259;365;168_001;solnu;;492.36;0.74;0.0;2.34;0.0;7.47;0.0;502.17;0.02
2019;1;151;169_001;solnu;;468.49;0.84;0.0;2.58;0.0;0.0;0.0;471.07;0.03
2019;152;258;169_001;mil;mil_precarachide;890.82;0.83;6.1;4.95;0.0;117.47;0.0;1019.33;0.03
2019;259;365;169_001;solnu;;530.8;0.82;0.0;2.45;0.0;7.82;0.0;541.07;0.03
2019;1;151;170_001;solnu;;488.72;0.83;0.0;2.71;0.0;0.0;0.0;491.44;0.03
2019;152;258;170_001;mil;mil_precarachide;925.24;0.82;7.92;5.19;0.0;125.63;0.0;1063.97;0.03
2019;259;365;170_001;solnu;;566.18;0.82;0.0;2.69;0.0;8.24;0.0;577.1;0.03
2019;1;151;171_001;solnu;;488.72;0.83;0.0;2.71;0.0;0.0;0.0;491.44;0.03
2019;152;258;171_001;mil;mil_precarachide;925.24;0.82;7.92;5.19;0.0;125.63;0.0;1063.97;0.03
2019;259;365;171_001;solnu;;566.18;0.82;0.0;2.69;0.0;8.24;0.0;577.1;0.03
2019;1;151;172_001;solnu;;450.01;0.76;0.0;2.51;0.0;0.0;0.0;452.52;0.03
2019;152;258;172_001;mil;mil_precarachide;845.28;0.75;7.19;4.76;0.0;112.73;0.0;969.96;0.02
2019;259;365;172_001;solnu;;486.26;0.74;0.0;2.31;0.0;7.41;0.0;495.98;0.02
2019;1;151;173_001;solnu;;451.2;0.75;0.0;2.52;0.0;0.0;0.0;453.72;0.02
2019;152;258;173_001;mil;mil_precarachide;848.71;0.74;7.85;4.79;0.0;114.14;0.0;975.49;0.02
2019;259;365;173_001;solnu;;492.36;0.74;0.0;2.34;0.0;7.47;0.0;502.17;0.02
2019;1;151;174_001;solnu;;450.01;0.76;0.0;2.51;0.0;0.0;0.0;452.52;0.03
2019;152;258;174_001;mil;mil_precarachide;845.28;0.75;7.19;4.76;0.0;112.73;0.0;969.96;0.02
2019;259;365;174_001;solnu;;486.26;0.74;0.0;2.31;0.0;7.41;0.0;495.98;0.02
2019;1;151;175_001;solnu;;451.2;0.75;0.0;2.52;0.0;0.0;0.0;453.72;0.02
2019;152;258;175_001;mil;mil_precarachide;848.71;0.74;7.85;4.79;0.0;114.14;0.0;975.49;0.02
2019;259;365;175_001;solnu;;492.36;0.74;0.0;2.34;0.0;7.47;0.0;502.17;0.02
2019;1;151;176_001;solnu;;450.01;0.76;0.0;2.51;0.0;0.0;0.0;452.52;0.03
2019;152;258;176_001;mil;mil_precarachide;845.28;0.75;7.19;4.76;0.0;112.73;0.0;969.96;0.02
2019;259;365;176_001;solnu;;486.26;0.74;0.0;2.31;0.0;7.41;0.0;495.98;0.02
2019;1;151;177_001;solnu;;451.2;0.75;0.0;2.52;0.0;0.0;0.0;453.72;0.02
2019;152;258;177_001;mil;mil_precarachide;848.71;0.74;7.85;4.79;0.0;114.14;0.0;975.49;0.02
2019;259;365;177_001;solnu;;492.36;0.74;0.0;2.34;0.0;7.47;0.0;502.17;0.02
2019;1;151;178_001;solnu;;498.35;0.73;0.0;2.92;0.0;0.0;0.0;501.27;0.02
2019;152;258;178_001;mil;mil_precarachide;933.29;0.72;8.21;5.52;0.0;137.15;0.0;1084.17;0.02
2019;259;365;178_001;solnu;;550.03;0.72;0.0;2.98;0.0;6.03;0.0;559.04;0.02
2019;1;151;179_001;solnu;;480.61;0.73;0.0;2.8;0.0;0.0;0.0;483.41;0.02
2019;152;258;179_001;mil;mil_precarachide;904.58;0.72;9.41;5.32;0.0;131.37;0.0;1050.68;0.02
2019;259;365;179_001;solnu;;545.4;0.71;0.0;2.67;0.0;8.54;0.0;556.61;0.02
2019;1;151;180_001;solnu;;468.49;0.84;0.0;2.58;0.0;0.0;0.0;471.07;0.03
2019;152;258;180_001;mil;mil_precarachide;890.82;0.83;6.1;4.95;0.0;117.47;0.0;1019.33;0.03
2019;259;365;180_001;solnu;;530.8;0.82;0.0;2.45;0.0;7.82;0.0;541.07;0.03
2019;1;151;181_001;solnu;;488.72;0.83;0.0;2.71;0.0;0.0;0.0;491.44;0.03
2019;152;258;181_001;mil;mil_precarachide;925.24;0.82;7.92;5.19;0.0;125.63;0.0;1063.97;0.03
2019;259;365;181_001;solnu;;566.18;0.82;0.0;2.69;0.0;8.24;0.0;577.1;0.03
2019;1;151;182_001;solnu;;450.01;0.76;0.0;2.51;0.0;0.0;0.0;452.52;0.03
2019;152;258;182_001;mil;mil_precarachide;845.28;0.75;7.19;4.76;0.0;112.73;0.0;969.96;0.02
2019;259;365;182_001;solnu;;486.26;0.74;0.0;2.31;0.0;7.41;0.0;495.98;0.02
2019;1;151;183_001;solnu;;451.2;0.75;0.0;2.52;0.0;0.0;0.0;453.72;0.02
2019;152;258;183_001;mil;mil_precarachide;848.71;0.74;7.85;4.79;0.0;114.14;0.0;975.49;0.02
2019;259;365;183_001;solnu;;492.36;0.74;0.0;2.34;0.0;7.47;0.0;502.17;0.02
2019;1;151;184_001;solnu;;450.01;0.76;0.0;2.51;0.0;0.0;0.0;452.52;0.03
2019;152;258;184_001;mil;mil_precarachide;845.28;0.75;7.19;4.76;0.0;112.73;0.0;969.96;0.02
2019;259;365;184_001;solnu;;486.26;0.74;0.0;2.31;0.0;7.41;0.0;495.98;0.02
2019;1;151;185_001;solnu;;451.2;0.75;0.0;2.52;0.0;0.0;0.0;453.72;0.02
2019;152;258;185_001;mil;mil_precarachide;848.71;0.74;7.85;4.79;0.0;114.14;0.0;975.49;0.02
2019;259;365;185_001;solnu;;492.36;0.74;0.0;2.34;0.0;7.47;0.0;502.17;0.02
2019;1;151;186_001;solnu;;468.49;0.84;0.0;2.58;0.0;0.0;0.0;471.07;0.03
2019;152;258;186_001;mil;mil_precarachide;890.82;0.83;6.1;4.95;0.0;117.47;0.0;1019.33;0.03
2019;259;365;186_001;solnu;;530.8;0.82;0.0;2.45;0.0;7.82;0.0;541.07;0.03
2019;1;151;187_001;solnu;;488.72;0.83;0.0;2.71;0.0;0.0;0.0;491.44;0.03
2019;152;258;187_001;mil;mil_precarachide;925.24;0.82;7.92;5.19;0.0;125.63;0.0;1063.97;0.03
2019;259;365;187_001;solnu;;566.18;0.82;0.0;2.69;0.0;8.24;0.0;577.1;0.03
2019;1;151;188_001;solnu;;451.2;0.75;0.0;2.52;0.0;0.0;0.0;453.72;0.02
2019;152;258;188_001;mil;mil_precarachide;848.71;0.74;7.85;4.79;0.0;114.14;0.0;975.49;0.02
2019;259;365;188_001;solnu;;492.36;0.74;0.0;2.34;0.0;7.47;0.0;502.17;0.02
2019;1;151;189_001;solnu;;451.2;0.75;0.0;2.52;0.0;0.0;0.0;453.72;0.02
2019;152;258;189_001;mil;mil_precarachide;848.71;0.74;7.85;4.79;0.0;114.14;0.0;975.49;0.02
2019;259;365;189_001;solnu;;492.36;0.74;0.0;2.34;0.0;7.47;0.0;502.17;0.02
2019;1;151;190_001;solnu;;450.01;0.76;0.0;2.51;0.0;0.0;0.0;452.52;0.03
2019;152;258;190_001;mil;mil_precarachide;845.28;0.75;7.19;4.76;0.0;112.73;0.0;969.96;0.02
2019;259;365;190_001;solnu;;486.26;0.74;0.0;2.31;0.0;7.41;0.0;495.98;0.02
2019;1;151;191_001;solnu;;451.2;0.75;0.0;2.52;0.0;0.0;0.0;453.72;0.02
2019;152;258;191_001;mil;mil_precarachide;848.71;0.74;7.85;4.79;0.0;114.14;0.0;975.49;0.02
2019;259;365;191_001;solnu;;492.36;0.74;0.0;2.34;0.0;7.47;0.0;502.17;0.02
2019;1;151;192_001;solnu;;451.2;0.75;0.0;2.52;0.0;0.0;0.0;453.72;0.02
2019;152;258;192_001;mil;mil_precarachide;848.71;0.74;7.85;4.79;0.0;114.14;0.0;975.49;0.02
2019;259;365;192_001;solnu;;492.36;0.74;0.0;2.34;0.0;7.47;0.0;502.17;0.02
2019;1;151;193_001;solnu;;498.35;0.73;0.0;2.92;0.0;0.0;0.0;501.27;0.02
2019;152;258;193_001;mil;mil_precarachide;933.29;0.72;8.21;5.52;0.0;137.15;0.0;1084.17;0.02
2019;259;365;193_001;solnu;;550.03;0.72;0.0;2.98;0.0;6.03;0.0;559.04;0.02
2019;1;151;194_001;solnu;;480.61;0.73;0.0;2.8;0.0;0.0;0.0;483.41;0.02
2019;152;258;194_001;mil;mil_precarachide;904.58;0.72;9.41;5.32;0.0;131.37;0.0;1050.68;0.02
2019;259;365;194_001;solnu;;545.4;0.71;0.0;2.67;0.0;8.54;0.0;556.61;0.02
2019;1;151;195_001;solnu;;468.49;0.84;0.0;2.58;0.0;0.0;0.0;471.07;0.03
2019;152;258;195_001;mil;mil_precarachide;890.82;0.83;6.1;4.95;0.0;117.47;0.0;1019.33;0.03
2019;259;365;195_001;solnu;;530.8;0.82;0.0;2.45;0.0;7.82;0.0;541.07;0.03
2019;1;151;196_001;solnu;;488.72;0.83;0.0;2.71;0.0;0.0;0.0;491.44;0.03
2019;152;258;196_001;mil;mil_precarachide;925.24;0.82;7.92;5.19;0.0;125.63;0.0;1063.97;0.03
2019;259;365;196_001;solnu;;566.18;0.82;0.0;2.69;0.0;8.24;0.0;577.1;0.03
2019;1;151;197_001;solnu;;498.35;0.73;0.0;2.92;0.0;0.0;0.0;501.27;0.02
2019;152;258;197_001;mil;mil_precarachide;933.29;0.72;8.21;5.52;0.0;137.15;0.0;1084.17;0.02
2019;259;365;197_001;solnu;;550.03;0.72;0.0;2.98;0.0;6.03;0.0;559.04;0.02
2019;1;151;198_001;solnu;;480.61;0.73;0.0;2.8;0.0;0.0;0.0;483.41;0.02
2019;152;258;198_001;mil;mil_precarachide;904.58;0.72;9.41;5.32;0.0;131.37;0.0;1050.68;0.02
2019;259;365;198_001;solnu;;545.4;0.71;0.0;2.67;0.0;8.54;0.0;556.61;0.02
2019;1;151;199_001;solnu;;480.61;0.73;0.0;2.8;0.0;0.0;0.0;483.41;0.02
2019;152;258;199_001;mil;mil_precarachide;904.58;0.72;9.41;5.32;0.0;131.37;0.0;1050.68;0.02
2019;259;365;199_001;solnu;;545.4;0.71;0.0;2.67;0.0;8.54;0.0;556.61;0.02
2019;1;151;200_001;solnu;;450.01;0.76;0.0;2.51;0.0;0.0;0.0;452.52;0.03
2019;152;258;200_001;mil;mil_precarachide;845.28;0.75;7.19;4.76;0.0;112.73;0.0;969.96;0.02
2019;259;365;200_001;solnu;;486.26;0.74;0.0;2.31;0.0;7.41;0.0;495.98;0.02
2019;1;151;201_001;solnu;;451.2;0.75;0.0;2.52;0.0;0.0;0.0;453.72;0.02
2019;152;258;201_001;mil;mil_precarachide;848.71;0.74;7.85;4.79;0.0;114.14;0.0;975.49;0.02
2019;259;365;201_001;solnu;;492.36;0.74;0.0;2.34;0.0;7.47;0.0;502.17;0.02
2019;1;151;202_001;solnu;;451.2;0.75;0.0;2.52;0.0;0.0;0.0;453.72;0.02
2019;152;258;202_001;mil;mil_precarachide;848.71;0.74;7.85;4.79;0.0;114.14;0.0;975.49;0.02
2019;259;365;202_001;solnu;;492.36;0.74;0.0;2.34;0.0;7.47;0.0;502.17;0.02
2019;1;151;203_001;solnu;;451.2;0.75;0.0;2.52;0.0;0.0;0.0;453.72;0.02
2019;152;258;203_001;mil;mil_precarachide;848.71;0.74;7.85;4.79;0.0;114.14;0.0;975.49;0.02
2019;259;365;203_001;solnu;;492.36;0.74;0.0;2.34;0.0;7.47;0.0;502.17;0.02
2019;1;151;204_001;solnu;;468.49;0.84;0.0;2.58;0.0;0.0;0.0;471.07;0.03
2019;152;258;204_001;mil;mil_precarachide;890.82;0.83;6.1;4.95;0.0;117.47;0.0;1019.33;0.03
2019;259;365;204_001;solnu;;530.8;0.82;0.0;2.45;0.0;7.82;0.0;541.07;0.03
2019;1;151;205_001;solnu;;488.72;0.83;0.0;2.71;0.0;0.0;0.0;491.44;0.03
2019;152;258;205_001;mil;mil_precarachide;925.24;0.82;7.92;5.19;0.0;125.63;0.0;1063.97;0.03
2019;259;365;205_001;solnu;;566.18;0.82;0.0;2.69;0.0;8.24;0.0;577.1;0.03
2019;1;151;206_001;solnu;;468.49;0.84;0.0;2.58;0.0;0.0;0.0;471.07;0.03
2019;152;258;206_001;mil;mil_precarachide;890.82;0.83;6.1;4.95;0.0;117.47;0.0;1019.33;0.03
2019;259;365;206_001;solnu;;530.8;0.82;0.0;2.45;0.0;7.82;0.0;541.07;0.03
2019;1;151;207_001;solnu;;488.72;0.83;0.0;2.71;0.0;0.0;0.0;491.44;0.03
2019;152;258;207_001;mil;mil_precarachide;925.24;0.82;7.92;5.19;0.0;125.63;0.0;1063.97;0.03
2019;259;365;207_001;solnu;;566.18;0.82;0.0;2.69;0.0;8.24;0.0;577.1;0.03
2019;1;151;208_001;solnu;;468.49;0.84;0.0;2.58;0.0;0.0;0.0;471.07;0.03
2019;152;258;208_001;mil;mil_precarachide;890.82;0.83;6.1;4.95;0.0;117.47;0.0;1019.33;0.03
2019;259;365;208_001;solnu;;530.8;0.82;0.0;2.45;0.0;7.82;0.0;541.07;0.03
2019;1;151;209_001;solnu;;488.72;0.83;0.0;2.71;0.0;0.0;0.0;491.44;0.03
2019;152;258;209_001;mil;mil_precarachide;925.24;0.82;7.92;5.19;0.0;125.63;0.0;1063.97;0.03
2019;259;365;209_001;solnu;;566.18;0.82;0.0;2.69;0.0;8.24;0.0;577.1;0.03
2019;1;151;210_001;solnu;;498.35;0.73;0.0;2.92;0.0;0.0;0.0;501.27;0.02
2019;152;258;210_001;mil;mil_precarachide;933.29;0.72;8.21;5.52;0.0;137.15;0.0;1084.17;0.02
2019;259;365;210_001;solnu;;550.03;0.72;0.0;2.98;0.0;6.03;0.0;559.04;0.02
2019;1;151;211_001;solnu;;480.61;0.73;0.0;2.8;0.0;0.0;0.0;483.41;0.02
2019;152;258;211_001;mil;mil_precarachide;904.58;0.72;9.41;5.32;0.0;131.37;0.0;1050.68;0.02
2019;259;365;211_001;solnu;;545.4;0.71;0.0;2.67;0.0;8.54;0.0;556.61;0.02
2019;1;151;212_001;solnu;;498.35;0.73;0.0;2.92;0.0;0.0;0.0;501.27;0.02
2019;152;258;212_001;mil;mil_precarachide;933.29;0.72;8.21;5.52;0.0;137.15;0.0;1084.17;0.02
2019;259;365;212_001;solnu;;550.03;0.72;0.0;2.98;0.0;6.03;0.0;559.04;0.02
2019;1;151;213_001;solnu;;480.61;0.73;0.0;2.8;0.0;0.0;0.0;483.41;0.02
2019;152;258;213_001;mil;mil_precarachide;904.58;0.72;9.41;5.32;0.0;131.37;0.0;1050.68;0.02
2019;259;365;213_001;solnu;;545.4;0.71;0.0;2.67;0.0;8.54;0.0;556.61;0.02
2019;1;151;214_001;solnu;;450.01;0.76;0.0;2.51;0.0;0.0;0.0;452.52;0.03
2019;152;258;214_001;mil;mil_precarachide;845.28;0.75;7.19;4.76;0.0;112.73;0.0;969.96;0.02
2019;259;365;214_001;solnu;;486.26;0.74;0.0;2.31;0.0;7.41;0.0;495.98;0.02
2019;1;151;215_001;solnu;;451.2;0.75;0.0;2.52;0.0;0.0;0.0;453.72;0.02
2019;152;258;215_001;mil;mil_precarachide;848.71;0.74;7.85;4.79;0.0;114.14;0.0;975.49;0.02
2019;259;365;215_001;solnu;;492.36;0.74;0.0;2.34;0.0;7.47;0.0;502.17;0.02
2019;1;151;216_001;solnu;;498.35;0.73;0.0;2.92;0.0;0.0;0.0;501.27;0.02
2019;152;258;216_001;mil;mil_precarachide;933.29;0.72;8.21;5.52;0.0;137.15;0.0;1084.17;0.02
2019;259;365;216_001;solnu;;550.03;0.72;0.0;2.98;0.0;6.03;0.0;559.04;0.02
2019;1;151;217_001;solnu;;480.61;0.73;0.0;2.8;0.0;0.0;0.0;483.41;0.02
2019;152;258;217_001;mil;mil_precarachide;904.58;0.72;9.41;5.32;0.0;131.37;0.0;1050.68;0.02
2019;259;365;217_001;solnu;;545.4;0.71;0.0;2.67;0.0;8.54;0.0;556.61;0.02
2019;1;151;218_001;solnu;;524.36;0.79;0.0;3.06;0.0;0.0;0.0;527.42;0.03
2019;152;258;218_001;mil;mil_precarachide;989.93;0.78;18.11;5.83;0.0;147.84;0.0;1161.72;0.03
2019;259;365;218_001;solnu;;629.3;0.77;0.0;3.36;0.0;6.36;0.0;639.02;0.02
2019;1;151;219_001;solnu;;494.17;0.8;0.0;2.8;0.0;0.0;0.0;496.97;0.03
2019;152;258;219_001;mil;mil_precarachide;935.82;0.79;14.15;5.36;0.0;132.09;0.0;1087.41;0.03
2019;259;365;219_001;solnu;;573.19;0.78;0.0;3.02;0.0;5.74;0.0;581.95;0.03
2019;1;151;220_001;solnu;;524.36;0.79;0.0;3.06;0.0;0.0;0.0;527.42;0.03
2019;152;258;220_001;mil;mil_precarachide;989.93;0.78;18.11;5.83;0.0;147.84;0.0;1161.72;0.03
2019;259;365;220_001;solnu;;629.3;0.77;0.0;3.36;0.0;6.36;0.0;639.02;0.02
2019;1;151;221_001;solnu;;494.17;0.8;0.0;2.8;0.0;0.0;0.0;496.97;0.03
2019;152;258;221_001;mil;mil_precarachide;935.82;0.79;14.15;5.36;0.0;132.09;0.0;1087.41;0.03
2019;259;365;221_001;solnu;;573.19;0.78;0.0;3.02;0.0;5.74;0.0;581.95;0.03
2019;1;151;222_001;solnu;;498.35;0.73;0.0;2.92;0.0;0.0;0.0;501.27;0.02
2019;152;258;222_001;mil;mil_precarachide;933.29;0.72;8.21;5.52;0.0;137.15;0.0;1084.17;0.02
2019;259;365;222_001;solnu;;550.03;0.72;0.0;2.98;0.0;6.03;0.0;559.04;0.02
2019;1;151;223_001;solnu;;480.61;0.73;0.0;2.8;0.0;0.0;0.0;483.41;0.02
2019;152;258;223_001;mil;mil_precarachide;904.58;0.72;9.41;5.32;0.0;131.37;0.0;1050.68;0.02
2019;259;365;223_001;solnu;;545.4;0.71;0.0;2.67;0.0;8.54;0.0;556.61;0.02
2019;1;151;224_001;solnu;;450.01;0.76;0.0;2.51;0.0;0.0;0.0;452.52;0.03
2019;152;258;224_001;mil;mil_precarachide;845.28;0.75;7.19;4.76;0.0;112.73;0.0;969.96;0.02
2019;259;365;224_001;solnu;;486.26;0.74;0.0;2.31;0.0;7.41;0.0;495.98;0.02
2019;1;151;225_001;solnu;;451.2;0.75;0.0;2.52;0.0;0.0;0.0;453.72;0.02
2019;152;258;225_001;mil;mil_precarachide;848.71;0.74;7.85;4.79;0.0;114.14;0.0;975.49;0.02
2019;259;365;225_001;solnu;;492.36;0.74;0.0;2.34;0.0;7.47;0.0;502.17;0.02
2019;1;151;226_001;solnu;;450.01;0.76;0.0;2.51;0.0;0.0;0.0;452.52;0.03
2019;152;258;226_001;mil;mil_precarachide;845.28;0.75;7.19;4.76;0.0;112.73;0.0;969.96;0.02
2019;259;365;226_001;solnu;;486.26;0.74;0.0;2.31;0.0;7.41;0.0;495.98;0.02
2019;1;151;227_001;solnu;;451.2;0.75;0.0;2.52;0.0;0.0;0.0;453.72;0.02
2019;152;258;227_001;mil;mil_precarachide;848.71;0.74;7.85;4.79;0.0;114.14;0.0;975.49;0.02
2019;259;365;227_001;solnu;;492.36;0.74;0.0;2.34;0.0;7.47;0.0;502.17;0.02
2019;1;151;228_001;solnu;;450.01;0.76;0.0;2.51;0.0;0.0;0.0;452.52;0.03
2019;152;258;228_001;mil;mil_precarachide;845.28;0.75;7.19;4.76;0.0;112.73;0.0;969.96;0.02
2019;259;365;228_001;solnu;;486.26;0.74;0.0;2.31;0.0;7.41;0.0;495.98;0.02
2019;1;151;229_001;solnu;;451.2;0.75;0.0;2.52;0.0;0.0;0.0;453.72;0.02
2019;152;258;229_001;mil;mil_precarachide;848.71;0.74;7.85;4.79;0.0;114.14;0.0;975.49;0.02
2019;259;365;229_001;solnu;;492.36;0.74;0.0;2.34;0.0;7.47;0.0;502.17;0.02
2019;1;151;230_001;solnu;;450.01;0.76;0.0;2.51;0.0;0.0;0.0;452.52;0.03
2019;152;258;230_001;mil;mil_precarachide;845.28;0.75;7.19;4.76;0.0;112.73;0.0;969.96;0.02
2019;259;365;230_001;solnu;;486.26;0.74;0.0;2.31;0.0;7.41;0.0;495.98;0.02
2019;1;151;231_001;solnu;;451.2;0.75;0.0;2.52;0.0;0.0;0.0;453.72;0.02
2019;152;258;231_001;mil;mil_precarachide;848.71;0.74;7.85;4.79;0.0;114.14;0.0;975.49;0.02
2019;259;365;231_001;solnu;;492.36;0.74;0.0;2.34;0.0;7.47;0.0;502.17;0.02
2019;1;151;232_001;solnu;;450.01;0.76;0.0;2.51;0.0;0.0;0.0;452.52;0.03
2019;152;258;232_001;mil;mil_precarachide;845.28;0.75;7.19;4.76;0.0;112.73;0.0;969.96;0.02
2019;259;365;232_001;solnu;;486.26;0.74;0.0;2.31;0.0;7.41;0.0;495.98;0.02
2019;1;151;233_001;solnu;;451.2;0.75;0.0;2.52;0.0;0.0;0.0;453.72;0.02
2019;152;258;233_001;mil;mil_precarachide;848.71;0.74;7.85;4.79;0.0;114.14;0.0;975.49;0.02
2019;259;365;233_001;solnu;;492.36;0.74;0.0;2.34;0.0;7.47;0.0;502.17;0.02
2019;1;151;234_001;solnu;;468.49;0.84;0.0;2.58;0.0;0.0;0.0;471.07;0.03
2019;152;258;234_001;mil;mil_precarachide;890.82;0.83;6.1;4.95;0.0;117.47;0.0;1019.33;0.03
2019;259;365;234_001;solnu;;530.8;0.82;0.0;2.45;0.0;7.82;0.0;541.07;0.03
2019;1;151;235_001;solnu;;488.72;0.83;0.0;2.71;0.0;0.0;0.0;491.44;0.03
2019;152;258;235_001;mil;mil_precarachide;925.24;0.82;7.92;5.19;0.0;125.63;0.0;1063.97;0.03
2019;259;365;235_001;solnu;;566.18;0.82;0.0;2.69;0.0;8.24;0.0;577.1;0.03
2019;1;151;236_001;solnu;;450.01;0.76;0.0;2.51;0.0;0.0;0.0;452.52;0.03
2019;152;258;236_001;mil;mil_precarachide;845.28;0.75;7.19;4.76;0.0;112.73;0.0;969.96;0.02
2019;259;365;236_001;solnu;;486.26;0.74;0.0;2.31;0.0;7.41;0.0;495.98;0.02
2019;1;151;237_001;solnu;;451.2;0.75;0.0;2.52;0.0;0.0;0.0;453.72;0.02
2019;152;258;237_001;mil;mil_precarachide;848.71;0.74;7.85;4.79;0.0;114.14;0.0;975.49;0.02
2019;259;365;237_001;solnu;;492.36;0.74;0.0;2.34;0.0;7.47;0.0;502.17;0.02
2019;1;151;238_001;solnu;;450.01;0.76;0.0;2.51;0.0;0.0;0.0;452.52;0.03
2019;152;258;238_001;mil;mil_precarachide;845.28;0.75;7.19;4.76;0.0;112.73;0.0;969.96;0.02
2019;259;365;238_001;solnu;;486.26;0.74;0.0;2.31;0.0;7.41;0.0;495.98;0.02
2019;1;151;239_001;solnu;;451.2;0.75;0.0;2.52;0.0;0.0;0.0;453.72;0.02
2019;152;258;239_001;mil;mil_precarachide;848.71;0.74;7.85;4.79;0.0;114.14;0.0;975.49;0.02
2019;259;365;239_001;solnu;;492.36;0.74;0.0;2.34;0.0;7.47;0.0;502.17;0.02
2019;1;151;240_001;solnu;;450.01;0.76;0.0;2.51;0.0;0.0;0.0;452.52;0.03
2019;152;258;240_001;mil;mil_precarachide;845.28;0.75;7.19;4.76;0.0;112.73;0.0;969.96;0.02
2019;259;365;240_001;solnu;;486.26;0.74;0.0;2.31;0.0;7.41;0.0;495.98;0.02
2019;1;151;241_001;solnu;;451.2;0.75;0.0;2.52;0.0;0.0;0.0;453.72;0.02
2019;152;258;241_001;mil;mil_precarachide;848.71;0.74;7.85;4.79;0.0;114.14;0.0;975.49;0.02
2019;259;365;241_001;solnu;;492.36;0.74;0.0;2.34;0.0;7.47;0.0;502.17;0.02
2019;1;151;242_001;solnu;;450.01;0.76;0.0;2.51;0.0;0.0;0.0;452.52;0.03
2019;152;258;242_001;mil;mil_precarachide;845.28;0.75;7.19;4.76;0.0;112.73;0.0;969.96;0.02
2019;259;365;242_001;solnu;;486.26;0.74;0.0;2.31;0.0;7.41;0.0;495.98;0.02
2019;1;151;243_001;solnu;;451.2;0.75;0.0;2.52;0.0;0.0;0.0;453.72;0.02
2019;152;258;243_001;mil;mil_precarachide;848.71;0.74;7.85;4.79;0.0;114.14;0.0;975.49;0.02
2019;259;365;243_001;solnu;;492.36;0.74;0.0;2.34;0.0;7.47;0.0;502.17;0.02
2019;1;151;244_001;solnu;;450.01;0.76;0.0;2.51;0.0;0.0;0.0;452.52;0.03
2019;152;258;244_001;mil;mil_precarachide;845.28;0.75;7.19;4.76;0.0;112.73;0.0;969.96;0.02
2019;259;365;244_001;solnu;;486.26;0.74;0.0;2.31;0.0;7.41;0.0;495.98;0.02
2019;1;151;245_001;solnu;;451.2;0.75;0.0;2.52;0.0;0.0;0.0;453.72;0.02
2019;152;258;245_001;mil;mil_precarachide;848.71;0.74;7.85;4.79;0.0;114.14;0.0;975.49;0.02
2019;259;365;245_001;solnu;;492.36;0.74;0.0;2.34;0.0;7.47;0.0;502.17;0.02
2019;1;151;246_001;solnu;;450.01;0.76;0.0;2.51;0.0;0.0;0.0;452.52;0.03
2019;152;258;246_001;mil;mil_precarachide;845.28;0.75;7.19;4.76;0.0;112.73;0.0;969.96;0.02
2019;259;365;246_001;solnu;;486.26;0.74;0.0;2.31;0.0;7.41;0.0;495.98;0.02
2019;1;151;247_001;solnu;;451.2;0.75;0.0;2.52;0.0;0.0;0.0;453.72;0.02
2019;152;258;247_001;mil;mil_precarachide;848.71;0.74;7.85;4.79;0.0;114.14;0.0;975.49;0.02
2019;259;365;247_001;solnu;;492.36;0.74;0.0;2.34;0.0;7.47;0.0;502.17;0.02
2019;1;151;248_001;solnu;;450.01;0.76;0.0;2.51;0.0;0.0;0.0;452.52;0.03
2019;152;258;248_001;mil;mil_precarachide;845.28;0.75;7.19;4.76;0.0;112.73;0.0;969.96;0.02
2019;259;365;248_001;solnu;;486.26;0.74;0.0;2.31;0.0;7.41;0.0;495.98;0.02
2019;1;151;249_001;solnu;;451.2;0.75;0.0;2.52;0.0;0.0;0.0;453.72;0.02
2019;152;258;249_001;mil;mil_precarachide;848.71;0.74;7.85;4.79;0.0;114.14;0.0;975.49;0.02
2019;259;365;249_001;solnu;;492.36;0.74;0.0;2.34;0.0;7.47;0.0;502.17;0.02
2019;1;151;250_001;solnu;;498.35;0.73;0.0;2.92;0.0;0.0;0.0;501.27;0.02
2019;152;258;250_001;mil;mil_precarachide;933.29;0.72;8.21;5.52;0.0;137.15;0.0;1084.17;0.02
2019;259;365;250_001;solnu;;550.03;0.72;0.0;2.98;0.0;6.03;0.0;559.04;0.02
2019;1;151;251_001;solnu;;480.61;0.73;0.0;2.8;0.0;0.0;0.0;483.41;0.02
2019;152;258;251_001;mil;mil_precarachide;904.58;0.72;9.41;5.32;0.0;131.37;0.0;1050.68;0.02
2019;259;365;251_001;solnu;;545.4;0.71;0.0;2.67;0.0;8.54;0.0;556.61;0.02
2019;1;151;252_001;solnu;;468.49;0.84;0.0;2.58;0.0;0.0;0.0;471.07;0.03
2019;152;258;252_001;mil;mil_precarachide;890.82;0.83;6.1;4.95;0.0;117.47;0.0;1019.33;0.03
2019;259;365;252_001;solnu;;530.8;0.82;0.0;2.45;0.0;7.82;0.0;541.07;0.03
2019;1;151;253_001;solnu;;488.72;0.83;0.0;2.71;0.0;0.0;0.0;491.44;0.03
2019;152;258;253_001;mil;mil_precarachide;925.24;0.82;7.92;5.19;0.0;125.63;0.0;1063.97;0.03
2019;259;365;253_001;solnu;;566.18;0.82;0.0;2.69;0.0;8.24;0.0;577.1;0.03
2019;1;151;255_001;solnu;;498.35;0.73;0.0;2.92;0.0;0.0;0.0;501.27;0.02
2019;152;258;255_001;mil;mil_precarachide;933.29;0.72;8.21;5.52;0.0;137.15;0.0;1084.17;0.02
2019;259;365;255_001;solnu;;550.03;0.72;0.0;2.98;0.0;6.03;0.0;559.04;0.02
2019;1;151;256_001;solnu;;480.61;0.73;0.0;2.8;0.0;0.0;0.0;483.41;0.02
2019;152;258;256_001;mil;mil_precarachide;904.58;0.72;9.41;5.32;0.0;131.37;0.0;1050.68;0.02
2019;259;365;256_001;solnu;;545.4;0.71;0.0;2.67;0.0;8.54;0.0;556.61;0.02
2019;1;151;257_001;solnu;;450.01;0.76;0.0;2.51;0.0;0.0;0.0;452.52;0.03
2019;152;258;257_001;mil;mil_precarachide;845.28;0.75;7.19;4.76;0.0;112.73;0.0;969.96;0.02
2019;259;365;257_001;solnu;;486.26;0.74;0.0;2.31;0.0;7.41;0.0;495.98;0.02
2019;1;151;258_001;solnu;;451.2;0.75;0.0;2.52;0.0;0.0;0.0;453.72;0.02
2019;152;258;258_001;mil;mil_precarachide;848.71;0.74;7.85;4.79;0.0;114.14;0.0;975.49;0.02
2019;259;365;258_001;solnu;;492.36;0.74;0.0;2.34;0.0;7.47;0.0;502.17;0.02
2019;1;151;259_001;solnu;;450.01;0.76;0.0;2.51;0.0;0.0;0.0;452.52;0.03
2019;152;258;259_001;mil;mil_precarachide;845.28;0.75;7.19;4.76;0.0;112.73;0.0;969.96;0.02
2019;259;365;259_001;solnu;;486.26;0.74;0.0;2.31;0.0;7.41;0.0;495.98;0.02
2019;1;151;260_001;solnu;;451.2;0.75;0.0;2.52;0.0;0.0;0.0;453.72;0.02
2019;152;258;260_001;mil;mil_precarachide;848.71;0.74;7.85;4.79;0.0;114.14;0.0;975.49;0.02
2019;259;365;260_001;solnu;;492.36;0.74;0.0;2.34;0.0;7.47;0.0;502.17;0.02
2019;1;151;261_001;solnu;;451.2;0.75;0.0;2.52;0.0;0.0;0.0;453.72;0.02
2019;152;258;261_001;mil;mil_precarachide;848.71;0.74;7.85;4.79;0.0;114.14;0.0;975.49;0.02
2019;259;365;261_001;solnu;;492.36;0.74;0.0;2.34;0.0;7.47;0.0;502.17;0.02
2019;1;151;262_001;solnu;;451.2;0.75;0.0;2.52;0.0;0.0;0.0;453.72;0.02
2019;152;258;262_001;mil;mil_precarachide;848.71;0.74;7.85;4.79;0.0;114.14;0.0;975.49;0.02
2019;259;365;262_001;solnu;;492.36;0.74;0.0;2.34;0.0;7.47;0.0;502.17;0.02
2019;1;151;263_001;solnu;;451.2;0.75;0.0;2.52;0.0;0.0;0.0;453.72;0.02
2019;152;258;263_001;mil;mil_precarachide;848.71;0.74;7.85;4.79;0.0;114.14;0.0;975.49;0.02
2019;259;365;263_001;solnu;;492.36;0.74;0.0;2.34;0.0;7.47;0.0;502.17;0.02
2019;1;151;264_001;solnu;;451.2;0.75;0.0;2.52;0.0;0.0;0.0;453.72;0.02
2019;152;258;264_001;mil;mil_precarachide;848.71;0.74;7.85;4.79;0.0;114.14;0.0;975.49;0.02
2019;259;365;264_001;solnu;;492.36;0.74;0.0;2.34;0.0;7.47;0.0;502.17;0.02
2019;1;151;265_001;solnu;;450.01;0.76;0.0;2.51;0.0;0.0;0.0;452.52;0.03
2019;152;258;265_001;mil;mil_precarachide;845.28;0.75;7.19;4.76;0.0;112.73;0.0;969.96;0.02
2019;259;365;265_001;solnu;;486.26;0.74;0.0;2.31;0.0;7.41;0.0;495.98;0.02
2019;1;151;266_001;solnu;;451.2;0.75;0.0;2.52;0.0;0.0;0.0;453.72;0.02
2019;152;258;266_001;mil;mil_precarachide;848.71;0.74;7.85;4.79;0.0;114.14;0.0;975.49;0.02
2019;259;365;266_001;solnu;;492.36;0.74;0.0;2.34;0.0;7.47;0.0;502.17;0.02
2019;1;151;267_001;solnu;;468.49;0.84;0.0;2.58;0.0;0.0;0.0;471.07;0.03
2019;152;258;267_001;mil;mil_precarachide;890.82;0.83;6.1;4.95;0.0;117.47;0.0;1019.33;0.03
2019;259;365;267_001;solnu;;530.8;0.82;0.0;2.45;0.0;7.82;0.0;541.07;0.03
2019;1;151;268_001;solnu;;488.72;0.83;0.0;2.71;0.0;0.0;0.0;491.44;0.03
2019;152;258;268_001;mil;mil_precarachide;925.24;0.82;7.92;5.19;0.0;125.63;0.0;1063.97;0.03
2019;259;365;268_001;solnu;;566.18;0.82;0.0;2.69;0.0;8.24;0.0;577.1;0.03
2019;1;151;269_001;solnu;;468.49;0.84;0.0;2.58;0.0;0.0;0.0;471.07;0.03
2019;152;258;269_001;mil;mil_precarachide;890.82;0.83;6.1;4.95;0.0;117.47;0.0;1019.33;0.03
2019;259;365;269_001;solnu;;530.8;0.82;0.0;2.45;0.0;7.82;0.0;541.07;0.03
2019;1;151;270_001;solnu;;488.72;0.83;0.0;2.71;0.0;0.0;0.0;491.44;0.03
2019;152;258;270_001;mil;mil_precarachide;925.24;0.82;7.92;5.19;0.0;125.63;0.0;1063.97;0.03
2019;259;365;270_001;solnu;;566.18;0.82;0.0;2.69;0.0;8.24;0.0;577.1;0.03
2019;1;151;271_001;solnu;;468.49;0.84;0.0;2.58;0.0;0.0;0.0;471.07;0.03
2019;152;258;271_001;mil;mil_precarachide;890.82;0.83;6.1;4.95;0.0;117.47;0.0;1019.33;0.03
2019;259;365;271_001;solnu;;530.8;0.82;0.0;2.45;0.0;7.82;0.0;541.07;0.03
2019;1;151;272_001;solnu;;488.72;0.83;0.0;2.71;0.0;0.0;0.0;491.44;0.03
2019;152;258;272_001;mil;mil_precarachide;925.24;0.82;7.92;5.19;0.0;125.63;0.0;1063.97;0.03
2019;259;365;272_001;solnu;;566.18;0.82;0.0;2.69;0.0;8.24;0.0;577.1;0.03
2019;1;151;275_001;solnu;;480.61;0.73;0.0;2.8;0.0;0.0;0.0;483.41;0.02
2019;152;258;275_001;mil;mil_precarachide;904.58;0.72;9.41;5.32;0.0;131.37;0.0;1050.68;0.02
2019;259;365;275_001;solnu;;545.4;0.71;0.0;2.67;0.0;8.54;0.0;556.61;0.02
2019;1;151;276_001;solnu;;450.01;0.76;0.0;2.51;0.0;0.0;0.0;452.52;0.03
2019;152;258;276_001;mil;mil_precarachide;845.28;0.75;7.19;4.76;0.0;112.73;0.0;969.96;0.02
2019;259;365;276_001;solnu;;486.26;0.74;0.0;2.31;0.0;7.41;0.0;495.98;0.02
2019;1;151;277_001;solnu;;451.2;0.75;0.0;2.52;0.0;0.0;0.0;453.72;0.02
2019;152;258;277_001;mil;mil_precarachide;848.71;0.74;7.85;4.79;0.0;114.14;0.0;975.49;0.02
2019;259;365;277_001;solnu;;492.36;0.74;0.0;2.34;0.0;7.47;0.0;502.17;0.02
2019;1;151;278_001;solnu;;450.01;0.76;0.0;2.51;0.0;0.0;0.0;452.52;0.03
2019;152;258;278_001;mil;mil_precarachide;845.28;0.75;7.19;4.76;0.0;112.73;0.0;969.96;0.02
2019;259;365;278_001;solnu;;486.26;0.74;0.0;2.31;0.0;7.41;0.0;495.98;0.02
2019;1;151;279_001;solnu;;451.2;0.75;0.0;2.52;0.0;0.0;0.0;453.72;0.02
2019;152;258;279_001;mil;mil_precarachide;848.71;0.74;7.85;4.79;0.0;114.14;0.0;975.49;0.02
2019;259;365;279_001;solnu;;492.36;0.74;0.0;2.34;0.0;7.47;0.0;502.17;0.02
2019;1;151;280_001;solnu;;450.01;0.76;0.0;2.51;0.0;0.0;0.0;452.52;0.03
2019;152;258;280_001;mil;mil_precarachide;845.28;0.75;7.19;4.76;0.0;112.73;0.0;969.96;0.02
2019;259;365;280_001;solnu;;486.26;0.74;0.0;2.31;0.0;7.41;0.0;495.98;0.02
2019;1;151;281_001;solnu;;451.2;0.75;0.0;2.52;0.0;0.0;0.0;453.72;0.02
2019;152;258;281_001;mil;mil_precarachide;848.71;0.74;7.85;4.79;0.0;114.14;0.0;975.49;0.02
2019;259;365;281_001;solnu;;492.36;0.74;0.0;2.34;0.0;7.47;0.0;502.17;0.02
2019;1;151;282_001;solnu;;524.36;0.79;0.0;3.06;0.0;0.0;0.0;527.42;0.03
2019;152;258;282_001;mil;mil_precarachide;989.93;0.78;18.11;5.83;0.0;147.84;0.0;1161.72;0.03
2019;259;365;282_001;solnu;;629.3;0.77;0.0;3.36;0.0;6.36;0.0;639.02;0.02
2019;1;151;283_001;solnu;;494.17;0.8;0.0;2.8;0.0;0.0;0.0;496.97;0.03
2019;152;258;283_001;mil;mil_precarachide;935.82;0.79;14.15;5.36;0.0;132.09;0.0;1087.41;0.03
2019;259;365;283_001;solnu;;573.19;0.78;0.0;3.02;0.0;5.74;0.0;581.95;0.03
2019;1;151;284_001;solnu;;468.49;0.84;0.0;2.58;0.0;0.0;0.0;471.07;0.03
2019;152;258;284_001;mil;mil_precarachide;890.82;0.83;6.1;4.95;0.0;117.47;0.0;1019.33;0.03
2019;259;365;284_001;solnu;;530.8;0.82;0.0;2.45;0.0;7.82;0.0;541.07;0.03
2019;1;151;285_001;solnu;;488.72;0.83;0.0;2.71;0.0;0.0;0.0;491.44;0.03
2019;152;258;285_001;mil;mil_precarachide;925.24;0.82;7.92;5.19;0.0;125.63;0.0;1063.97;0.03
2019;259;365;285_001;solnu;;566.18;0.82;0.0;2.69;0.0;8.24;0.0;577.1;0.03
2019;1;151;286_001;solnu;;451.2;0.75;0.0;2.52;0.0;0.0;0.0;453.72;0.02
2019;152;258;286_001;mil;mil_precarachide;848.71;0.74;7.85;4.79;0.0;114.14;0.0;975.49;0.02
2019;259;365;286_001;solnu;;492.36;0.74;0.0;2.34;0.0;7.47;0.0;502.17;0.02
2019;1;151;287_001;solnu;;450.01;0.76;0.0;2.51;0.0;0.0;0.0;452.52;0.03
2019;152;258;287_001;mil;mil_precarachide;845.28;0.75;7.19;4.76;0.0;112.73;0.0;969.96;0.02
2019;259;365;287_001;solnu;;486.26;0.74;0.0;2.31;0.0;7.41;0.0;495.98;0.02
2019;1;151;288_001;solnu;;451.2;0.75;0.0;2.52;0.0;0.0;0.0;453.72;0.02
2019;152;258;288_001;mil;mil_precarachide;848.71;0.74;7.85;4.79;0.0;114.14;0.0;975.49;0.02
2019;259;365;288_001;solnu;;492.36;0.74;0.0;2.34;0.0;7.47;0.0;502.17;0.02
2019;1;151;289_001;solnu;;450.01;0.76;0.0;2.51;0.0;0.0;0.0;452.52;0.03
2019;152;258;289_001;mil;mil_precarachide;845.28;0.75;7.19;4.76;0.0;112.73;0.0;969.96;0.02
2019;259;365;289_001;solnu;;486.26;0.74;0.0;2.31;0.0;7.41;0.0;495.98;0.02
2019;1;151;290_001;solnu;;451.2;0.75;0.0;2.52;0.0;0.0;0.0;453.72;0.02
2019;152;258;290_001;mil;mil_precarachide;848.71;0.74;7.85;4.79;0.0;114.14;0.0;975.49;0.02
2019;259;365;290_001;solnu;;492.36;0.74;0.0;2.34;0.0;7.47;0.0;502.17;0.02
2019;1;151;291_001;solnu;;498.35;0.73;0.0;2.92;0.0;0.0;0.0;501.27;0.02
2019;152;258;291_001;mil;mil_precarachide;933.29;0.72;8.21;5.52;0.0;137.15;0.0;1084.17;0.02
2019;259;365;291_001;solnu;;550.03;0.72;0.0;2.98;0.0;6.03;0.0;559.04;0.02
2019;1;151;292_001;solnu;;480.61;0.73;0.0;2.8;0.0;0.0;0.0;483.41;0.02
2019;152;258;292_001;mil;mil_precarachide;904.58;0.72;9.41;5.32;0.0;131.37;0.0;1050.68;0.02
2019;259;365;292_001;solnu;;545.4;0.71;0.0;2.67;0.0;8.54;0.0;556.61;0.02
2019;1;151;293_001;solnu;;498.35;0.73;0.0;2.92;0.0;0.0;0.0;501.27;0.02
2019;152;258;293_001;mil;mil_precarachide;933.29;0.72;8.21;5.52;0.0;137.15;0.0;1084.17;0.02
2019;259;365;293_001;solnu;;550.03;0.72;0.0;2.98;0.0;6.03;0.0;559.04;0.02
2019;1;151;294_001;solnu;;480.61;0.73;0.0;2.8;0.0;0.0;0.0;483.41;0.02
2019;152;258;294_001;mil;mil_precarachide;904.58;0.72;9.41;5.32;0.0;131.37;0.0;1050.68;0.02
2019;259;365;294_001;solnu;;545.4;0.71;0.0;2.67;0.0;8.54;0.0;556.61;0.02
2019;1;151;295_001;solnu;;480.61;0.73;0.0;2.8;0.0;0.0;0.0;483.41;0.02
2019;152;258;295_001;mil;mil_precarachide;904.58;0.72;9.41;5.32;0.0;131.37;0.0;1050.68;0.02
2019;259;365;295_001;solnu;;545.4;0.71;0.0;2.67;0.0;8.54;0.0;556.61;0.02
2019;1;151;296_001;solnu;;480.61;0.73;0.0;2.8;0.0;0.0;0.0;483.41;0.02
2019;152;258;296_001;mil;mil_precarachide;904.58;0.72;9.41;5.32;0.0;131.37;0.0;1050.68;0.02
2019;259;365;296_001;solnu;;545.4;0.71;0.0;2.67;0.0;8.54;0.0;556.61;0.02
2019;1;151;297_001;solnu;;498.35;0.73;0.0;2.92;0.0;0.0;0.0;501.27;0.02
2019;152;258;297_001;mil;mil_precarachide;933.29;0.72;8.21;5.52;0.0;137.15;0.0;1084.17;0.02
2019;259;365;297_001;solnu;;550.03;0.72;0.0;2.98;0.0;6.03;0.0;559.04;0.02
2019;1;151;298_001;solnu;;480.61;0.73;0.0;2.8;0.0;0.0;0.0;483.41;0.02
2019;152;258;298_001;mil;mil_precarachide;904.58;0.72;9.41;5.32;0.0;131.37;0.0;1050.68;0.02
2019;259;365;298_001;solnu;;545.4;0.71;0.0;2.67;0.0;8.54;0.0;556.61;0.02
2019;1;151;299_001;solnu;;450.01;0.76;0.0;2.51;0.0;0.0;0.0;452.52;0.03
2019;152;258;299_001;mil;mil_precarachide;845.28;0.75;7.19;4.76;0.0;112.73;0.0;969.96;0.02
2019;259;365;299_001;solnu;;486.26;0.74;0.0;2.31;0.0;7.41;0.0;495.98;0.02
2019;1;151;300_001;solnu;;451.2;0.75;0.0;2.52;0.0;0.0;0.0;453.72;0.02
2019;152;258;300_001;mil;mil_precarachide;848.71;0.74;7.85;4.79;0.0;114.14;0.0;975.49;0.02
2019;259;365;300_001;solnu;;492.36;0.74;0.0;2.34;0.0;7.47;0.0;502.17;0.02
2019;1;151;301_001;solnu;;450.01;0.76;0.0;2.51;0.0;0.0;0.0;452.52;0.03
2019;152;258;301_001;mil;mil_precarachide;845.28;0.75;7.19;4.76;0.0;112.73;0.0;969.96;0.02
2019;259;365;301_001;solnu;;486.26;0.74;0.0;2.31;0.0;7.41;0.0;495.98;0.02
2019;1;151;302_001;solnu;;451.2;0.75;0.0;2.52;0.0;0.0;0.0;453.72;0.02
2019;152;258;302_001;mil;mil_precarachide;848.71;0.74;7.85;4.79;0.0;114.14;0.0;975.49;0.02
2019;259;365;302_001;solnu;;492.36;0.74;0.0;2.34;0.0;7.47;0.0;502.17;0.02
2019;1;151;303_001;solnu;;450.01;0.76;0.0;2.51;0.0;0.0;0.0;452.52;0.03
2019;152;258;303_001;mil;mil_precarachide;845.28;0.75;7.19;4.76;0.0;112.73;0.0;969.96;0.02
2019;259;365;303_001;solnu;;486.26;0.74;0.0;2.31;0.0;7.41;0.0;495.98;0.02
2019;1;151;304_001;solnu;;451.2;0.75;0.0;2.52;0.0;0.0;0.0;453.72;0.02
2019;152;258;304_001;mil;mil_precarachide;848.71;0.74;7.85;4.79;0.0;114.14;0.0;975.49;0.02
2019;259;365;304_001;solnu;;492.36;0.74;0.0;2.34;0.0;7.47;0.0;502.17;0.02
2019;1;151;305_001;solnu;;468.49;0.84;0.0;2.58;0.0;0.0;0.0;471.07;0.03
2019;152;258;305_001;mil;mil_precarachide;890.82;0.83;6.1;4.95;0.0;117.47;0.0;1019.33;0.03
2019;259;365;305_001;solnu;;530.8;0.82;0.0;2.45;0.0;7.82;0.0;541.07;0.03
2019;1;151;306_001;solnu;;488.72;0.83;0.0;2.71;0.0;0.0;0.0;491.44;0.03
2019;152;258;306_001;mil;mil_precarachide;925.24;0.82;7.92;5.19;0.0;125.63;0.0;1063.97;0.03
2019;259;365;306_001;solnu;;566.18;0.82;0.0;2.69;0.0;8.24;0.0;577.1;0.03
2019;1;151;307_001;solnu;;451.2;0.75;0.0;2.52;0.0;0.0;0.0;453.72;0.02
2019;152;258;307_001;mil;mil_precarachide;848.71;0.74;7.85;4.79;0.0;114.14;0.0;975.49;0.02
2019;259;365;307_001;solnu;;492.36;0.74;0.0;2.34;0.0;7.47;0.0;502.17;0.02
2019;1;151;308_001;solnu;;450.01;0.76;0.0;2.51;0.0;0.0;0.0;452.52;0.03
2019;152;258;308_001;mil;mil_precarachide;845.28;0.75;7.19;4.76;0.0;112.73;0.0;969.96;0.02
2019;259;365;308_001;solnu;;486.26;0.74;0.0;2.31;0.0;7.41;0.0;495.98;0.02
2019;1;151;309_001;solnu;;451.2;0.75;0.0;2.52;0.0;0.0;0.0;453.72;0.02
2019;152;258;309_001;mil;mil_precarachide;848.71;0.74;7.85;4.79;0.0;114.14;0.0;975.49;0.02
2019;259;365;309_001;solnu;;492.36;0.74;0.0;2.34;0.0;7.47;0.0;502.17;0.02
2019;1;151;310_001;solnu;;498.35;0.73;0.0;2.92;0.0;0.0;0.0;501.27;0.02
2019;152;258;310_001;mil;mil_precarachide;933.29;0.72;8.21;5.52;0.0;137.15;0.0;1084.17;0.02
2019;259;365;310_001;solnu;;550.03;0.72;0.0;2.98;0.0;6.03;0.0;559.04;0.02
2019;1;151;311_001;solnu;;480.61;0.73;0.0;2.8;0.0;0.0;0.0;483.41;0.02
2019;152;258;311_001;mil;mil_precarachide;904.58;0.72;9.41;5.32;0.0;131.37;0.0;1050.68;0.02
2019;259;365;311_001;solnu;;545.4;0.71;0.0;2.67;0.0;8.54;0.0;556.61;0.02
2019;1;151;312_001;solnu;;498.35;0.73;0.0;2.92;0.0;0.0;0.0;501.27;0.02
2019;152;258;312_001;mil;mil_precarachide;933.29;0.72;8.21;5.52;0.0;137.15;0.0;1084.17;0.02
2019;259;365;312_001;solnu;;550.03;0.72;0.0;2.98;0.0;6.03;0.0;559.04;0.02
2019;1;151;313_001;solnu;;480.61;0.73;0.0;2.8;0.0;0.0;0.0;483.41;0.02
2019;152;258;313_001;mil;mil_precarachide;904.58;0.72;9.41;5.32;0.0;131.37;0.0;1050.68;0.02
2019;259;365;313_001;solnu;;545.4;0.71;0.0;2.67;0.0;8.54;0.0;556.61;0.02
2019;1;151;314_001;solnu;;498.35;0.73;0.0;2.92;0.0;0.0;0.0;501.27;0.02
2019;152;258;314_001;mil;mil_precarachide;933.29;0.72;8.21;5.52;0.0;137.15;0.0;1084.17;0.02
2019;259;365;314_001;solnu;;550.03;0.72;0.0;2.98;0.0;6.03;0.0;559.04;0.02
2019;1;151;315_001;solnu;;480.61;0.73;0.0;2.8;0.0;0.0;0.0;483.41;0.02
2019;152;258;315_001;mil;mil_precarachide;904.58;0.72;9.41;5.32;0.0;131.37;0.0;1050.68;0.02
2019;259;365;315_001;solnu;;545.4;0.71;0.0;2.67;0.0;8.54;0.0;556.61;0.02
2019;1;151;316_001;solnu;;450.01;0.76;0.0;2.51;0.0;0.0;0.0;452.52;0.03
2019;152;258;316_001;mil;mil_precarachide;845.28;0.75;7.19;4.76;0.0;112.73;0.0;969.96;0.02
2019;259;365;316_001;solnu;;486.26;0.74;0.0;2.31;0.0;7.41;0.0;495.98;0.02
2019;1;151;317_001;solnu;;451.2;0.75;0.0;2.52;0.0;0.0;0.0;453.72;0.02
2019;152;258;317_001;mil;mil_precarachide;848.71;0.74;7.85;4.79;0.0;114.14;0.0;975.49;0.02
2019;259;365;317_001;solnu;;492.36;0.74;0.0;2.34;0.0;7.47;0.0;502.17;0.02
2019;1;151;318_001;solnu;;450.01;0.76;0.0;2.51;0.0;0.0;0.0;452.52;0.03
2019;152;258;318_001;mil;mil_precarachide;845.28;0.75;7.19;4.76;0.0;112.73;0.0;969.96;0.02
2019;259;365;318_001;solnu;;486.26;0.74;0.0;2.31;0.0;7.41;0.0;495.98;0.02
2019;1;151;319_001;solnu;;451.2;0.75;0.0;2.52;0.0;0.0;0.0;453.72;0.02
2019;152;258;319_001;mil;mil_precarachide;848.71;0.74;7.85;4.79;0.0;114.14;0.0;975.49;0.02
2019;259;365;319_001;solnu;;492.36;0.74;0.0;2.34;0.0;7.47;0.0;502.17;0.02
2019;1;151;320_001;solnu;;450.01;0.76;0.0;2.51;0.0;0.0;0.0;452.52;0.03
2019;152;258;320_001;mil;mil_precarachide;845.28;0.75;7.19;4.76;0.0;112.73;0.0;969.96;0.02
2019;259;365;320_001;solnu;;486.26;0.74;0.0;2.31;0.0;7.41;0.0;495.98;0.02
2019;1;151;321_001;solnu;;451.2;0.75;0.0;2.52;0.0;0.0;0.0;453.72;0.02
2019;152;258;321_001;mil;mil_precarachide;848.71;0.74;7.85;4.79;0.0;114.14;0.0;975.49;0.02
2019;259;365;321_001;solnu;;492.36;0.74;0.0;2.34;0.0;7.47;0.0;502.17;0.02
2019;1;151;322_001;solnu;;451.2;0.75;0.0;2.52;0.0;0.0;0.0;453.72;0.02
2019;152;258;322_001;mil;mil_precarachide;848.71;0.74;7.85;4.79;0.0;114.14;0.0;975.49;0.02
2019;259;365;322_001;solnu;;492.36;0.74;0.0;2.34;0.0;7.47;0.0;502.17;0.02
2019;1;151;323_001;solnu;;450.01;0.76;0.0;2.51;0.0;0.0;0.0;452.52;0.03
2019;152;258;323_001;mil;mil_precarachide;845.28;0.75;7.19;4.76;0.0;112.73;0.0;969.96;0.02
2019;259;365;323_001;solnu;;486.26;0.74;0.0;2.31;0.0;7.41;0.0;495.98;0.02
2019;1;151;324_001;solnu;;451.2;0.75;0.0;2.52;0.0;0.0;0.0;453.72;0.02
2019;152;258;324_001;mil;mil_precarachide;848.71;0.74;7.85;4.79;0.0;114.14;0.0;975.49;0.02
2019;259;365;324_001;solnu;;492.36;0.74;0.0;2.34;0.0;7.47;0.0;502.17;0.02
2019;1;151;325_001;solnu;;488.72;0.83;0.0;2.71;0.0;0.0;0.0;491.44;0.03
2019;152;258;325_001;mil;mil_precarachide;925.24;0.82;7.92;5.19;0.0;125.63;0.0;1063.97;0.03
2019;259;365;325_001;solnu;;566.18;0.82;0.0;2.69;0.0;8.24;0.0;577.1;0.03
2019;1;151;326_001;solnu;;488.72;0.83;0.0;2.71;0.0;0.0;0.0;491.44;0.03
2019;152;258;326_001;mil;mil_precarachide;925.24;0.82;7.92;5.19;0.0;125.63;0.0;1063.97;0.03
2019;259;365;326_001;solnu;;566.18;0.82;0.0;2.69;0.0;8.24;0.0;577.1;0.03
2019;1;151;327_001;solnu;;451.2;0.75;0.0;2.52;0.0;0.0;0.0;453.72;0.02
2019;152;258;327_001;mil;mil_precarachide;848.71;0.74;7.85;4.79;0.0;114.14;0.0;975.49;0.02
2019;259;365;327_001;solnu;;492.36;0.74;0.0;2.34;0.0;7.47;0.0;502.17;0.02
2019;1;151;328_001;solnu;;498.35;0.73;0.0;2.92;0.0;0.0;0.0;501.27;0.02
2019;152;258;328_001;mil;mil_precarachide;933.29;0.72;8.21;5.52;0.0;137.15;0.0;1084.17;0.02
2019;259;365;328_001;solnu;;550.03;0.72;0.0;2.98;0.0;6.03;0.0;559.04;0.02
2019;1;151;329_001;solnu;;480.61;0.73;0.0;2.8;0.0;0.0;0.0;483.41;0.02
2019;152;258;329_001;mil;mil_precarachide;904.58;0.72;9.41;5.32;0.0;131.37;0.0;1050.68;0.02
2019;259;365;329_001;solnu;;545.4;0.71;0.0;2.67;0.0;8.54;0.0;556.61;0.02
2019;1;151;330_001;solnu;;480.61;0.73;0.0;2.8;0.0;0.0;0.0;483.41;0.02
2019;152;258;330_001;mil;mil_precarachide;904.58;0.72;9.41;5.32;0.0;131.37;0.0;1050.68;0.02
2019;259;365;330_001;solnu;;545.4;0.71;0.0;2.67;0.0;8.54;0.0;556.61;0.02
2019;1;151;331_001;solnu;;450.01;0.76;0.0;2.51;0.0;0.0;0.0;452.52;0.03
2019;152;258;331_001;mil;mil_precarachide;845.28;0.75;7.19;4.76;0.0;112.73;0.0;969.96;0.02
2019;259;365;331_001;solnu;;486.26;0.74;0.0;2.31;0.0;7.41;0.0;495.98;0.02
2019;1;151;332_001;solnu;;451.2;0.75;0.0;2.52;0.0;0.0;0.0;453.72;0.02
2019;152;258;332_001;mil;mil_precarachide;848.71;0.74;7.85;4.79;0.0;114.14;0.0;975.49;0.02
2019;259;365;332_001;solnu;;492.36;0.74;0.0;2.34;0.0;7.47;0.0;502.17;0.02
2019;1;151;333_001;solnu;;450.01;0.76;0.0;2.51;0.0;0.0;0.0;452.52;0.03
2019;152;258;333_001;mil;mil_precarachide;845.28;0.75;7.19;4.76;0.0;112.73;0.0;969.96;0.02
2019;259;365;333_001;solnu;;486.26;0.74;0.0;2.31;0.0;7.41;0.0;495.98;0.02
2019;1;151;334_001;solnu;;451.2;0.75;0.0;2.52;0.0;0.0;0.0;453.72;0.02
2019;152;258;334_001;mil;mil_precarachide;848.71;0.74;7.85;4.79;0.0;114.14;0.0;975.49;0.02
2019;259;365;334_001;solnu;;492.36;0.74;0.0;2.34;0.0;7.47;0.0;502.17;0.02
2019;1;151;335_001;solnu;;450.01;0.76;0.0;2.51;0.0;0.0;0.0;452.52;0.03
2019;152;258;335_001;mil;mil_precarachide;845.28;0.75;7.19;4.76;0.0;112.73;0.0;969.96;0.02
2019;259;365;335_001;solnu;;486.26;0.74;0.0;2.31;0.0;7.41;0.0;495.98;0.02
2019;1;151;336_001;solnu;;451.2;0.75;0.0;2.52;0.0;0.0;0.0;453.72;0.02
2019;152;258;336_001;mil;mil_precarachide;848.71;0.74;7.85;4.79;0.0;114.14;0.0;975.49;0.02
2019;259;365;336_001;solnu;;492.36;0.74;0.0;2.34;0.0;7.47;0.0;502.17;0.02
2019;1;151;337_001;solnu;;450.01;0.76;0.0;2.51;0.0;0.0;0.0;452.52;0.03
2019;152;258;337_001;mil;mil_precarachide;845.28;0.75;7.19;4.76;0.0;112.73;0.0;969.96;0.02
2019;259;365;337_001;solnu;;486.26;0.74;0.0;2.31;0.0;7.41;0.0;495.98;0.02
2019;1;151;338_001;solnu;;451.2;0.75;0.0;2.52;0.0;0.0;0.0;453.72;0.02
2019;152;258;338_001;mil;mil_precarachide;848.71;0.74;7.85;4.79;0.0;114.14;0.0;975.49;0.02
2019;259;365;338_001;solnu;;492.36;0.74;0.0;2.34;0.0;7.47;0.0;502.17;0.02
2019;1;151;339_001;solnu;;450.01;0.76;0.0;2.51;0.0;0.0;0.0;452.52;0.03
2019;152;258;339_001;mil;mil_precarachide;845.28;0.75;7.19;4.76;0.0;112.73;0.0;969.96;0.02
2019;259;365;339_001;solnu;;486.26;0.74;0.0;2.31;0.0;7.41;0.0;495.98;0.02
2019;1;151;340_001;solnu;;451.2;0.75;0.0;2.52;0.0;0.0;0.0;453.72;0.02
2019;152;258;340_001;mil;mil_precarachide;848.71;0.74;7.85;4.79;0.0;114.14;0.0;975.49;0.02
2019;259;365;340_001;solnu;;492.36;0.74;0.0;2.34;0.0;7.47;0.0;502.17;0.02
2019;1;151;341_001;solnu;;524.36;0.79;0.0;3.06;0.0;0.0;0.0;527.42;0.03
2019;152;258;341_001;mil;mil_precarachide;989.93;0.78;18.11;5.83;0.0;147.84;0.0;1161.72;0.03
2019;259;365;341_001;solnu;;629.3;0.77;0.0;3.36;0.0;6.36;0.0;639.02;0.02
2019;1;151;342_001;solnu;;494.17;0.8;0.0;2.8;0.0;0.0;0.0;496.97;0.03
2019;152;258;342_001;mil;mil_precarachide;935.82;0.79;14.15;5.36;0.0;132.09;0.0;1087.41;0.03
2019;259;365;342_001;solnu;;573.19;0.78;0.0;3.02;0.0;5.74;0.0;581.95;0.03
2019;1;151;343_001;solnu;;480.61;0.73;0.0;2.8;0.0;0.0;0.0;483.41;0.02
2019;152;258;343_001;mil;mil_precarachide;904.58;0.72;9.41;5.32;0.0;131.37;0.0;1050.68;0.02
2019;259;365;343_001;solnu;;545.4;0.71;0.0;2.67;0.0;8.54;0.0;556.61;0.02
2019;1;151;344_001;solnu;;498.35;0.73;0.0;2.92;0.0;0.0;0.0;501.27;0.02
2019;152;258;344_001;mil;mil_precarachide;933.29;0.72;8.21;5.52;0.0;137.15;0.0;1084.17;0.02
2019;259;365;344_001;solnu;;550.03;0.72;0.0;2.98;0.0;6.03;0.0;559.04;0.02
2019;1;151;345_001;solnu;;480.61;0.73;0.0;2.8;0.0;0.0;0.0;483.41;0.02
2019;152;258;345_001;mil;mil_precarachide;904.58;0.72;9.41;5.32;0.0;131.37;0.0;1050.68;0.02
2019;259;365;345_001;solnu;;545.4;0.71;0.0;2.67;0.0;8.54;0.0;556.61;0.02
2019;1;151;346_001;solnu;;468.49;0.84;0.0;2.58;0.0;0.0;0.0;471.07;0.03
2019;152;258;346_001;mil;mil_precarachide;890.82;0.83;6.1;4.95;0.0;117.47;0.0;1019.33;0.03
2019;259;365;346_001;solnu;;530.8;0.82;0.0;2.45;0.0;7.82;0.0;541.07;0.03
2019;1;151;347_001;solnu;;488.72;0.83;0.0;2.71;0.0;0.0;0.0;491.44;0.03
2019;152;258;347_001;mil;mil_precarachide;925.24;0.82;7.92;5.19;0.0;125.63;0.0;1063.97;0.03
2019;259;365;347_001;solnu;;566.18;0.82;0.0;2.69;0.0;8.24;0.0;577.1;0.03
2019;1;151;352_001;solnu;;480.61;0.73;0.0;2.8;0.0;0.0;0.0;483.41;0.02
2019;152;258;352_001;mil;mil_precarachide;904.58;0.72;9.41;5.32;0.0;131.37;0.0;1050.68;0.02
2019;259;365;352_001;solnu;;545.4;0.71;0.0;2.67;0.0;8.54;0.0;556.61;0.02
2019;1;151;353_001;solnu;;450.01;0.76;0.0;2.51;0.0;0.0;0.0;452.52;0.03
2019;152;258;353_001;mil;mil_precarachide;845.28;0.75;7.19;4.76;0.0;112.73;0.0;969.96;0.02
2019;259;365;353_001;solnu;;486.26;0.74;0.0;2.31;0.0;7.41;0.0;495.98;0.02
2019;1;151;354_001;solnu;;451.2;0.75;0.0;2.52;0.0;0.0;0.0;453.72;0.02
2019;152;258;354_001;mil;mil_precarachide;848.71;0.74;7.85;4.79;0.0;114.14;0.0;975.49;0.02
2019;259;365;354_001;solnu;;492.36;0.74;0.0;2.34;0.0;7.47;0.0;502.17;0.02
2019;1;151;355_001;solnu;;498.35;0.73;0.0;2.92;0.0;0.0;0.0;501.27;0.02
2019;152;258;355_001;mil;mil_precarachide;933.29;0.72;8.21;5.52;0.0;137.15;0.0;1084.17;0.02
2019;259;365;355_001;solnu;;550.03;0.72;0.0;2.98;0.0;6.03;0.0;559.04;0.02
2019;1;151;356_001;solnu;;480.61;0.73;0.0;2.8;0.0;0.0;0.0;483.41;0.02
2019;152;258;356_001;mil;mil_precarachide;904.58;0.72;9.41;5.32;0.0;131.37;0.0;1050.68;0.02
2019;259;365;356_001;solnu;;545.4;0.71;0.0;2.67;0.0;8.54;0.0;556.61;0.02
2019;1;151;357_001;solnu;;451.2;0.75;0.0;2.52;0.0;0.0;0.0;453.72;0.02
2019;152;258;357_001;mil;mil_precarachide;848.71;0.74;7.85;4.79;0.0;114.14;0.0;975.49;0.02
2019;259;365;357_001;solnu;;492.36;0.74;0.0;2.34;0.0;7.47;0.0;502.17;0.02
2019;1;151;358_001;solnu;;450.01;0.76;0.0;2.51;0.0;0.0;0.0;452.52;0.03
2019;152;258;358_001;mil;mil_precarachide;845.28;0.75;7.19;4.76;0.0;112.73;0.0;969.96;0.02
2019;259;365;358_001;solnu;;486.26;0.74;0.0;2.31;0.0;7.41;0.0;495.98;0.02
2019;1;151;359_001;solnu;;451.2;0.75;0.0;2.52;0.0;0.0;0.0;453.72;0.02
2019;152;258;359_001;mil;mil_precarachide;848.71;0.74;7.85;4.79;0.0;114.14;0.0;975.49;0.02
2019;259;365;359_001;solnu;;492.36;0.74;0.0;2.34;0.0;7.47;0.0;502.17;0.02
2019;1;151;360_001;solnu;;498.35;0.73;0.0;2.92;0.0;0.0;0.0;501.27;0.02
2019;152;258;360_001;mil;mil_precarachide;933.29;0.72;8.21;5.52;0.0;137.15;0.0;1084.17;0.02
2019;259;365;360_001;solnu;;550.03;0.72;0.0;2.98;0.0;6.03;0.0;559.04;0.02
2019;1;151;361_001;solnu;;480.61;0.73;0.0;2.8;0.0;0.0;0.0;483.41;0.02
2019;152;258;361_001;mil;mil_precarachide;904.58;0.72;9.41;5.32;0.0;131.37;0.0;1050.68;0.02
2019;259;365;361_001;solnu;;545.4;0.71;0.0;2.67;0.0;8.54;0.0;556.61;0.02
2019;1;151;362_001;solnu;;450.01;0.76;0.0;2.51;0.0;0.0;0.0;452.52;0.03
2019;152;258;362_001;mil;mil_precarachide;845.28;0.75;7.19;4.76;0.0;112.73;0.0;969.96;0.02
2019;259;365;362_001;solnu;;486.26;0.74;0.0;2.31;0.0;7.41;0.0;495.98;0.02
2019;1;151;363_001;solnu;;451.2;0.75;0.0;2.52;0.0;0.0;0.0;453.72;0.02
2019;152;258;363_001;mil;mil_precarachide;848.71;0.74;7.85;4.79;0.0;114.14;0.0;975.49;0.02
2019;259;365;363_001;solnu;;492.36;0.74;0.0;2.34;0.0;7.47;0.0;502.17;0.02
2019;1;151;364_001;solnu;;498.35;0.73;0.0;2.92;0.0;0.0;0.0;501.27;0.02
2019;152;258;364_001;mil;mil_precarachide;933.29;0.72;8.21;5.52;0.0;137.15;0.0;1084.17;0.02
2019;259;365;364_001;solnu;;550.03;0.72;0.0;2.98;0.0;6.03;0.0;559.04;0.02
2019;1;151;365_001;solnu;;480.61;0.73;0.0;2.8;0.0;0.0;0.0;483.41;0.02
2019;152;258;365_001;mil;mil_precarachide;904.58;0.72;9.41;5.32;0.0;131.37;0.0;1050.68;0.02
2019;259;365;365_001;solnu;;545.4;0.71;0.0;2.67;0.0;8.54;0.0;556.61;0.02
2019;1;151;366_001;solnu;;450.01;0.76;0.0;2.51;0.0;0.0;0.0;452.52;0.03
2019;152;258;366_001;mil;mil_precarachide;845.28;0.75;7.19;4.76;0.0;112.73;0.0;969.96;0.02
2019;259;365;366_001;solnu;;486.26;0.74;0.0;2.31;0.0;7.41;0.0;495.98;0.02
2019;1;151;367_001;solnu;;451.2;0.75;0.0;2.52;0.0;0.0;0.0;453.72;0.02
2019;152;258;367_001;mil;mil_precarachide;848.71;0.74;7.85;4.79;0.0;114.14;0.0;975.49;0.02
2019;259;365;367_001;solnu;;492.36;0.74;0.0;2.34;0.0;7.47;0.0;502.17;0.02
2019;1;151;368_001;solnu;;450.01;0.76;0.0;2.51;0.0;0.0;0.0;452.52;0.03
2019;152;258;368_001;mil;mil_precarachide;845.28;0.75;7.19;4.76;0.0;112.73;0.0;969.96;0.02
2019;259;365;368_001;solnu;;486.26;0.74;0.0;2.31;0.0;7.41;0.0;495.98;0.02
2019;1;151;369_001;solnu;;451.2;0.75;0.0;2.52;0.0;0.0;0.0;453.72;0.02
2019;152;258;369_001;mil;mil_precarachide;848.71;0.74;7.85;4.79;0.0;114.14;0.0;975.49;0.02
2019;259;365;369_001;solnu;;492.36;0.74;0.0;2.34;0.0;7.47;0.0;502.17;0.02
2019;1;151;370_001;solnu;;468.49;0.84;0.0;2.58;0.0;0.0;0.0;471.07;0.03
2019;152;258;370_001;mil;mil_precarachide;890.82;0.83;6.1;4.95;0.0;117.47;0.0;1019.33;0.03
2019;259;365;370_001;solnu;;530.8;0.82;0.0;2.45;0.0;7.82;0.0;541.07;0.03
2019;1;151;371_001;solnu;;488.72;0.83;0.0;2.71;0.0;0.0;0.0;491.44;0.03
2019;152;258;371_001;mil;mil_precarachide;925.24;0.82;7.92;5.19;0.0;125.63;0.0;1063.97;0.03
2019;259;365;371_001;solnu;;566.18;0.82;0.0;2.69;0.0;8.24;0.0;577.1;0.03
2019;1;151;372_001;solnu;;498.35;0.73;0.0;2.92;0.0;0.0;0.0;501.27;0.02
2019;152;258;372_001;mil;mil_precarachide;933.29;0.72;8.21;5.52;0.0;137.15;0.0;1084.17;0.02
2019;259;365;372_001;solnu;;550.03;0.72;0.0;2.98;0.0;6.03;0.0;559.04;0.02
2019;1;151;373_001;solnu;;480.61;0.73;0.0;2.8;0.0;0.0;0.0;483.41;0.02
2019;152;258;373_001;mil;mil_precarachide;904.58;0.72;9.41;5.32;0.0;131.37;0.0;1050.68;0.02
2019;259;365;373_001;solnu;;545.4;0.71;0.0;2.67;0.0;8.54;0.0;556.61;0.02
2019;1;151;374_001;solnu;;524.36;0.79;0.0;3.06;0.0;0.0;0.0;527.42;0.03
2019;152;258;374_001;mil;mil_precarachide;989.93;0.78;18.11;5.83;0.0;147.84;0.0;1161.72;0.03
2019;259;365;374_001;solnu;;629.3;0.77;0.0;3.36;0.0;6.36;0.0;639.02;0.02
2019;1;151;375_001;solnu;;494.17;0.8;0.0;2.8;0.0;0.0;0.0;496.97;0.03
2019;152;258;375_001;mil;mil_precarachide;935.82;0.79;14.15;5.36;0.0;132.09;0.0;1087.41;0.03
2019;259;365;375_001;solnu;;573.19;0.78;0.0;3.02;0.0;5.74;0.0;581.95;0.03
2019;1;151;376_001;solnu;;480.61;0.73;0.0;2.8;0.0;0.0;0.0;483.41;0.02
2019;152;258;376_001;mil;mil_precarachide;904.58;0.72;9.41;5.32;0.0;131.37;0.0;1050.68;0.02
2019;259;365;376_001;solnu;;545.4;0.71;0.0;2.67;0.0;8.54;0.0;556.61;0.02
2019;1;151;377_001;solnu;;451.2;0.75;0.0;2.52;0.0;0.0;0.0;453.72;0.02
2019;152;258;377_001;mil;mil_precarachide;848.71;0.74;7.85;4.79;0.0;114.14;0.0;975.49;0.02
2019;259;365;377_001;solnu;;492.36;0.74;0.0;2.34;0.0;7.47;0.0;502.17;0.02
2019;1;151;378_001;solnu;;450.01;0.76;0.0;2.51;0.0;0.0;0.0;452.52;0.03
2019;152;258;378_001;mil;mil_precarachide;845.28;0.75;7.19;4.76;0.0;112.73;0.0;969.96;0.02
2019;259;365;378_001;solnu;;486.26;0.74;0.0;2.31;0.0;7.41;0.0;495.98;0.02
2019;1;151;379_001;solnu;;451.2;0.75;0.0;2.52;0.0;0.0;0.0;453.72;0.02
2019;152;258;379_001;mil;mil_precarachide;848.71;0.74;7.85;4.79;0.0;114.14;0.0;975.49;0.02
2019;259;365;379_001;solnu;;492.36;0.74;0.0;2.34;0.0;7.47;0.0;502.17;0.02
2019;1;151;380_001;solnu;;498.35;0.73;0.0;2.92;0.0;0.0;0.0;501.27;0.02
2019;152;258;380_001;mil;mil_precarachide;933.29;0.72;8.21;5.52;0.0;137.15;0.0;1084.17;0.02
2019;259;365;380_001;solnu;;550.03;0.72;0.0;2.98;0.0;6.03;0.0;559.04;0.02
2019;1;151;381_001;solnu;;480.61;0.73;0.0;2.8;0.0;0.0;0.0;483.41;0.02
2019;152;258;381_001;mil;mil_precarachide;904.58;0.72;9.41;5.32;0.0;131.37;0.0;1050.68;0.02
2019;259;365;381_001;solnu;;545.4;0.71;0.0;2.67;0.0;8.54;0.0;556.61;0.02
2019;1;151;382_001;solnu;;450.01;0.76;0.0;2.51;0.0;0.0;0.0;452.52;0.03
2019;152;258;382_001;mil;mil_precarachide;845.28;0.75;7.19;4.76;0.0;112.73;0.0;969.96;0.02
2019;259;365;382_001;solnu;;486.26;0.74;0.0;2.31;0.0;7.41;0.0;495.98;0.02
2019;1;151;383_001;solnu;;451.2;0.75;0.0;2.52;0.0;0.0;0.0;453.72;0.02
2019;152;258;383_001;mil;mil_precarachide;848.71;0.74;7.85;4.79;0.0;114.14;0.0;975.49;0.02
2019;259;365;383_001;solnu;;492.36;0.74;0.0;2.34;0.0;7.47;0.0;502.17;0.02
2019;1;151;384_001;solnu;;450.01;0.76;0.0;2.51;0.0;0.0;0.0;452.52;0.03
2019;152;258;384_001;mil;mil_precarachide;845.28;0.75;7.19;4.76;0.0;112.73;0.0;969.96;0.02
2019;259;365;384_001;solnu;;486.26;0.74;0.0;2.31;0.0;7.41;0.0;495.98;0.02
2019;1;151;385_001;solnu;;451.2;0.75;0.0;2.52;0.0;0.0;0.0;453.72;0.02
2019;152;258;385_001;mil;mil_precarachide;848.71;0.74;7.85;4.79;0.0;114.14;0.0;975.49;0.02
2019;259;365;385_001;solnu;;492.36;0.74;0.0;2.34;0.0;7.47;0.0;502.17;0.02
2019;1;151;386_001;solnu;;450.01;0.76;0.0;2.51;0.0;0.0;0.0;452.52;0.03
2019;152;258;386_001;mil;mil_precarachide;845.28;0.75;7.19;4.76;0.0;112.73;0.0;969.96;0.02
2019;259;365;386_001;solnu;;486.26;0.74;0.0;2.31;0.0;7.41;0.0;495.98;0.02
2019;1;151;387_001;solnu;;451.2;0.75;0.0;2.52;0.0;0.0;0.0;453.72;0.02
2019;152;258;387_001;mil;mil_precarachide;848.71;0.74;7.85;4.79;0.0;114.14;0.0;975.49;0.02
2019;259;365;387_001;solnu;;492.36;0.74;0.0;2.34;0.0;7.47;0.0;502.17;0.02
2019;1;151;388_001;solnu;;451.2;0.75;0.0;2.52;0.0;0.0;0.0;453.72;0.02
2019;152;258;388_001;mil;mil_precarachide;848.71;0.74;7.85;4.79;0.0;114.14;0.0;975.49;0.02
2019;259;365;388_001;solnu;;492.36;0.74;0.0;2.34;0.0;7.47;0.0;502.17;0.02
2019;1;151;389_001;solnu;;450.01;0.76;0.0;2.51;0.0;0.0;0.0;452.52;0.03
2019;152;258;389_001;mil;mil_precarachide;845.28;0.75;7.19;4.76;0.0;112.73;0.0;969.96;0.02
2019;259;365;389_001;solnu;;486.26;0.74;0.0;2.31;0.0;7.41;0.0;495.98;0.02
2019;1;151;390_001;solnu;;451.2;0.75;0.0;2.52;0.0;0.0;0.0;453.72;0.02
2019;152;258;390_001;mil;mil_precarachide;848.71;0.74;7.85;4.79;0.0;114.14;0.0;975.49;0.02
2019;259;365;390_001;solnu;;492.36;0.74;0.0;2.34;0.0;7.47;0.0;502.17;0.02
2019;1;151;391_001;solnu;;494.17;0.8;0.0;2.8;0.0;0.0;0.0;496.97;0.03
2019;152;258;391_001;mil;mil_precarachide;935.82;0.79;14.15;5.36;0.0;132.09;0.0;1087.41;0.03
2019;259;365;391_001;solnu;;573.19;0.78;0.0;3.02;0.0;5.74;0.0;581.95;0.03
2019;1;151;392_001;solnu;;468.49;0.84;0.0;2.58;0.0;0.0;0.0;471.07;0.03
2019;152;258;392_001;mil;mil_precarachide;890.82;0.83;6.1;4.95;0.0;117.47;0.0;1019.33;0.03
2019;259;365;392_001;solnu;;530.8;0.82;0.0;2.45;0.0;7.82;0.0;541.07;0.03
2019;1;151;393_001;solnu;;488.72;0.83;0.0;2.71;0.0;0.0;0.0;491.44;0.03
2019;152;258;393_001;mil;mil_precarachide;925.24;0.82;7.92;5.19;0.0;125.63;0.0;1063.97;0.03
2019;259;365;393_001;solnu;;566.18;0.82;0.0;2.69;0.0;8.24;0.0;577.1;0.03
2019;1;151;394_001;solnu;;451.2;0.75;0.0;2.52;0.0;0.0;0.0;453.72;0.02
2019;152;258;394_001;mil;mil_precarachide;848.71;0.74;7.85;4.79;0.0;114.14;0.0;975.49;0.02
2019;259;365;394_001;solnu;;492.36;0.74;0.0;2.34;0.0;7.47;0.0;502.17;0.02
2019;1;151;395_001;solnu;;498.35;0.73;0.0;2.92;0.0;0.0;0.0;501.27;0.02
2019;152;258;395_001;mil;mil_precarachide;933.29;0.72;8.21;5.52;0.0;137.15;0.0;1084.17;0.02
2019;259;365;395_001;solnu;;550.03;0.72;0.0;2.98;0.0;6.03;0.0;559.04;0.02
2019;1;151;396_001;solnu;;480.61;0.73;0.0;2.8;0.0;0.0;0.0;483.41;0.02
2019;152;258;396_001;mil;mil_precarachide;904.58;0.72;9.41;5.32;0.0;131.37;0.0;1050.68;0.02
2019;259;365;396_001;solnu;;545.4;0.71;0.0;2.67;0.0;8.54;0.0;556.61;0.02
2019;1;151;397_001;solnu;;451.2;0.75;0.0;2.52;0.0;0.0;0.0;453.72;0.02
2019;152;258;397_001;mil;mil_precarachide;848.71;0.74;7.85;4.79;0.0;114.14;0.0;975.49;0.02
2019;259;365;397_001;solnu;;492.36;0.74;0.0;2.34;0.0;7.47;0.0;502.17;0.02
2019;1;151;398_001;solnu;;498.35;0.73;0.0;2.92;0.0;0.0;0.0;501.27;0.02
2019;152;258;398_001;mil;mil_precarachide;933.29;0.72;8.21;5.52;0.0;137.15;0.0;1084.17;0.02
2019;259;365;398_001;solnu;;550.03;0.72;0.0;2.98;0.0;6.03;0.0;559.04;0.02
2019;1;151;399_001;solnu;;480.61;0.73;0.0;2.8;0.0;0.0;0.0;483.41;0.02
2019;152;258;399_001;mil;mil_precarachide;904.58;0.72;9.41;5.32;0.0;131.37;0.0;1050.68;0.02
2019;259;365;399_001;solnu;;545.4;0.71;0.0;2.67;0.0;8.54;0.0;556.61;0.02
2019;1;151;400_001;solnu;;450.01;0.76;0.0;2.51;0.0;0.0;0.0;452.52;0.03
2019;152;258;400_001;mil;mil_precarachide;845.28;0.75;7.19;4.76;0.0;112.73;0.0;969.96;0.02
2019;259;365;400_001;solnu;;486.26;0.74;0.0;2.31;0.0;7.41;0.0;495.98;0.02
2019;1;151;401_001;solnu;;451.2;0.75;0.0;2.52;0.0;0.0;0.0;453.72;0.02
2019;152;258;401_001;mil;mil_precarachide;848.71;0.74;7.85;4.79;0.0;114.14;0.0;975.49;0.02
2019;259;365;401_001;solnu;;492.36;0.74;0.0;2.34;0.0;7.47;0.0;502.17;0.02
2019;1;151;402_001;solnu;;450.01;0.76;0.0;2.51;0.0;0.0;0.0;452.52;0.03
2019;152;258;402_001;mil;mil_precarachide;845.28;0.75;7.19;4.76;0.0;112.73;0.0;969.96;0.02
2019;259;365;402_001;solnu;;486.26;0.74;0.0;2.31;0.0;7.41;0.0;495.98;0.02
2019;1;151;403_001;solnu;;451.2;0.75;0.0;2.52;0.0;0.0;0.0;453.72;0.02
2019;152;258;403_001;mil;mil_precarachide;848.71;0.74;7.85;4.79;0.0;114.14;0.0;975.49;0.02
2019;259;365;403_001;solnu;;492.36;0.74;0.0;2.34;0.0;7.47;0.0;502.17;0.02
2019;1;151;404_001;solnu;;468.49;0.84;0.0;2.58;0.0;0.0;0.0;471.07;0.03
2019;152;258;404_001;mil;mil_precarachide;890.82;0.83;6.1;4.95;0.0;117.47;0.0;1019.33;0.03
2019;259;365;404_001;solnu;;530.8;0.82;0.0;2.45;0.0;7.82;0.0;541.07;0.03
2019;1;151;405_001;solnu;;488.72;0.83;0.0;2.71;0.0;0.0;0.0;491.44;0.03
2019;152;258;405_001;mil;mil_precarachide;925.24;0.82;7.92;5.19;0.0;125.63;0.0;1063.97;0.03
2019;259;365;405_001;solnu;;566.18;0.82;0.0;2.69;0.0;8.24;0.0;577.1;0.03
2019;1;151;406_001;solnu;;468.49;0.84;0.0;2.58;0.0;0.0;0.0;471.07;0.03
2019;152;258;406_001;mil;mil_precarachide;890.82;0.83;6.1;4.95;0.0;117.47;0.0;1019.33;0.03
2019;259;365;406_001;solnu;;530.8;0.82;0.0;2.45;0.0;7.82;0.0;541.07;0.03
2019;1;151;407_001;solnu;;488.72;0.83;0.0;2.71;0.0;0.0;0.0;491.44;0.03
2019;152;258;407_001;mil;mil_precarachide;925.24;0.82;7.92;5.19;0.0;125.63;0.0;1063.97;0.03
2019;259;365;407_001;solnu;;566.18;0.82;0.0;2.69;0.0;8.24;0.0;577.1;0.03
2019;1;151;408_001;solnu;;451.2;0.75;0.0;2.52;0.0;0.0;0.0;453.72;0.02
2019;152;258;408_001;mil;mil_precarachide;848.71;0.74;7.85;4.79;0.0;114.14;0.0;975.49;0.02
2019;259;365;408_001;solnu;;492.36;0.74;0.0;2.34;0.0;7.47;0.0;502.17;0.02
2019;1;151;409_001;solnu;;450.01;0.76;0.0;2.51;0.0;0.0;0.0;452.52;0.03
2019;152;258;409_001;mil;mil_precarachide;845.28;0.75;7.19;4.76;0.0;112.73;0.0;969.96;0.02
2019;259;365;409_001;solnu;;486.26;0.74;0.0;2.31;0.0;7.41;0.0;495.98;0.02
2019;1;151;410_001;solnu;;451.2;0.75;0.0;2.52;0.0;0.0;0.0;453.72;0.02
2019;152;258;410_001;mil;mil_precarachide;848.71;0.74;7.85;4.79;0.0;114.14;0.0;975.49;0.02
2019;259;365;410_001;solnu;;492.36;0.74;0.0;2.34;0.0;7.47;0.0;502.17;0.02
2019;1;151;411_001;solnu;;451.2;0.75;0.0;2.52;0.0;0.0;0.0;453.72;0.02
2019;152;258;411_001;mil;mil_precarachide;848.71;0.74;7.85;4.79;0.0;114.14;0.0;975.49;0.02
2019;259;365;411_001;solnu;;492.36;0.74;0.0;2.34;0.0;7.47;0.0;502.17;0.02
2019;1;151;412_001;solnu;;480.61;0.73;0.0;2.8;0.0;0.0;0.0;483.41;0.02
2019;152;258;412_001;mil;mil_precarachide;904.58;0.72;9.41;5.32;0.0;131.37;0.0;1050.68;0.02
2019;259;365;412_001;solnu;;545.4;0.71;0.0;2.67;0.0;8.54;0.0;556.61;0.02
2019;1;151;413_001;solnu;;488.72;0.83;0.0;2.71;0.0;0.0;0.0;491.44;0.03
2019;152;258;413_001;mil;mil_precarachide;925.24;0.82;7.92;5.19;0.0;125.63;0.0;1063.97;0.03
2019;259;365;413_001;solnu;;566.18;0.82;0.0;2.69;0.0;8.24;0.0;577.1;0.03
2019;1;151;414_001;solnu;;468.49;0.84;0.0;2.58;0.0;0.0;0.0;471.07;0.03
2019;152;258;414_001;mil;mil_precarachide;890.82;0.83;6.1;4.95;0.0;117.47;0.0;1019.33;0.03
2019;259;365;414_001;solnu;;530.8;0.82;0.0;2.45;0.0;7.82;0.0;541.07;0.03
2019;1;151;415_001;solnu;;488.72;0.83;0.0;2.71;0.0;0.0;0.0;491.44;0.03
2019;152;258;415_001;mil;mil_precarachide;925.24;0.82;7.92;5.19;0.0;125.63;0.0;1063.97;0.03
2019;259;365;415_001;solnu;;566.18;0.82;0.0;2.69;0.0;8.24;0.0;577.1;0.03
2019;1;151;416_001;solnu;;498.35;0.73;0.0;2.92;0.0;0.0;0.0;501.27;0.02
2019;152;258;416_001;mil;mil_precarachide;933.29;0.72;8.21;5.52;0.0;137.15;0.0;1084.17;0.02
2019;259;365;416_001;solnu;;550.03;0.72;0.0;2.98;0.0;6.03;0.0;559.04;0.02
2019;1;151;417_001;solnu;;480.61;0.73;0.0;2.8;0.0;0.0;0.0;483.41;0.02
2019;152;258;417_001;mil;mil_precarachide;904.58;0.72;9.41;5.32;0.0;131.37;0.0;1050.68;0.02
2019;259;365;417_001;solnu;;545.4;0.71;0.0;2.67;0.0;8.54;0.0;556.61;0.02
2019;1;151;418_001;solnu;;498.35;0.73;0.0;2.92;0.0;0.0;0.0;501.27;0.02
2019;152;258;418_001;mil;mil_precarachide;933.29;0.72;8.21;5.52;0.0;137.15;0.0;1084.17;0.02
2019;259;365;418_001;solnu;;550.03;0.72;0.0;2.98;0.0;6.03;0.0;559.04;0.02
2019;1;151;419_001;solnu;;480.61;0.73;0.0;2.8;0.0;0.0;0.0;483.41;0.02
2019;152;258;419_001;mil;mil_precarachide;904.58;0.72;9.41;5.32;0.0;131.37;0.0;1050.68;0.02
2019;259;365;419_001;solnu;;545.4;0.71;0.0;2.67;0.0;8.54;0.0;556.61;0.02
2019;1;151;420_001;solnu;;450.01;0.76;0.0;2.51;0.0;0.0;0.0;452.52;0.03
2019;152;258;420_001;mil;mil_precarachide;845.28;0.75;7.19;4.76;0.0;112.73;0.0;969.96;0.02
2019;259;365;420_001;solnu;;486.26;0.74;0.0;2.31;0.0;7.41;0.0;495.98;0.02
2019;1;151;421_001;solnu;;451.2;0.75;0.0;2.52;0.0;0.0;0.0;453.72;0.02
2019;152;258;421_001;mil;mil_precarachide;848.71;0.74;7.85;4.79;0.0;114.14;0.0;975.49;0.02
2019;259;365;421_001;solnu;;492.36;0.74;0.0;2.34;0.0;7.47;0.0;502.17;0.02
2019;1;151;422_001;solnu;;451.2;0.75;0.0;2.52;0.0;0.0;0.0;453.72;0.02
2019;152;258;422_001;mil;mil_precarachide;848.71;0.74;7.85;4.79;0.0;114.14;0.0;975.49;0.02
2019;259;365;422_001;solnu;;492.36;0.74;0.0;2.34;0.0;7.47;0.0;502.17;0.02
2019;1;151;423_001;solnu;;468.49;0.84;0.0;2.58;0.0;0.0;0.0;471.07;0.03
2019;152;258;423_001;mil;mil_precarachide;890.82;0.83;6.1;4.95;0.0;117.47;0.0;1019.33;0.03
2019;259;365;423_001;solnu;;530.8;0.82;0.0;2.45;0.0;7.82;0.0;541.07;0.03
2019;1;151;424_001;solnu;;488.72;0.83;0.0;2.71;0.0;0.0;0.0;491.44;0.03
2019;152;258;424_001;mil;mil_precarachide;925.24;0.82;7.92;5.19;0.0;125.63;0.0;1063.97;0.03
2019;259;365;424_001;solnu;;566.18;0.82;0.0;2.69;0.0;8.24;0.0;577.1;0.03
2019;1;151;425_001;solnu;;450.01;0.76;0.0;2.51;0.0;0.0;0.0;452.52;0.03
2019;152;258;425_001;mil;mil_precarachide;845.28;0.75;7.19;4.76;0.0;112.73;0.0;969.96;0.02
2019;259;365;425_001;solnu;;486.26;0.74;0.0;2.31;0.0;7.41;0.0;495.98;0.02
2019;1;151;426_001;solnu;;451.2;0.75;0.0;2.52;0.0;0.0;0.0;453.72;0.02
2019;152;258;426_001;mil;mil_precarachide;848.71;0.74;7.85;4.79;0.0;114.14;0.0;975.49;0.02
2019;259;365;426_001;solnu;;492.36;0.74;0.0;2.34;0.0;7.47;0.0;502.17;0.02
2019;1;151;427_001;solnu;;451.2;0.75;0.0;2.52;0.0;0.0;0.0;453.72;0.02
2019;152;258;427_001;mil;mil_precarachide;848.71;0.74;7.85;4.79;0.0;114.14;0.0;975.49;0.02
2019;259;365;427_001;solnu;;492.36;0.74;0.0;2.34;0.0;7.47;0.0;502.17;0.02
2019;1;151;428_001;solnu;;451.2;0.75;0.0;2.52;0.0;0.0;0.0;453.72;0.02
2019;152;258;428_001;mil;mil_precarachide;848.71;0.74;7.85;4.79;0.0;114.14;0.0;975.49;0.02
2019;259;365;428_001;solnu;;492.36;0.74;0.0;2.34;0.0;7.47;0.0;502.17;0.02
2019;1;151;429_001;solnu;;468.49;0.84;0.0;2.58;0.0;0.0;0.0;471.07;0.03
2019;152;258;429_001;mil;mil_precarachide;890.82;0.83;6.1;4.95;0.0;117.47;0.0;1019.33;0.03
2019;259;365;429_001;solnu;;530.8;0.82;0.0;2.45;0.0;7.82;0.0;541.07;0.03
2019;1;151;430_001;solnu;;488.72;0.83;0.0;2.71;0.0;0.0;0.0;491.44;0.03
2019;152;258;430_001;mil;mil_precarachide;925.24;0.82;7.92;5.19;0.0;125.63;0.0;1063.97;0.03
2019;259;365;430_001;solnu;;566.18;0.82;0.0;2.69;0.0;8.24;0.0;577.1;0.03
2019;1;151;431_001;solnu;;498.35;0.73;0.0;2.92;0.0;0.0;0.0;501.27;0.02
2019;152;258;431_001;mil;mil_precarachide;933.29;0.72;8.21;5.52;0.0;137.15;0.0;1084.17;0.02
2019;259;365;431_001;solnu;;550.03;0.72;0.0;2.98;0.0;6.03;0.0;559.04;0.02
2019;1;151;432_001;solnu;;480.61;0.73;0.0;2.8;0.0;0.0;0.0;483.41;0.02
2019;152;258;432_001;mil;mil_precarachide;904.58;0.72;9.41;5.32;0.0;131.37;0.0;1050.68;0.02
2019;259;365;432_001;solnu;;545.4;0.71;0.0;2.67;0.0;8.54;0.0;556.61;0.02
2019;1;151;433_001;solnu;;498.35;0.73;0.0;2.92;0.0;0.0;0.0;501.27;0.02
2019;152;258;433_001;mil;mil_precarachide;933.29;0.72;8.21;5.52;0.0;137.15;0.0;1084.17;0.02
2019;259;365;433_001;solnu;;550.03;0.72;0.0;2.98;0.0;6.03;0.0;559.04;0.02
2019;1;151;434_001;solnu;;480.61;0.73;0.0;2.8;0.0;0.0;0.0;483.41;0.02
2019;152;258;434_001;mil;mil_precarachide;904.58;0.72;9.41;5.32;0.0;131.37;0.0;1050.68;0.02
2019;259;365;434_001;solnu;;545.4;0.71;0.0;2.67;0.0;8.54;0.0;556.61;0.02
2019;1;151;435_001;solnu;;498.35;0.73;0.0;2.92;0.0;0.0;0.0;501.27;0.02
2019;152;258;435_001;mil;mil_precarachide;933.29;0.72;8.21;5.52;0.0;137.15;0.0;1084.17;0.02
2019;259;365;435_001;solnu;;550.03;0.72;0.0;2.98;0.0;6.03;0.0;559.04;0.02
2019;1;151;436_001;solnu;;480.61;0.73;0.0;2.8;0.0;0.0;0.0;483.41;0.02
2019;152;258;436_001;mil;mil_precarachide;904.58;0.72;9.41;5.32;0.0;131.37;0.0;1050.68;0.02
2019;259;365;436_001;solnu;;545.4;0.71;0.0;2.67;0.0;8.54;0.0;556.61;0.02
2019;1;151;437_001;solnu;;450.01;0.76;0.0;2.51;0.0;0.0;0.0;452.52;0.03
2019;152;258;437_001;mil;mil_precarachide;845.28;0.75;7.19;4.76;0.0;112.73;0.0;969.96;0.02
2019;259;365;437_001;solnu;;486.26;0.74;0.0;2.31;0.0;7.41;0.0;495.98;0.02
2019;1;151;438_001;solnu;;451.2;0.75;0.0;2.52;0.0;0.0;0.0;453.72;0.02
2019;152;258;438_001;mil;mil_precarachide;848.71;0.74;7.85;4.79;0.0;114.14;0.0;975.49;0.02
2019;259;365;438_001;solnu;;492.36;0.74;0.0;2.34;0.0;7.47;0.0;502.17;0.02
2019;1;151;439_001;solnu;;468.49;0.84;0.0;2.58;0.0;0.0;0.0;471.07;0.03
2019;152;258;439_001;mil;mil_precarachide;890.82;0.83;6.1;4.95;0.0;117.47;0.0;1019.33;0.03
2019;259;365;439_001;solnu;;530.8;0.82;0.0;2.45;0.0;7.82;0.0;541.07;0.03
2019;1;151;440_001;solnu;;488.72;0.83;0.0;2.71;0.0;0.0;0.0;491.44;0.03
2019;152;258;440_001;mil;mil_precarachide;925.24;0.82;7.92;5.19;0.0;125.63;0.0;1063.97;0.03
2019;259;365;440_001;solnu;;566.18;0.82;0.0;2.69;0.0;8.24;0.0;577.1;0.03
2019;1;151;441_001;solnu;;468.49;0.84;0.0;2.58;0.0;0.0;0.0;471.07;0.03
2019;152;258;441_001;mil;mil_precarachide;890.82;0.83;6.1;4.95;0.0;117.47;0.0;1019.33;0.03
2019;259;365;441_001;solnu;;530.8;0.82;0.0;2.45;0.0;7.82;0.0;541.07;0.03
2019;1;151;442_001;solnu;;488.72;0.83;0.0;2.71;0.0;0.0;0.0;491.44;0.03
2019;152;258;442_001;mil;mil_precarachide;925.24;0.82;7.92;5.19;0.0;125.63;0.0;1063.97;0.03
2019;259;365;442_001;solnu;;566.18;0.82;0.0;2.69;0.0;8.24;0.0;577.1;0.03
2019;1;151;443_001;solnu;;468.49;0.84;0.0;2.58;0.0;0.0;0.0;471.07;0.03
2019;152;258;443_001;mil;mil_precarachide;890.82;0.83;6.1;4.95;0.0;117.47;0.0;1019.33;0.03
2019;259;365;443_001;solnu;;530.8;0.82;0.0;2.45;0.0;7.82;0.0;541.07;0.03
2019;1;151;444_001;solnu;;488.72;0.83;0.0;2.71;0.0;0.0;0.0;491.44;0.03
2019;152;258;444_001;mil;mil_precarachide;925.24;0.82;7.92;5.19;0.0;125.63;0.0;1063.97;0.03
2019;259;365;444_001;solnu;;566.18;0.82;0.0;2.69;0.0;8.24;0.0;577.1;0.03
2019;1;151;445_001;solnu;;488.72;0.83;0.0;2.71;0.0;0.0;0.0;491.44;0.03
2019;152;258;445_001;mil;mil_precarachide;925.24;0.82;7.92;5.19;0.0;125.63;0.0;1063.97;0.03
2019;259;365;445_001;solnu;;566.18;0.82;0.0;2.69;0.0;8.24;0.0;577.1;0.03
2019;1;151;446_001;solnu;;468.49;0.84;0.0;2.58;0.0;0.0;0.0;471.07;0.03
2019;152;258;446_001;mil;mil_precarachide;890.82;0.83;6.1;4.95;0.0;117.47;0.0;1019.33;0.03
2019;259;365;446_001;solnu;;530.8;0.82;0.0;2.45;0.0;7.82;0.0;541.07;0.03
2019;1;151;447_001;solnu;;488.72;0.83;0.0;2.71;0.0;0.0;0.0;491.44;0.03
2019;152;258;447_001;mil;mil_precarachide;925.24;0.82;7.92;5.19;0.0;125.63;0.0;1063.97;0.03
2019;259;365;447_001;solnu;;566.18;0.82;0.0;2.69;0.0;8.24;0.0;577.1;0.03
2019;1;151;448_001;solnu;;498.35;0.73;0.0;2.92;0.0;0.0;0.0;501.27;0.02
2019;152;258;448_001;mil;mil_precarachide;933.29;0.72;8.21;5.52;0.0;137.15;0.0;1084.17;0.02
2019;259;365;448_001;solnu;;550.03;0.72;0.0;2.98;0.0;6.03;0.0;559.04;0.02
2019;1;151;449_001;solnu;;480.61;0.73;0.0;2.8;0.0;0.0;0.0;483.41;0.02
2019;152;258;449_001;mil;mil_precarachide;904.58;0.72;9.41;5.32;0.0;131.37;0.0;1050.68;0.02
2019;259;365;449_001;solnu;;545.4;0.71;0.0;2.67;0.0;8.54;0.0;556.61;0.02
2019;1;151;450_001;solnu;;498.35;0.73;0.0;2.92;0.0;0.0;0.0;501.27;0.02
2019;152;258;450_001;mil;mil_precarachide;933.29;0.72;8.21;5.52;0.0;137.15;0.0;1084.17;0.02
2019;259;365;450_001;solnu;;550.03;0.72;0.0;2.98;0.0;6.03;0.0;559.04;0.02
2019;1;151;451_001;solnu;;480.61;0.73;0.0;2.8;0.0;0.0;0.0;483.41;0.02
2019;152;258;451_001;mil;mil_precarachide;904.58;0.72;9.41;5.32;0.0;131.37;0.0;1050.68;0.02
2019;259;365;451_001;solnu;;545.4;0.71;0.0;2.67;0.0;8.54;0.0;556.61;0.02
2019;1;151;452_001;solnu;;480.61;0.73;0.0;2.8;0.0;0.0;0.0;483.41;0.02
2019;152;258;452_001;mil;mil_precarachide;904.58;0.72;9.41;5.32;0.0;131.37;0.0;1050.68;0.02
2019;259;365;452_001;solnu;;545.4;0.71;0.0;2.67;0.0;8.54;0.0;556.61;0.02
2019;1;151;453_001;solnu;;451.2;0.75;0.0;2.52;0.0;0.0;0.0;453.72;0.02
2019;152;258;453_001;mil;mil_precarachide;848.71;0.74;7.85;4.79;0.0;114.14;0.0;975.49;0.02
2019;259;365;453_001;solnu;;492.36;0.74;0.0;2.34;0.0;7.47;0.0;502.17;0.02
2019;1;151;454_001;solnu;;450.01;0.76;0.0;2.51;0.0;0.0;0.0;452.52;0.03
2019;152;258;454_001;mil;mil_precarachide;845.28;0.75;7.19;4.76;0.0;112.73;0.0;969.96;0.02
2019;259;365;454_001;solnu;;486.26;0.74;0.0;2.31;0.0;7.41;0.0;495.98;0.02
2019;1;151;455_001;solnu;;451.2;0.75;0.0;2.52;0.0;0.0;0.0;453.72;0.02
2019;152;258;455_001;mil;mil_precarachide;848.71;0.74;7.85;4.79;0.0;114.14;0.0;975.49;0.02
2019;259;365;455_001;solnu;;492.36;0.74;0.0;2.34;0.0;7.47;0.0;502.17;0.02
2019;1;151;456_001;solnu;;450.01;0.76;0.0;2.51;0.0;0.0;0.0;452.52;0.03
2019;152;258;456_001;mil;mil_precarachide;845.28;0.75;7.19;4.76;0.0;112.73;0.0;969.96;0.02
2019;259;365;456_001;solnu;;486.26;0.74;0.0;2.31;0.0;7.41;0.0;495.98;0.02
2019;1;151;457_001;solnu;;451.2;0.75;0.0;2.52;0.0;0.0;0.0;453.72;0.02
2019;152;258;457_001;mil;mil_precarachide;848.71;0.74;7.85;4.79;0.0;114.14;0.0;975.49;0.02
2019;259;365;457_001;solnu;;492.36;0.74;0.0;2.34;0.0;7.47;0.0;502.17;0.02
2019;1;151;458_001;solnu;;450.01;0.76;0.0;2.51;0.0;0.0;0.0;452.52;0.03
2019;152;258;458_001;mil;mil_precarachide;845.28;0.75;7.19;4.76;0.0;112.73;0.0;969.96;0.02
2019;259;365;458_001;solnu;;486.26;0.74;0.0;2.31;0.0;7.41;0.0;495.98;0.02
2019;1;151;459_001;solnu;;451.2;0.75;0.0;2.52;0.0;0.0;0.0;453.72;0.02
2019;152;258;459_001;mil;mil_precarachide;848.71;0.74;7.85;4.79;0.0;114.14;0.0;975.49;0.02
2019;259;365;459_001;solnu;;492.36;0.74;0.0;2.34;0.0;7.47;0.0;502.17;0.02
2019;1;151;460_001;solnu;;468.49;0.84;0.0;2.58;0.0;0.0;0.0;471.07;0.03
2019;152;258;460_001;mil;mil_precarachide;890.82;0.83;6.1;4.95;0.0;117.47;0.0;1019.33;0.03
2019;259;365;460_001;solnu;;530.8;0.82;0.0;2.45;0.0;7.82;0.0;541.07;0.03
2019;1;151;461_001;solnu;;488.72;0.83;0.0;2.71;0.0;0.0;0.0;491.44;0.03
2019;152;258;461_001;mil;mil_precarachide;925.24;0.82;7.92;5.19;0.0;125.63;0.0;1063.97;0.03
2019;259;365;461_001;solnu;;566.18;0.82;0.0;2.69;0.0;8.24;0.0;577.1;0.03
2019;1;151;462_001;solnu;;468.49;0.84;0.0;2.58;0.0;0.0;0.0;471.07;0.03
2019;152;258;462_001;mil;mil_precarachide;890.82;0.83;6.1;4.95;0.0;117.47;0.0;1019.33;0.03
2019;259;365;462_001;solnu;;530.8;0.82;0.0;2.45;0.0;7.82;0.0;541.07;0.03
2019;1;151;463_001;solnu;;488.72;0.83;0.0;2.71;0.0;0.0;0.0;491.44;0.03
2019;152;258;463_001;mil;mil_precarachide;925.24;0.82;7.92;5.19;0.0;125.63;0.0;1063.97;0.03
2019;259;365;463_001;solnu;;566.18;0.82;0.0;2.69;0.0;8.24;0.0;577.1;0.03
2019;1;151;464_001;solnu;;488.72;0.83;0.0;2.71;0.0;0.0;0.0;491.44;0.03
2019;152;258;464_001;mil;mil_precarachide;925.24;0.82;7.92;5.19;0.0;125.63;0.0;1063.97;0.03
2019;259;365;464_001;solnu;;566.18;0.82;0.0;2.69;0.0;8.24;0.0;577.1;0.03
2019;1;151;465_001;solnu;;450.01;0.76;0.0;2.51;0.0;0.0;0.0;452.52;0.03
2019;152;258;465_001;mil;mil_precarachide;845.28;0.75;7.19;4.76;0.0;112.73;0.0;969.96;0.02
2019;259;365;465_001;solnu;;486.26;0.74;0.0;2.31;0.0;7.41;0.0;495.98;0.02
2019;1;151;466_001;solnu;;451.2;0.75;0.0;2.52;0.0;0.0;0.0;453.72;0.02
2019;152;258;466_001;mil;mil_precarachide;848.71;0.74;7.85;4.79;0.0;114.14;0.0;975.49;0.02
2019;259;365;466_001;solnu;;492.36;0.74;0.0;2.34;0.0;7.47;0.0;502.17;0.02
2019;1;151;467_001;solnu;;450.01;0.76;0.0;2.51;0.0;0.0;0.0;452.52;0.03
2019;152;258;467_001;mil;mil_precarachide;845.28;0.75;7.19;4.76;0.0;112.73;0.0;969.96;0.02
2019;259;365;467_001;solnu;;486.26;0.74;0.0;2.31;0.0;7.41;0.0;495.98;0.02
2019;1;151;468_001;solnu;;451.2;0.75;0.0;2.52;0.0;0.0;0.0;453.72;0.02
2019;152;258;468_001;mil;mil_precarachide;848.71;0.74;7.85;4.79;0.0;114.14;0.0;975.49;0.02
2019;259;365;468_001;solnu;;492.36;0.74;0.0;2.34;0.0;7.47;0.0;502.17;0.02
2019;1;151;469_001;solnu;;498.35;0.73;0.0;2.92;0.0;0.0;0.0;501.27;0.02
2019;152;258;469_001;mil;mil_precarachide;933.29;0.72;8.21;5.52;0.0;137.15;0.0;1084.17;0.02
2019;259;365;469_001;solnu;;550.03;0.72;0.0;2.98;0.0;6.03;0.0;559.04;0.02
2019;1;151;470_001;solnu;;480.61;0.73;0.0;2.8;0.0;0.0;0.0;483.41;0.02
2019;152;258;470_001;mil;mil_precarachide;904.58;0.72;9.41;5.32;0.0;131.37;0.0;1050.68;0.02
2019;259;365;470_001;solnu;;545.4;0.71;0.0;2.67;0.0;8.54;0.0;556.61;0.02
2019;1;151;471_001;solnu;;450.01;0.76;0.0;2.51;0.0;0.0;0.0;452.52;0.03
2019;152;258;471_001;mil;mil_precarachide;845.28;0.75;7.19;4.76;0.0;112.73;0.0;969.96;0.02
2019;259;365;471_001;solnu;;486.26;0.74;0.0;2.31;0.0;7.41;0.0;495.98;0.02
2019;1;151;472_001;solnu;;451.2;0.75;0.0;2.52;0.0;0.0;0.0;453.72;0.02
2019;152;258;472_001;mil;mil_precarachide;848.71;0.74;7.85;4.79;0.0;114.14;0.0;975.49;0.02
2019;259;365;472_001;solnu;;492.36;0.74;0.0;2.34;0.0;7.47;0.0;502.17;0.02
2019;1;151;473_001;solnu;;451.2;0.75;0.0;2.52;0.0;0.0;0.0;453.72;0.02
2019;152;258;473_001;mil;mil_precarachide;848.71;0.74;7.85;4.79;0.0;114.14;0.0;975.49;0.02
2019;259;365;473_001;solnu;;492.36;0.74;0.0;2.34;0.0;7.47;0.0;502.17;0.02
2019;1;151;474_001;solnu;;488.72;0.83;0.0;2.71;0.0;0.0;0.0;491.44;0.03
2019;152;258;474_001;mil;mil_precarachide;925.24;0.82;7.92;5.19;0.0;125.63;0.0;1063.97;0.03
2019;259;365;474_001;solnu;;566.18;0.82;0.0;2.69;0.0;8.24;0.0;577.1;0.03
2019;1;151;475_001;solnu;;468.49;0.84;0.0;2.58;0.0;0.0;0.0;471.07;0.03
2019;152;258;475_001;mil;mil_precarachide;890.82;0.83;6.1;4.95;0.0;117.47;0.0;1019.33;0.03
2019;259;365;475_001;solnu;;530.8;0.82;0.0;2.45;0.0;7.82;0.0;541.07;0.03
2019;1;151;476_001;solnu;;488.72;0.83;0.0;2.71;0.0;0.0;0.0;491.44;0.03
2019;152;258;476_001;mil;mil_precarachide;925.24;0.82;7.92;5.19;0.0;125.63;0.0;1063.97;0.03
2019;259;365;476_001;solnu;;566.18;0.82;0.0;2.69;0.0;8.24;0.0;577.1;0.03
2019;1;151;477_001;solnu;;450.01;0.76;0.0;2.51;0.0;0.0;0.0;452.52;0.03
2019;152;258;477_001;mil;mil_precarachide;845.28;0.75;7.19;4.76;0.0;112.73;0.0;969.96;0.02
2019;259;365;477_001;solnu;;486.26;0.74;0.0;2.31;0.0;7.41;0.0;495.98;0.02
2019;1;151;478_001;solnu;;451.2;0.75;0.0;2.52;0.0;0.0;0.0;453.72;0.02
2019;152;258;478_001;mil;mil_precarachide;848.71;0.74;7.85;4.79;0.0;114.14;0.0;975.49;0.02
2019;259;365;478_001;solnu;;492.36;0.74;0.0;2.34;0.0;7.47;0.0;502.17;0.02
2019;1;151;479_001;solnu;;450.01;0.76;0.0;2.51;0.0;0.0;0.0;452.52;0.03
2019;152;258;479_001;mil;mil_precarachide;845.28;0.75;7.19;4.76;0.0;112.73;0.0;969.96;0.02
2019;259;365;479_001;solnu;;486.26;0.74;0.0;2.31;0.0;7.41;0.0;495.98;0.02
2019;1;151;480_001;solnu;;451.2;0.75;0.0;2.52;0.0;0.0;0.0;453.72;0.02
2019;152;258;480_001;mil;mil_precarachide;848.71;0.74;7.85;4.79;0.0;114.14;0.0;975.49;0.02
2019;259;365;480_001;solnu;;492.36;0.74;0.0;2.34;0.0;7.47;0.0;502.17;0.02
2019;1;151;481_001;solnu;;450.01;0.76;0.0;2.51;0.0;0.0;0.0;452.52;0.03
2019;152;258;481_001;mil;mil_precarachide;845.28;0.75;7.19;4.76;0.0;112.73;0.0;969.96;0.02
2019;259;365;481_001;solnu;;486.26;0.74;0.0;2.31;0.0;7.41;0.0;495.98;0.02
2019;1;151;482_001;solnu;;451.2;0.75;0.0;2.52;0.0;0.0;0.0;453.72;0.02
2019;152;258;482_001;mil;mil_precarachide;848.71;0.74;7.85;4.79;0.0;114.14;0.0;975.49;0.02
2019;259;365;482_001;solnu;;492.36;0.74;0.0;2.34;0.0;7.47;0.0;502.17;0.02
2019;1;151;483_001;solnu;;498.35;0.73;0.0;2.92;0.0;0.0;0.0;501.27;0.02
2019;152;258;483_001;mil;mil_precarachide;933.29;0.72;8.21;5.52;0.0;137.15;0.0;1084.17;0.02
2019;259;365;483_001;solnu;;550.03;0.72;0.0;2.98;0.0;6.03;0.0;559.04;0.02
2019;1;151;484_001;solnu;;480.61;0.73;0.0;2.8;0.0;0.0;0.0;483.41;0.02
2019;152;258;484_001;mil;mil_precarachide;904.58;0.72;9.41;5.32;0.0;131.37;0.0;1050.68;0.02
2019;259;365;484_001;solnu;;545.4;0.71;0.0;2.67;0.0;8.54;0.0;556.61;0.02
2019;1;151;485_001;solnu;;498.35;0.73;0.0;2.92;0.0;0.0;0.0;501.27;0.02
2019;152;258;485_001;mil;mil_precarachide;933.29;0.72;8.21;5.52;0.0;137.15;0.0;1084.17;0.02
2019;259;365;485_001;solnu;;550.03;0.72;0.0;2.98;0.0;6.03;0.0;559.04;0.02
2019;1;151;486_001;solnu;;480.61;0.73;0.0;2.8;0.0;0.0;0.0;483.41;0.02
2019;152;258;486_001;mil;mil_precarachide;904.58;0.72;9.41;5.32;0.0;131.37;0.0;1050.68;0.02
2019;259;365;486_001;solnu;;545.4;0.71;0.0;2.67;0.0;8.54;0.0;556.61;0.02
2019;1;151;487_001;solnu;;450.01;0.76;0.0;2.51;0.0;0.0;0.0;452.52;0.03
2019;152;258;487_001;mil;mil_precarachide;845.28;0.75;7.19;4.76;0.0;112.73;0.0;969.96;0.02
2019;259;365;487_001;solnu;;486.26;0.74;0.0;2.31;0.0;7.41;0.0;495.98;0.02
2019;1;151;488_001;solnu;;451.2;0.75;0.0;2.52;0.0;0.0;0.0;453.72;0.02
2019;152;258;488_001;mil;mil_precarachide;848.71;0.74;7.85;4.79;0.0;114.14;0.0;975.49;0.02
2019;259;365;488_001;solnu;;492.36;0.74;0.0;2.34;0.0;7.47;0.0;502.17;0.02
2019;1;151;489_001;solnu;;451.2;0.75;0.0;2.52;0.0;0.0;0.0;453.72;0.02
2019;152;258;489_001;mil;mil_precarachide;848.71;0.74;7.85;4.79;0.0;114.14;0.0;975.49;0.02
2019;259;365;489_001;solnu;;492.36;0.74;0.0;2.34;0.0;7.47;0.0;502.17;0.02
2019;1;151;490_001;solnu;;451.2;0.75;0.0;2.52;0.0;0.0;0.0;453.72;0.02
2019;152;258;490_001;mil;mil_precarachide;848.71;0.74;7.85;4.79;0.0;114.14;0.0;975.49;0.02
2019;259;365;490_001;solnu;;492.36;0.74;0.0;2.34;0.0;7.47;0.0;502.17;0.02
2019;1;151;491_001;solnu;;451.2;0.75;0.0;2.52;0.0;0.0;0.0;453.72;0.02
2019;152;258;491_001;mil;mil_precarachide;848.71;0.74;7.85;4.79;0.0;114.14;0.0;975.49;0.02
2019;259;365;491_001;solnu;;492.36;0.74;0.0;2.34;0.0;7.47;0.0;502.17;0.02
2019;1;151;492_001;solnu;;450.01;0.76;0.0;2.51;0.0;0.0;0.0;452.52;0.03
2019;152;258;492_001;mil;mil_precarachide;845.28;0.75;7.19;4.76;0.0;112.73;0.0;969.96;0.02
2019;259;365;492_001;solnu;;486.26;0.74;0.0;2.31;0.0;7.41;0.0;495.98;0.02
2019;1;151;493_001;solnu;;451.2;0.75;0.0;2.52;0.0;0.0;0.0;453.72;0.02
2019;152;258;493_001;mil;mil_precarachide;848.71;0.74;7.85;4.79;0.0;114.14;0.0;975.49;0.02
2019;259;365;493_001;solnu;;492.36;0.74;0.0;2.34;0.0;7.47;0.0;502.17;0.02
2019;1;151;494_001;solnu;;451.2;0.75;0.0;2.52;0.0;0.0;0.0;453.72;0.02
2019;152;258;494_001;mil;mil_precarachide;848.71;0.74;7.85;4.79;0.0;114.14;0.0;975.49;0.02
2019;259;365;494_001;solnu;;492.36;0.74;0.0;2.34;0.0;7.47;0.0;502.17;0.02
2019;1;151;495_001;solnu;;480.61;0.73;0.0;2.8;0.0;0.0;0.0;483.41;0.02
2019;152;258;495_001;mil;mil_precarachide;904.58;0.72;9.41;5.32;0.0;131.37;0.0;1050.68;0.02
2019;259;365;495_001;solnu;;545.4;0.71;0.0;2.67;0.0;8.54;0.0;556.61;0.02
2019;1;151;496_001;solnu;;480.61;0.73;0.0;2.8;0.0;0.0;0.0;483.41;0.02
2019;152;258;496_001;mil;mil_precarachide;904.58;0.72;9.41;5.32;0.0;131.37;0.0;1050.68;0.02
2019;259;365;496_001;solnu;;545.4;0.71;0.0;2.67;0.0;8.54;0.0;556.61;0.02
2019;1;151;497_001;solnu;;498.35;0.73;0.0;2.92;0.0;0.0;0.0;501.27;0.02
2019;152;258;497_001;mil;mil_precarachide;933.29;0.72;8.21;5.52;0.0;137.15;0.0;1084.17;0.02
2019;259;365;497_001;solnu;;550.03;0.72;0.0;2.98;0.0;6.03;0.0;559.04;0.02
2019;1;151;498_001;solnu;;480.61;0.73;0.0;2.8;0.0;0.0;0.0;483.41;0.02
2019;152;258;498_001;mil;mil_precarachide;904.58;0.72;9.41;5.32;0.0;131.37;0.0;1050.68;0.02
2019;259;365;498_001;solnu;;545.4;0.71;0.0;2.67;0.0;8.54;0.0;556.61;0.02
2019;1;151;499_001;solnu;;498.35;0.73;0.0;2.92;0.0;0.0;0.0;501.27;0.02
2019;152;258;499_001;mil;mil_precarachide;933.29;0.72;8.21;5.52;0.0;137.15;0.0;1084.17;0.02
2019;259;365;499_001;solnu;;550.03;0.72;0.0;2.98;0.0;6.03;0.0;559.04;0.02
2019;1;151;500_001;solnu;;480.61;0.73;0.0;2.8;0.0;0.0;0.0;483.41;0.02
2019;152;258;500_001;mil;mil_precarachide;904.58;0.72;9.41;5.32;0.0;131.37;0.0;1050.68;0.02
2019;259;365;500_001;solnu;;545.4;0.71;0.0;2.67;0.0;8.54;0.0;556.61;0.02
2019;1;151;501_001;solnu;;468.49;0.84;0.0;2.58;0.0;0.0;0.0;471.07;0.03
2019;152;258;501_001;mil;mil_precarachide;890.82;0.83;6.1;4.95;0.0;117.47;0.0;1019.33;0.03
2019;259;365;501_001;solnu;;530.8;0.82;0.0;2.45;0.0;7.82;0.0;541.07;0.03
2019;1;151;502_001;solnu;;488.72;0.83;0.0;2.71;0.0;0.0;0.0;491.44;0.03
2019;152;258;502_001;mil;mil_precarachide;925.24;0.82;7.92;5.19;0.0;125.63;0.0;1063.97;0.03
2019;259;365;502_001;solnu;;566.18;0.82;0.0;2.69;0.0;8.24;0.0;577.1;0.03
2019;1;151;503_001;solnu;;450.01;0.76;0.0;2.51;0.0;0.0;0.0;452.52;0.03
2019;152;258;503_001;mil;mil_precarachide;845.28;0.75;7.19;4.76;0.0;112.73;0.0;969.96;0.02
2019;259;365;503_001;solnu;;486.26;0.74;0.0;2.31;0.0;7.41;0.0;495.98;0.02
2019;1;151;504_001;solnu;;451.2;0.75;0.0;2.52;0.0;0.0;0.0;453.72;0.02
2019;152;258;504_001;mil;mil_precarachide;848.71;0.74;7.85;4.79;0.0;114.14;0.0;975.49;0.02
2019;259;365;504_001;solnu;;492.36;0.74;0.0;2.34;0.0;7.47;0.0;502.17;0.02
2019;1;151;505_001;solnu;;451.2;0.75;0.0;2.52;0.0;0.0;0.0;453.72;0.02
2019;152;258;505_001;mil;mil_precarachide;848.71;0.74;7.85;4.79;0.0;114.14;0.0;975.49;0.02
2019;259;365;505_001;solnu;;492.36;0.74;0.0;2.34;0.0;7.47;0.0;502.17;0.02
2019;1;151;506_001;solnu;;450.01;0.76;0.0;2.51;0.0;0.0;0.0;452.52;0.03
2019;152;258;506_001;mil;mil_precarachide;845.28;0.75;7.19;4.76;0.0;112.73;0.0;969.96;0.02
2019;259;365;506_001;solnu;;486.26;0.74;0.0;2.31;0.0;7.41;0.0;495.98;0.02
2019;1;151;507_001;solnu;;451.2;0.75;0.0;2.52;0.0;0.0;0.0;453.72;0.02
2019;152;258;507_001;mil;mil_precarachide;848.71;0.74;7.85;4.79;0.0;114.14;0.0;975.49;0.02
2019;259;365;507_001;solnu;;492.36;0.74;0.0;2.34;0.0;7.47;0.0;502.17;0.02
2019;1;151;508_001;solnu;;450.01;0.76;0.0;2.51;0.0;0.0;0.0;452.52;0.03
2019;152;258;508_001;mil;mil_precarachide;845.28;0.75;7.19;4.76;0.0;112.73;0.0;969.96;0.02
2019;259;365;508_001;solnu;;486.26;0.74;0.0;2.31;0.0;7.41;0.0;495.98;0.02
2019;1;151;509_001;solnu;;451.2;0.75;0.0;2.52;0.0;0.0;0.0;453.72;0.02
2019;152;258;509_001;mil;mil_precarachide;848.71;0.74;7.85;4.79;0.0;114.14;0.0;975.49;0.02
2019;259;365;509_001;solnu;;492.36;0.74;0.0;2.34;0.0;7.47;0.0;502.17;0.02
2019;1;151;510_001;solnu;;450.01;0.76;0.0;2.51;0.0;0.0;0.0;452.52;0.03
2019;152;258;510_001;mil;mil_precarachide;845.28;0.75;7.19;4.76;0.0;112.73;0.0;969.96;0.02
2019;259;365;510_001;solnu;;486.26;0.74;0.0;2.31;0.0;7.41;0.0;495.98;0.02
2019;1;151;511_001;solnu;;451.2;0.75;0.0;2.52;0.0;0.0;0.0;453.72;0.02
2019;152;258;511_001;mil;mil_precarachide;848.71;0.74;7.85;4.79;0.0;114.14;0.0;975.49;0.02
2019;259;365;511_001;solnu;;492.36;0.74;0.0;2.34;0.0;7.47;0.0;502.17;0.02
2019;1;151;512_001;solnu;;450.01;0.76;0.0;2.51;0.0;0.0;0.0;452.52;0.03
2019;152;258;512_001;mil;mil_precarachide;845.28;0.75;7.19;4.76;0.0;112.73;0.0;969.96;0.02
2019;259;365;512_001;solnu;;486.26;0.74;0.0;2.31;0.0;7.41;0.0;495.98;0.02
2019;1;151;513_001;solnu;;451.2;0.75;0.0;2.52;0.0;0.0;0.0;453.72;0.02
2019;152;258;513_001;mil;mil_precarachide;848.71;0.74;7.85;4.79;0.0;114.14;0.0;975.49;0.02
2019;259;365;513_001;solnu;;492.36;0.74;0.0;2.34;0.0;7.47;0.0;502.17;0.02
2019;1;151;514_001;solnu;;450.01;0.76;0.0;2.51;0.0;0.0;0.0;452.52;0.03
2019;152;258;514_001;mil;mil_precarachide;845.28;0.75;7.19;4.76;0.0;112.73;0.0;969.96;0.02
2019;259;365;514_001;solnu;;486.26;0.74;0.0;2.31;0.0;7.41;0.0;495.98;0.02
2019;1;151;515_001;solnu;;451.2;0.75;0.0;2.52;0.0;0.0;0.0;453.72;0.02
2019;152;258;515_001;mil;mil_precarachide;848.71;0.74;7.85;4.79;0.0;114.14;0.0;975.49;0.02
2019;259;365;515_001;solnu;;492.36;0.74;0.0;2.34;0.0;7.47;0.0;502.17;0.02
2019;1;151;516_001;solnu;;468.49;0.84;0.0;2.58;0.0;0.0;0.0;471.07;0.03
2019;152;258;516_001;mil;mil_precarachide;890.82;0.83;6.1;4.95;0.0;117.47;0.0;1019.33;0.03
2019;259;365;516_001;solnu;;530.8;0.82;0.0;2.45;0.0;7.82;0.0;541.07;0.03
2019;1;151;517_001;solnu;;488.72;0.83;0.0;2.71;0.0;0.0;0.0;491.44;0.03
2019;152;258;517_001;mil;mil_precarachide;925.24;0.82;7.92;5.19;0.0;125.63;0.0;1063.97;0.03
2019;259;365;517_001;solnu;;566.18;0.82;0.0;2.69;0.0;8.24;0.0;577.1;0.03
2019;1;151;518_001;solnu;;498.35;0.73;0.0;2.92;0.0;0.0;0.0;501.27;0.02
2019;152;258;518_001;mil;mil_precarachide;933.29;0.72;8.21;5.52;0.0;137.15;0.0;1084.17;0.02
2019;259;365;518_001;solnu;;550.03;0.72;0.0;2.98;0.0;6.03;0.0;559.04;0.02
2019;1;151;519_001;solnu;;480.61;0.73;0.0;2.8;0.0;0.0;0.0;483.41;0.02
2019;152;258;519_001;mil;mil_precarachide;904.58;0.72;9.41;5.32;0.0;131.37;0.0;1050.68;0.02
2019;259;365;519_001;solnu;;545.4;0.71;0.0;2.67;0.0;8.54;0.0;556.61;0.02
2019;1;151;520_001;solnu;;480.61;0.73;0.0;2.8;0.0;0.0;0.0;483.41;0.02
2019;152;258;520_001;mil;mil_precarachide;904.58;0.72;9.41;5.32;0.0;131.37;0.0;1050.68;0.02
2019;259;365;520_001;solnu;;545.4;0.71;0.0;2.67;0.0;8.54;0.0;556.61;0.02
2019;1;151;521_001;solnu;;480.61;0.73;0.0;2.8;0.0;0.0;0.0;483.41;0.02
2019;152;258;521_001;mil;mil_precarachide;904.58;0.72;9.41;5.32;0.0;131.37;0.0;1050.68;0.02
2019;259;365;521_001;solnu;;545.4;0.71;0.0;2.67;0.0;8.54;0.0;556.61;0.02
2019;1;151;522_001;solnu;;498.35;0.73;0.0;2.92;0.0;0.0;0.0;501.27;0.02
2019;152;258;522_001;mil;mil_precarachide;933.29;0.72;8.21;5.52;0.0;137.15;0.0;1084.17;0.02
2019;259;365;522_001;solnu;;550.03;0.72;0.0;2.98;0.0;6.03;0.0;559.04;0.02
2019;1;151;523_001;solnu;;480.61;0.73;0.0;2.8;0.0;0.0;0.0;483.41;0.02
2019;152;258;523_001;mil;mil_precarachide;904.58;0.72;9.41;5.32;0.0;131.37;0.0;1050.68;0.02
2019;259;365;523_001;solnu;;545.4;0.71;0.0;2.67;0.0;8.54;0.0;556.61;0.02
2019;1;151;524_001;solnu;;498.35;0.73;0.0;2.92;0.0;0.0;0.0;501.27;0.02
2019;152;258;524_001;mil;mil_precarachide;933.29;0.72;8.21;5.52;0.0;137.15;0.0;1084.17;0.02
2019;259;365;524_001;solnu;;550.03;0.72;0.0;2.98;0.0;6.03;0.0;559.04;0.02
2019;1;151;525_001;solnu;;480.61;0.73;0.0;2.8;0.0;0.0;0.0;483.41;0.02
2019;152;258;525_001;mil;mil_precarachide;904.58;0.72;9.41;5.32;0.0;131.37;0.0;1050.68;0.02
2019;259;365;525_001;solnu;;545.4;0.71;0.0;2.67;0.0;8.54;0.0;556.61;0.02
2019;1;151;526_001;solnu;;450.01;0.76;0.0;2.51;0.0;0.0;0.0;452.52;0.03
2019;152;258;526_001;mil;mil_precarachide;845.28;0.75;7.19;4.76;0.0;112.73;0.0;969.96;0.02
2019;259;365;526_001;solnu;;486.26;0.74;0.0;2.31;0.0;7.41;0.0;495.98;0.02
2019;1;151;527_001;solnu;;451.2;0.75;0.0;2.52;0.0;0.0;0.0;453.72;0.02
2019;152;258;527_001;mil;mil_precarachide;848.71;0.74;7.85;4.79;0.0;114.14;0.0;975.49;0.02
2019;259;365;527_001;solnu;;492.36;0.74;0.0;2.34;0.0;7.47;0.0;502.17;0.02
2019;1;151;528_001;solnu;;450.01;0.76;0.0;2.51;0.0;0.0;0.0;452.52;0.03
2019;152;258;528_001;mil;mil_precarachide;845.28;0.75;7.19;4.76;0.0;112.73;0.0;969.96;0.02
2019;259;365;528_001;solnu;;486.26;0.74;0.0;2.31;0.0;7.41;0.0;495.98;0.02
2019;1;151;529_001;solnu;;451.2;0.75;0.0;2.52;0.0;0.0;0.0;453.72;0.02
2019;152;258;529_001;mil;mil_precarachide;848.71;0.74;7.85;4.79;0.0;114.14;0.0;975.49;0.02
2019;259;365;529_001;solnu;;492.36;0.74;0.0;2.34;0.0;7.47;0.0;502.17;0.02
2019;1;151;530_001;solnu;;450.01;0.76;0.0;2.51;0.0;0.0;0.0;452.52;0.03
2019;152;258;530_001;mil;mil_precarachide;845.28;0.75;7.19;4.76;0.0;112.73;0.0;969.96;0.02
2019;259;365;530_001;solnu;;486.26;0.74;0.0;2.31;0.0;7.41;0.0;495.98;0.02
2019;1;151;531_001;solnu;;451.2;0.75;0.0;2.52;0.0;0.0;0.0;453.72;0.02
2019;152;258;531_001;mil;mil_precarachide;848.71;0.74;7.85;4.79;0.0;114.14;0.0;975.49;0.02
2019;259;365;531_001;solnu;;492.36;0.74;0.0;2.34;0.0;7.47;0.0;502.17;0.02
2019;1;151;532_001;solnu;;450.01;0.76;0.0;2.51;0.0;0.0;0.0;452.52;0.03
2019;152;258;532_001;mil;mil_precarachide;845.28;0.75;7.19;4.76;0.0;112.73;0.0;969.96;0.02
2019;259;365;532_001;solnu;;486.26;0.74;0.0;2.31;0.0;7.41;0.0;495.98;0.02
2019;1;151;533_001;solnu;;451.2;0.75;0.0;2.52;0.0;0.0;0.0;453.72;0.02
2019;152;258;533_001;mil;mil_precarachide;848.71;0.74;7.85;4.79;0.0;114.14;0.0;975.49;0.02
2019;259;365;533_001;solnu;;492.36;0.74;0.0;2.34;0.0;7.47;0.0;502.17;0.02
2019;1;151;534_001;solnu;;480.61;0.73;0.0;2.8;0.0;0.0;0.0;483.41;0.02
2019;152;258;534_001;mil;mil_precarachide;904.58;0.72;9.41;5.32;0.0;131.37;0.0;1050.68;0.02
2019;259;365;534_001;solnu;;545.4;0.71;0.0;2.67;0.0;8.54;0.0;556.61;0.02
2019;1;151;535_001;solnu;;450.01;0.76;0.0;2.51;0.0;0.0;0.0;452.52;0.03
2019;152;258;535_001;mil;mil_precarachide;845.28;0.75;7.19;4.76;0.0;112.73;0.0;969.96;0.02
2019;259;365;535_001;solnu;;486.26;0.74;0.0;2.31;0.0;7.41;0.0;495.98;0.02
2019;1;151;536_001;solnu;;451.2;0.75;0.0;2.52;0.0;0.0;0.0;453.72;0.02
2019;152;258;536_001;mil;mil_precarachide;848.71;0.74;7.85;4.79;0.0;114.14;0.0;975.49;0.02
2019;259;365;536_001;solnu;;492.36;0.74;0.0;2.34;0.0;7.47;0.0;502.17;0.02
2019;1;151;537_001;solnu;;450.01;0.76;0.0;2.51;0.0;0.0;0.0;452.52;0.03
2019;152;258;537_001;mil;mil_precarachide;845.28;0.75;7.19;4.76;0.0;112.73;0.0;969.96;0.02
2019;259;365;537_001;solnu;;486.26;0.74;0.0;2.31;0.0;7.41;0.0;495.98;0.02
2019;1;151;538_001;solnu;;451.2;0.75;0.0;2.52;0.0;0.0;0.0;453.72;0.02
2019;152;258;538_001;mil;mil_precarachide;848.71;0.74;7.85;4.79;0.0;114.14;0.0;975.49;0.02
2019;259;365;538_001;solnu;;492.36;0.74;0.0;2.34;0.0;7.47;0.0;502.17;0.02
2019;1;151;539_001;solnu;;450.01;0.76;0.0;2.51;0.0;0.0;0.0;452.52;0.03
2019;152;258;539_001;mil;mil_precarachide;845.28;0.75;7.19;4.76;0.0;112.73;0.0;969.96;0.02
2019;259;365;539_001;solnu;;486.26;0.74;0.0;2.31;0.0;7.41;0.0;495.98;0.02
2019;1;151;540_001;solnu;;451.2;0.75;0.0;2.52;0.0;0.0;0.0;453.72;0.02
2019;152;258;540_001;mil;mil_precarachide;848.71;0.74;7.85;4.79;0.0;114.14;0.0;975.49;0.02
2019;259;365;540_001;solnu;;492.36;0.74;0.0;2.34;0.0;7.47;0.0;502.17;0.02
2019;1;151;541_001;solnu;;450.01;0.76;0.0;2.51;0.0;0.0;0.0;452.52;0.03
2019;152;258;541_001;mil;mil_precarachide;845.28;0.75;7.19;4.76;0.0;112.73;0.0;969.96;0.02
2019;259;365;541_001;solnu;;486.26;0.74;0.0;2.31;0.0;7.41;0.0;495.98;0.02
2019;1;151;542_001;solnu;;451.2;0.75;0.0;2.52;0.0;0.0;0.0;453.72;0.02
2019;152;258;542_001;mil;mil_precarachide;848.71;0.74;7.85;4.79;0.0;114.14;0.0;975.49;0.02
2019;259;365;542_001;solnu;;492.36;0.74;0.0;2.34;0.0;7.47;0.0;502.17;0.02
2019;1;151;543_001;solnu;;468.49;0.84;0.0;2.58;0.0;0.0;0.0;471.07;0.03
2019;152;258;543_001;mil;mil_precarachide;890.82;0.83;6.1;4.95;0.0;117.47;0.0;1019.33;0.03
2019;259;365;543_001;solnu;;530.8;0.82;0.0;2.45;0.0;7.82;0.0;541.07;0.03
2019;1;151;544_001;solnu;;488.72;0.83;0.0;2.71;0.0;0.0;0.0;491.44;0.03
2019;152;258;544_001;mil;mil_precarachide;925.24;0.82;7.92;5.19;0.0;125.63;0.0;1063.97;0.03
2019;259;365;544_001;solnu;;566.18;0.82;0.0;2.69;0.0;8.24;0.0;577.1;0.03
2019;1;151;545_001;solnu;;524.36;0.79;0.0;3.06;0.0;0.0;0.0;527.42;0.03
2019;152;258;545_001;mil;mil_precarachide;989.93;0.78;18.11;5.83;0.0;147.84;0.0;1161.72;0.03
2019;259;365;545_001;solnu;;629.3;0.77;0.0;3.36;0.0;6.36;0.0;639.02;0.02
2019;1;151;546_001;solnu;;494.17;0.8;0.0;2.8;0.0;0.0;0.0;496.97;0.03
2019;152;258;546_001;mil;mil_precarachide;935.82;0.79;14.15;5.36;0.0;132.09;0.0;1087.41;0.03
2019;259;365;546_001;solnu;;573.19;0.78;0.0;3.02;0.0;5.74;0.0;581.95;0.03
2019;1;151;547_001;solnu;;494.17;0.8;0.0;2.8;0.0;0.0;0.0;496.97;0.03
2019;152;258;547_001;mil;mil_precarachide;935.82;0.79;14.15;5.36;0.0;132.09;0.0;1087.41;0.03
2019;259;365;547_001;solnu;;573.19;0.78;0.0;3.02;0.0;5.74;0.0;581.95;0.03
2019;1;151;548_001;solnu;;450.01;0.76;0.0;2.51;0.0;0.0;0.0;452.52;0.03
2019;152;258;548_001;mil;mil_precarachide;845.28;0.75;7.19;4.76;0.0;112.73;0.0;969.96;0.02
2019;259;365;548_001;solnu;;486.26;0.74;0.0;2.31;0.0;7.41;0.0;495.98;0.02
2019;1;151;549_001;solnu;;451.2;0.75;0.0;2.52;0.0;0.0;0.0;453.72;0.02
2019;152;258;549_001;mil;mil_precarachide;848.71;0.74;7.85;4.79;0.0;114.14;0.0;975.49;0.02
2019;259;365;549_001;solnu;;492.36;0.74;0.0;2.34;0.0;7.47;0.0;502.17;0.02
2019;1;151;550_001;solnu;;450.01;0.76;0.0;2.51;0.0;0.0;0.0;452.52;0.03
2019;152;258;550_001;mil;mil_precarachide;845.28;0.75;7.19;4.76;0.0;112.73;0.0;969.96;0.02
2019;259;365;550_001;solnu;;486.26;0.74;0.0;2.31;0.0;7.41;0.0;495.98;0.02
2019;1;151;551_001;solnu;;451.2;0.75;0.0;2.52;0.0;0.0;0.0;453.72;0.02
2019;152;258;551_001;mil;mil_precarachide;848.71;0.74;7.85;4.79;0.0;114.14;0.0;975.49;0.02
2019;259;365;551_001;solnu;;492.36;0.74;0.0;2.34;0.0;7.47;0.0;502.17;0.02
2019;1;151;552_001;solnu;;450.01;0.76;0.0;2.51;0.0;0.0;0.0;452.52;0.03
2019;152;258;552_001;mil;mil_precarachide;845.28;0.75;7.19;4.76;0.0;112.73;0.0;969.96;0.02
2019;259;365;552_001;solnu;;486.26;0.74;0.0;2.31;0.0;7.41;0.0;495.98;0.02
2019;1;151;553_001;solnu;;451.2;0.75;0.0;2.52;0.0;0.0;0.0;453.72;0.02
2019;152;258;553_001;mil;mil_precarachide;848.71;0.74;7.85;4.79;0.0;114.14;0.0;975.49;0.02
2019;259;365;553_001;solnu;;492.36;0.74;0.0;2.34;0.0;7.47;0.0;502.17;0.02
2019;1;151;554_001;solnu;;450.01;0.76;0.0;2.51;0.0;0.0;0.0;452.52;0.03
2019;152;258;554_001;mil;mil_precarachide;845.28;0.75;7.19;4.76;0.0;112.73;0.0;969.96;0.02
2019;259;365;554_001;solnu;;486.26;0.74;0.0;2.31;0.0;7.41;0.0;495.98;0.02
2019;1;151;555_001;solnu;;451.2;0.75;0.0;2.52;0.0;0.0;0.0;453.72;0.02
2019;152;258;555_001;mil;mil_precarachide;848.71;0.74;7.85;4.79;0.0;114.14;0.0;975.49;0.02
2019;259;365;555_001;solnu;;492.36;0.74;0.0;2.34;0.0;7.47;0.0;502.17;0.02
2019;1;151;556_001;solnu;;468.49;0.84;0.0;2.58;0.0;0.0;0.0;471.07;0.03
2019;152;258;556_001;mil;mil_precarachide;890.82;0.83;6.1;4.95;0.0;117.47;0.0;1019.33;0.03
2019;259;365;556_001;solnu;;530.8;0.82;0.0;2.45;0.0;7.82;0.0;541.07;0.03
2019;1;151;557_001;solnu;;488.72;0.83;0.0;2.71;0.0;0.0;0.0;491.44;0.03
2019;152;258;557_001;mil;mil_precarachide;925.24;0.82;7.92;5.19;0.0;125.63;0.0;1063.97;0.03
2019;259;365;557_001;solnu;;566.18;0.82;0.0;2.69;0.0;8.24;0.0;577.1;0.03
2019;1;151;558_001;solnu;;450.01;0.76;0.0;2.51;0.0;0.0;0.0;452.52;0.03
2019;152;258;558_001;mil;mil_precarachide;845.28;0.75;7.19;4.76;0.0;112.73;0.0;969.96;0.02
2019;259;365;558_001;solnu;;486.26;0.74;0.0;2.31;0.0;7.41;0.0;495.98;0.02
2019;1;151;559_001;solnu;;451.2;0.75;0.0;2.52;0.0;0.0;0.0;453.72;0.02
2019;152;258;559_001;mil;mil_precarachide;848.71;0.74;7.85;4.79;0.0;114.14;0.0;975.49;0.02
2019;259;365;559_001;solnu;;492.36;0.74;0.0;2.34;0.0;7.47;0.0;502.17;0.02
2019;1;151;560_001;solnu;;451.2;0.75;0.0;2.52;0.0;0.0;0.0;453.72;0.02
2019;152;258;560_001;mil;mil_precarachide;848.71;0.74;7.85;4.79;0.0;114.14;0.0;975.49;0.02
2019;259;365;560_001;solnu;;492.36;0.74;0.0;2.34;0.0;7.47;0.0;502.17;0.02
2019;1;151;561_001;solnu;;450.01;0.76;0.0;2.51;0.0;0.0;0.0;452.52;0.03
2019;152;258;561_001;mil;mil_precarachide;845.28;0.75;7.19;4.76;0.0;112.73;0.0;969.96;0.02
2019;259;365;561_001;solnu;;486.26;0.74;0.0;2.31;0.0;7.41;0.0;495.98;0.02
2019;1;151;562_001;solnu;;451.2;0.75;0.0;2.52;0.0;0.0;0.0;453.72;0.02
2019;152;258;562_001;mil;mil_precarachide;848.71;0.74;7.85;4.79;0.0;114.14;0.0;975.49;0.02
2019;259;365;562_001;solnu;;492.36;0.74;0.0;2.34;0.0;7.47;0.0;502.17;0.02
2019;1;151;563_001;solnu;;450.01;0.76;0.0;2.51;0.0;0.0;0.0;452.52;0.03
2019;152;258;563_001;mil;mil_precarachide;845.28;0.75;7.19;4.76;0.0;112.73;0.0;969.96;0.02
2019;259;365;563_001;solnu;;486.26;0.74;0.0;2.31;0.0;7.41;0.0;495.98;0.02
2019;1;151;564_001;solnu;;451.2;0.75;0.0;2.52;0.0;0.0;0.0;453.72;0.02
2019;152;258;564_001;mil;mil_precarachide;848.71;0.74;7.85;4.79;0.0;114.14;0.0;975.49;0.02
2019;259;365;564_001;solnu;;492.36;0.74;0.0;2.34;0.0;7.47;0.0;502.17;0.02
2019;1;151;565_001;solnu;;450.01;0.76;0.0;2.51;0.0;0.0;0.0;452.52;0.03
2019;152;258;565_001;mil;mil_precarachide;845.28;0.75;7.19;4.76;0.0;112.73;0.0;969.96;0.02
2019;259;365;565_001;solnu;;486.26;0.74;0.0;2.31;0.0;7.41;0.0;495.98;0.02
2019;1;151;566_001;solnu;;451.2;0.75;0.0;2.52;0.0;0.0;0.0;453.72;0.02
2019;152;258;566_001;mil;mil_precarachide;848.71;0.74;7.85;4.79;0.0;114.14;0.0;975.49;0.02
2019;259;365;566_001;solnu;;492.36;0.74;0.0;2.34;0.0;7.47;0.0;502.17;0.02
2019;1;151;567_001;solnu;;450.01;0.76;0.0;2.51;0.0;0.0;0.0;452.52;0.03
2019;152;258;567_001;mil;mil_precarachide;845.28;0.75;7.19;4.76;0.0;112.73;0.0;969.96;0.02
2019;259;365;567_001;solnu;;486.26;0.74;0.0;2.31;0.0;7.41;0.0;495.98;0.02
2019;1;151;568_001;solnu;;451.2;0.75;0.0;2.52;0.0;0.0;0.0;453.72;0.02
2019;152;258;568_001;mil;mil_precarachide;848.71;0.74;7.85;4.79;0.0;114.14;0.0;975.49;0.02
2019;259;365;568_001;solnu;;492.36;0.74;0.0;2.34;0.0;7.47;0.0;502.17;0.02
2019;1;151;569_001;solnu;;450.01;0.76;0.0;2.51;0.0;0.0;0.0;452.52;0.03
2019;152;258;569_001;mil;mil_precarachide;845.28;0.75;7.19;4.76;0.0;112.73;0.0;969.96;0.02
2019;259;365;569_001;solnu;;486.26;0.74;0.0;2.31;0.0;7.41;0.0;495.98;0.02
2019;1;151;570_001;solnu;;451.2;0.75;0.0;2.52;0.0;0.0;0.0;453.72;0.02
2019;152;258;570_001;mil;mil_precarachide;848.71;0.74;7.85;4.79;0.0;114.14;0.0;975.49;0.02
2019;259;365;570_001;solnu;;492.36;0.74;0.0;2.34;0.0;7.47;0.0;502.17;0.02
2019;1;151;571_001;solnu;;524.36;0.79;0.0;3.06;0.0;0.0;0.0;527.42;0.03
2019;152;258;571_001;mil;mil_precarachide;989.93;0.78;18.11;5.83;0.0;147.84;0.0;1161.72;0.03
2019;259;365;571_001;solnu;;629.3;0.77;0.0;3.36;0.0;6.36;0.0;639.02;0.02
2019;1;151;572_001;solnu;;494.17;0.8;0.0;2.8;0.0;0.0;0.0;496.97;0.03
2019;152;258;572_001;mil;mil_precarachide;935.82;0.79;14.15;5.36;0.0;132.09;0.0;1087.41;0.03
2019;259;365;572_001;solnu;;573.19;0.78;0.0;3.02;0.0;5.74;0.0;581.95;0.03
2019;1;151;573_001;solnu;;494.17;0.8;0.0;2.8;0.0;0.0;0.0;496.97;0.03
2019;152;258;573_001;mil;mil_precarachide;935.82;0.79;14.15;5.36;0.0;132.09;0.0;1087.41;0.03
2019;259;365;573_001;solnu;;573.19;0.78;0.0;3.02;0.0;5.74;0.0;581.95;0.03
2019;1;151;574_001;solnu;;524.36;0.79;0.0;3.06;0.0;0.0;0.0;527.42;0.03
2019;152;258;574_001;mil;mil_precarachide;989.93;0.78;18.11;5.83;0.0;147.84;0.0;1161.72;0.03
2019;259;365;574_001;solnu;;629.3;0.77;0.0;3.36;0.0;6.36;0.0;639.02;0.02
2019;1;151;575_001;solnu;;494.17;0.8;0.0;2.8;0.0;0.0;0.0;496.97;0.03
2019;152;258;575_001;mil;mil_precarachide;935.82;0.79;14.15;5.36;0.0;132.09;0.0;1087.41;0.03
2019;259;365;575_001;solnu;;573.19;0.78;0.0;3.02;0.0;5.74;0.0;581.95;0.03
2019;1;151;576_001;solnu;;524.36;0.79;0.0;3.06;0.0;0.0;0.0;527.42;0.03
2019;152;258;576_001;mil;mil_precarachide;989.93;0.78;18.11;5.83;0.0;147.84;0.0;1161.72;0.03
2019;259;365;576_001;solnu;;629.3;0.77;0.0;3.36;0.0;6.36;0.0;639.02;0.02
2019;1;151;577_001;solnu;;494.17;0.8;0.0;2.8;0.0;0.0;0.0;496.97;0.03
2019;152;258;577_001;mil;mil_precarachide;935.82;0.79;14.15;5.36;0.0;132.09;0.0;1087.41;0.03
2019;259;365;577_001;solnu;;573.19;0.78;0.0;3.02;0.0;5.74;0.0;581.95;0.03
2019;1;151;578_001;solnu;;524.36;0.79;0.0;3.06;0.0;0.0;0.0;527.42;0.03
2019;152;258;578_001;mil;mil_precarachide;989.93;0.78;18.11;5.83;0.0;147.84;0.0;1161.72;0.03
2019;259;365;578_001;solnu;;629.3;0.77;0.0;3.36;0.0;6.36;0.0;639.02;0.02
2019;1;151;579_001;solnu;;494.17;0.8;0.0;2.8;0.0;0.0;0.0;496.97;0.03
2019;152;258;579_001;mil;mil_precarachide;935.82;0.79;14.15;5.36;0.0;132.09;0.0;1087.41;0.03
2019;259;365;579_001;solnu;;573.19;0.78;0.0;3.02;0.0;5.74;0.0;581.95;0.03
2019;1;151;580_001;solnu;;498.35;0.73;0.0;2.92;0.0;0.0;0.0;501.27;0.02
2019;152;258;580_001;mil;mil_precarachide;933.29;0.72;8.21;5.52;0.0;137.15;0.0;1084.17;0.02
2019;259;365;580_001;solnu;;550.03;0.72;0.0;2.98;0.0;6.03;0.0;559.04;0.02
2019;1;151;581_001;solnu;;480.61;0.73;0.0;2.8;0.0;0.0;0.0;483.41;0.02
2019;152;258;581_001;mil;mil_precarachide;904.58;0.72;9.41;5.32;0.0;131.37;0.0;1050.68;0.02
2019;259;365;581_001;solnu;;545.4;0.71;0.0;2.67;0.0;8.54;0.0;556.61;0.02
2019;1;151;582_001;solnu;;480.61;0.73;0.0;2.8;0.0;0.0;0.0;483.41;0.02
2019;152;258;582_001;mil;mil_precarachide;904.58;0.72;9.41;5.32;0.0;131.37;0.0;1050.68;0.02
2019;259;365;582_001;solnu;;545.4;0.71;0.0;2.67;0.0;8.54;0.0;556.61;0.02
2019;1;151;583_001;solnu;;468.49;0.84;0.0;2.58;0.0;0.0;0.0;471.07;0.03
2019;152;258;583_001;mil;mil_precarachide;890.82;0.83;6.1;4.95;0.0;117.47;0.0;1019.33;0.03
2019;259;365;583_001;solnu;;530.8;0.82;0.0;2.45;0.0;7.82;0.0;541.07;0.03
2019;1;151;584_001;solnu;;488.72;0.83;0.0;2.71;0.0;0.0;0.0;491.44;0.03
2019;152;258;584_001;mil;mil_precarachide;925.24;0.82;7.92;5.19;0.0;125.63;0.0;1063.97;0.03
2019;259;365;584_001;solnu;;566.18;0.82;0.0;2.69;0.0;8.24;0.0;577.1;0.03
2019;1;151;585_001;solnu;;468.49;0.84;0.0;2.58;0.0;0.0;0.0;471.07;0.03
2019;152;258;585_001;mil;mil_precarachide;890.82;0.83;6.1;4.95;0.0;117.47;0.0;1019.33;0.03
2019;259;365;585_001;solnu;;530.8;0.82;0.0;2.45;0.0;7.82;0.0;541.07;0.03
2019;1;151;586_001;solnu;;488.72;0.83;0.0;2.71;0.0;0.0;0.0;491.44;0.03
2019;152;258;586_001;mil;mil_precarachide;925.24;0.82;7.92;5.19;0.0;125.63;0.0;1063.97;0.03
2019;259;365;586_001;solnu;;566.18;0.82;0.0;2.69;0.0;8.24;0.0;577.1;0.03
2019;1;151;587_001;solnu;;450.01;0.76;0.0;2.51;0.0;0.0;0.0;452.52;0.03
2019;152;258;587_001;mil;mil_precarachide;845.28;0.75;7.19;4.76;0.0;112.73;0.0;969.96;0.02
2019;259;365;587_001;solnu;;486.26;0.74;0.0;2.31;0.0;7.41;0.0;495.98;0.02
2019;1;151;588_001;solnu;;451.2;0.75;0.0;2.52;0.0;0.0;0.0;453.72;0.02
2019;152;258;588_001;mil;mil_precarachide;848.71;0.74;7.85;4.79;0.0;114.14;0.0;975.49;0.02
2019;259;365;588_001;solnu;;492.36;0.74;0.0;2.34;0.0;7.47;0.0;502.17;0.02
2019;1;151;589_001;solnu;;450.01;0.76;0.0;2.51;0.0;0.0;0.0;452.52;0.03
2019;152;258;589_001;mil;mil_precarachide;845.28;0.75;7.19;4.76;0.0;112.73;0.0;969.96;0.02
2019;259;365;589_001;solnu;;486.26;0.74;0.0;2.31;0.0;7.41;0.0;495.98;0.02
2019;1;151;590_001;solnu;;451.2;0.75;0.0;2.52;0.0;0.0;0.0;453.72;0.02
2019;152;258;590_001;mil;mil_precarachide;848.71;0.74;7.85;4.79;0.0;114.14;0.0;975.49;0.02
2019;259;365;590_001;solnu;;492.36;0.74;0.0;2.34;0.0;7.47;0.0;502.17;0.02
2019;1;151;591_001;solnu;;450.01;0.76;0.0;2.51;0.0;0.0;0.0;452.52;0.03
2019;152;258;591_001;mil;mil_precarachide;845.28;0.75;7.19;4.76;0.0;112.73;0.0;969.96;0.02
2019;259;365;591_001;solnu;;486.26;0.74;0.0;2.31;0.0;7.41;0.0;495.98;0.02
2019;1;151;592_001;solnu;;451.2;0.75;0.0;2.52;0.0;0.0;0.0;453.72;0.02
2019;152;258;592_001;mil;mil_precarachide;848.71;0.74;7.85;4.79;0.0;114.14;0.0;975.49;0.02
2019;259;365;592_001;solnu;;492.36;0.74;0.0;2.34;0.0;7.47;0.0;502.17;0.02
2019;1;151;593_001;solnu;;450.01;0.76;0.0;2.51;0.0;0.0;0.0;452.52;0.03
2019;152;258;593_001;mil;mil_precarachide;845.28;0.75;7.19;4.76;0.0;112.73;0.0;969.96;0.02
2019;259;365;593_001;solnu;;486.26;0.74;0.0;2.31;0.0;7.41;0.0;495.98;0.02
2019;1;151;594_001;solnu;;451.2;0.75;0.0;2.52;0.0;0.0;0.0;453.72;0.02
2019;152;258;594_001;mil;mil_precarachide;848.71;0.74;7.85;4.79;0.0;114.14;0.0;975.49;0.02
2019;259;365;594_001;solnu;;492.36;0.74;0.0;2.34;0.0;7.47;0.0;502.17;0.02
2019;1;151;595_001;solnu;;450.01;0.76;0.0;2.51;0.0;0.0;0.0;452.52;0.03
2019;152;258;595_001;mil;mil_precarachide;845.28;0.75;7.19;4.76;0.0;112.73;0.0;969.96;0.02
2019;259;365;595_001;solnu;;486.26;0.74;0.0;2.31;0.0;7.41;0.0;495.98;0.02
2019;1;151;596_001;solnu;;451.2;0.75;0.0;2.52;0.0;0.0;0.0;453.72;0.02
2019;152;258;596_001;mil;mil_precarachide;848.71;0.74;7.85;4.79;0.0;114.14;0.0;975.49;0.02
2019;259;365;596_001;solnu;;492.36;0.74;0.0;2.34;0.0;7.47;0.0;502.17;0.02
2019;1;151;597_001;solnu;;451.2;0.75;0.0;2.52;0.0;0.0;0.0;453.72;0.02
2019;152;258;597_001;mil;mil_precarachide;848.71;0.74;7.85;4.79;0.0;114.14;0.0;975.49;0.02
2019;259;365;597_001;solnu;;492.36;0.74;0.0;2.34;0.0;7.47;0.0;502.17;0.02
2019;1;151;598_001;solnu;;494.17;0.8;0.0;2.8;0.0;0.0;0.0;496.97;0.03
2019;152;258;598_001;mil;mil_precarachide;935.82;0.79;14.15;5.36;0.0;132.09;0.0;1087.41;0.03
2019;259;365;598_001;solnu;;573.19;0.78;0.0;3.02;0.0;5.74;0.0;581.95;0.03
2019;1;151;599_001;solnu;;468.49;0.84;0.0;2.58;0.0;0.0;0.0;471.07;0.03
2019;152;258;599_001;mil;mil_precarachide;890.82;0.83;6.1;4.95;0.0;117.47;0.0;1019.33;0.03
2019;259;365;599_001;solnu;;530.8;0.82;0.0;2.45;0.0;7.82;0.0;541.07;0.03
2019;1;151;600_001;solnu;;488.72;0.83;0.0;2.71;0.0;0.0;0.0;491.44;0.03
2019;152;258;600_001;mil;mil_precarachide;925.24;0.82;7.92;5.19;0.0;125.63;0.0;1063.97;0.03
2019;259;365;600_001;solnu;;566.18;0.82;0.0;2.69;0.0;8.24;0.0;577.1;0.03
2019;1;151;601_001;solnu;;450.01;0.76;0.0;2.51;0.0;0.0;0.0;452.52;0.03
2019;152;258;601_001;mil;mil_precarachide;845.28;0.75;7.19;4.76;0.0;112.73;0.0;969.96;0.02
2019;259;365;601_001;solnu;;486.26;0.74;0.0;2.31;0.0;7.41;0.0;495.98;0.02
2019;1;151;602_001;solnu;;451.2;0.75;0.0;2.52;0.0;0.0;0.0;453.72;0.02
2019;152;258;602_001;mil;mil_precarachide;848.71;0.74;7.85;4.79;0.0;114.14;0.0;975.49;0.02
2019;259;365;602_001;solnu;;492.36;0.74;0.0;2.34;0.0;7.47;0.0;502.17;0.02
2019;1;151;603_001;solnu;;450.01;0.76;0.0;2.51;0.0;0.0;0.0;452.52;0.03
2019;152;258;603_001;mil;mil_precarachide;845.28;0.75;7.19;4.76;0.0;112.73;0.0;969.96;0.02
2019;259;365;603_001;solnu;;486.26;0.74;0.0;2.31;0.0;7.41;0.0;495.98;0.02
2019;1;151;604_001;solnu;;451.2;0.75;0.0;2.52;0.0;0.0;0.0;453.72;0.02
2019;152;258;604_001;mil;mil_precarachide;848.71;0.74;7.85;4.79;0.0;114.14;0.0;975.49;0.02
2019;259;365;604_001;solnu;;492.36;0.74;0.0;2.34;0.0;7.47;0.0;502.17;0.02
2019;1;151;605_001;solnu;;450.01;0.76;0.0;2.51;0.0;0.0;0.0;452.52;0.03
2019;152;258;605_001;mil;mil_precarachide;845.28;0.75;7.19;4.76;0.0;112.73;0.0;969.96;0.02
2019;259;365;605_001;solnu;;486.26;0.74;0.0;2.31;0.0;7.41;0.0;495.98;0.02
2019;1;151;606_001;solnu;;451.2;0.75;0.0;2.52;0.0;0.0;0.0;453.72;0.02
2019;152;258;606_001;mil;mil_precarachide;848.71;0.74;7.85;4.79;0.0;114.14;0.0;975.49;0.02
2019;259;365;606_001;solnu;;492.36;0.74;0.0;2.34;0.0;7.47;0.0;502.17;0.02
2019;1;151;607_001;solnu;;498.35;0.73;0.0;2.92;0.0;0.0;0.0;501.27;0.02
2019;152;258;607_001;mil;mil_precarachide;933.29;0.72;8.21;5.52;0.0;137.15;0.0;1084.17;0.02
2019;259;365;607_001;solnu;;550.03;0.72;0.0;2.98;0.0;6.03;0.0;559.04;0.02
2019;1;151;608_001;solnu;;480.61;0.73;0.0;2.8;0.0;0.0;0.0;483.41;0.02
2019;152;258;608_001;mil;mil_precarachide;904.58;0.72;9.41;5.32;0.0;131.37;0.0;1050.68;0.02
2019;259;365;608_001;solnu;;545.4;0.71;0.0;2.67;0.0;8.54;0.0;556.61;0.02
2019;1;151;609_001;solnu;;524.36;0.79;0.0;3.06;0.0;0.0;0.0;527.42;0.03
2019;152;258;609_001;mil;mil_precarachide;989.93;0.78;18.11;5.83;0.0;147.84;0.0;1161.72;0.03
2019;259;365;609_001;solnu;;629.3;0.77;0.0;3.36;0.0;6.36;0.0;639.02;0.02
2019;1;151;610_001;solnu;;494.17;0.8;0.0;2.8;0.0;0.0;0.0;496.97;0.03
2019;152;258;610_001;mil;mil_precarachide;935.82;0.79;14.15;5.36;0.0;132.09;0.0;1087.41;0.03
2019;259;365;610_001;solnu;;573.19;0.78;0.0;3.02;0.0;5.74;0.0;581.95;0.03
2019;1;151;611_001;solnu;;498.35;0.73;0.0;2.92;0.0;0.0;0.0;501.27;0.02
2019;152;258;611_001;mil;mil_precarachide;933.29;0.72;8.21;5.52;0.0;137.15;0.0;1084.17;0.02
2019;259;365;611_001;solnu;;550.03;0.72;0.0;2.98;0.0;6.03;0.0;559.04;0.02
2019;1;151;612_001;solnu;;480.61;0.73;0.0;2.8;0.0;0.0;0.0;483.41;0.02
2019;152;258;612_001;mil;mil_precarachide;904.58;0.72;9.41;5.32;0.0;131.37;0.0;1050.68;0.02
2019;259;365;612_001;solnu;;545.4;0.71;0.0;2.67;0.0;8.54;0.0;556.61;0.02
2019;1;151;613_001;solnu;;488.72;0.83;0.0;2.71;0.0;0.0;0.0;491.44;0.03
2019;152;258;613_001;mil;mil_precarachide;925.24;0.82;7.92;5.19;0.0;125.63;0.0;1063.97;0.03
2019;259;365;613_001;solnu;;566.18;0.82;0.0;2.69;0.0;8.24;0.0;577.1;0.03
2019;1;151;614_001;solnu;;450.01;0.76;0.0;2.51;0.0;0.0;0.0;452.52;0.03
2019;152;258;614_001;mil;mil_precarachide;845.28;0.75;7.19;4.76;0.0;112.73;0.0;969.96;0.02
2019;259;365;614_001;solnu;;486.26;0.74;0.0;2.31;0.0;7.41;0.0;495.98;0.02
2019;1;151;615_001;solnu;;451.2;0.75;0.0;2.52;0.0;0.0;0.0;453.72;0.02
2019;152;258;615_001;mil;mil_precarachide;848.71;0.74;7.85;4.79;0.0;114.14;0.0;975.49;0.02
2019;259;365;615_001;solnu;;492.36;0.74;0.0;2.34;0.0;7.47;0.0;502.17;0.02
2019;1;151;616_001;solnu;;450.01;0.76;0.0;2.51;0.0;0.0;0.0;452.52;0.03
2019;152;258;616_001;mil;mil_precarachide;845.28;0.75;7.19;4.76;0.0;112.73;0.0;969.96;0.02
2019;259;365;616_001;solnu;;486.26;0.74;0.0;2.31;0.0;7.41;0.0;495.98;0.02
2019;1;151;617_001;solnu;;451.2;0.75;0.0;2.52;0.0;0.0;0.0;453.72;0.02
2019;152;258;617_001;mil;mil_precarachide;848.71;0.74;7.85;4.79;0.0;114.14;0.0;975.49;0.02
2019;259;365;617_001;solnu;;492.36;0.74;0.0;2.34;0.0;7.47;0.0;502.17;0.02
2019;1;151;618_001;solnu;;450.01;0.76;0.0;2.51;0.0;0.0;0.0;452.52;0.03
2019;152;258;618_001;mil;mil_precarachide;845.28;0.75;7.19;4.76;0.0;112.73;0.0;969.96;0.02
2019;259;365;618_001;solnu;;486.26;0.74;0.0;2.31;0.0;7.41;0.0;495.98;0.02
2019;1;151;619_001;solnu;;451.2;0.75;0.0;2.52;0.0;0.0;0.0;453.72;0.02
2019;152;258;619_001;mil;mil_precarachide;848.71;0.74;7.85;4.79;0.0;114.14;0.0;975.49;0.02
2019;259;365;619_001;solnu;;492.36;0.74;0.0;2.34;0.0;7.47;0.0;502.17;0.02
2019;1;151;620_001;solnu;;450.01;0.76;0.0;2.51;0.0;0.0;0.0;452.52;0.03
2019;152;258;620_001;mil;mil_precarachide;845.28;0.75;7.19;4.76;0.0;112.73;0.0;969.96;0.02
2019;259;365;620_001;solnu;;486.26;0.74;0.0;2.31;0.0;7.41;0.0;495.98;0.02
2019;1;151;621_001;solnu;;451.2;0.75;0.0;2.52;0.0;0.0;0.0;453.72;0.02
2019;152;258;621_001;mil;mil_precarachide;848.71;0.74;7.85;4.79;0.0;114.14;0.0;975.49;0.02
2019;259;365;621_001;solnu;;492.36;0.74;0.0;2.34;0.0;7.47;0.0;502.17;0.02
2019;1;151;622_001;solnu;;450.01;0.76;0.0;2.51;0.0;0.0;0.0;452.52;0.03
2019;152;258;622_001;mil;mil_precarachide;845.28;0.75;7.19;4.76;0.0;112.73;0.0;969.96;0.02
2019;259;365;622_001;solnu;;486.26;0.74;0.0;2.31;0.0;7.41;0.0;495.98;0.02
2019;1;151;623_001;solnu;;451.2;0.75;0.0;2.52;0.0;0.0;0.0;453.72;0.02
2019;152;258;623_001;mil;mil_precarachide;848.71;0.74;7.85;4.79;0.0;114.14;0.0;975.49;0.02
2019;259;365;623_001;solnu;;492.36;0.74;0.0;2.34;0.0;7.47;0.0;502.17;0.02
2019;1;151;624_001;solnu;;450.01;0.76;0.0;2.51;0.0;0.0;0.0;452.52;0.03
2019;152;258;624_001;mil;mil_precarachide;845.28;0.75;7.19;4.76;0.0;112.73;0.0;969.96;0.02
2019;259;365;624_001;solnu;;486.26;0.74;0.0;2.31;0.0;7.41;0.0;495.98;0.02
2019;1;151;625_001;solnu;;451.2;0.75;0.0;2.52;0.0;0.0;0.0;453.72;0.02
2019;152;258;625_001;mil;mil_precarachide;848.71;0.74;7.85;4.79;0.0;114.14;0.0;975.49;0.02
2019;259;365;625_001;solnu;;492.36;0.74;0.0;2.34;0.0;7.47;0.0;502.17;0.02
2019;1;151;626_001;solnu;;450.01;0.76;0.0;2.51;0.0;0.0;0.0;452.52;0.03
2019;152;258;626_001;mil;mil_precarachide;845.28;0.75;7.19;4.76;0.0;112.73;0.0;969.96;0.02
2019;259;365;626_001;solnu;;486.26;0.74;0.0;2.31;0.0;7.41;0.0;495.98;0.02
2019;1;151;627_001;solnu;;451.2;0.75;0.0;2.52;0.0;0.0;0.0;453.72;0.02
2019;152;258;627_001;mil;mil_precarachide;848.71;0.74;7.85;4.79;0.0;114.14;0.0;975.49;0.02
2019;259;365;627_001;solnu;;492.36;0.74;0.0;2.34;0.0;7.47;0.0;502.17;0.02
2019;1;151;628_001;solnu;;450.01;0.76;0.0;2.51;0.0;0.0;0.0;452.52;0.03
2019;152;258;628_001;mil;mil_precarachide;845.28;0.75;7.19;4.76;0.0;112.73;0.0;969.96;0.02
2019;259;365;628_001;solnu;;486.26;0.74;0.0;2.31;0.0;7.41;0.0;495.98;0.02
2019;1;151;629_001;solnu;;451.2;0.75;0.0;2.52;0.0;0.0;0.0;453.72;0.02
2019;152;258;629_001;mil;mil_precarachide;848.71;0.74;7.85;4.79;0.0;114.14;0.0;975.49;0.02
2019;259;365;629_001;solnu;;492.36;0.74;0.0;2.34;0.0;7.47;0.0;502.17;0.02
2019;1;151;630_001;solnu;;450.01;0.76;0.0;2.51;0.0;0.0;0.0;452.52;0.03
2019;152;258;630_001;mil;mil_precarachide;845.28;0.75;7.19;4.76;0.0;112.73;0.0;969.96;0.02
2019;259;365;630_001;solnu;;486.26;0.74;0.0;2.31;0.0;7.41;0.0;495.98;0.02
2019;1;151;631_001;solnu;;451.2;0.75;0.0;2.52;0.0;0.0;0.0;453.72;0.02
2019;152;258;631_001;mil;mil_precarachide;848.71;0.74;7.85;4.79;0.0;114.14;0.0;975.49;0.02
2019;259;365;631_001;solnu;;492.36;0.74;0.0;2.34;0.0;7.47;0.0;502.17;0.02
2019;1;151;632_001;solnu;;524.36;0.79;0.0;3.06;0.0;0.0;0.0;527.42;0.03
2019;152;258;632_001;mil;mil_precarachide;989.93;0.78;18.11;5.83;0.0;147.84;0.0;1161.72;0.03
2019;259;365;632_001;solnu;;629.3;0.77;0.0;3.36;0.0;6.36;0.0;639.02;0.02
2019;1;151;633_001;solnu;;494.17;0.8;0.0;2.8;0.0;0.0;0.0;496.97;0.03
2019;152;258;633_001;mil;mil_precarachide;935.82;0.79;14.15;5.36;0.0;132.09;0.0;1087.41;0.03
2019;259;365;633_001;solnu;;573.19;0.78;0.0;3.02;0.0;5.74;0.0;581.95;0.03
2019;1;151;634_001;solnu;;450.01;0.76;0.0;2.51;0.0;0.0;0.0;452.52;0.03
2019;152;258;634_001;mil;mil_precarachide;845.28;0.75;7.19;4.76;0.0;112.73;0.0;969.96;0.02
2019;259;365;634_001;solnu;;486.26;0.74;0.0;2.31;0.0;7.41;0.0;495.98;0.02
2019;1;151;635_001;solnu;;451.2;0.75;0.0;2.52;0.0;0.0;0.0;453.72;0.02
2019;152;258;635_001;mil;mil_precarachide;848.71;0.74;7.85;4.79;0.0;114.14;0.0;975.49;0.02
2019;259;365;635_001;solnu;;492.36;0.74;0.0;2.34;0.0;7.47;0.0;502.17;0.02
2019;1;151;636_001;solnu;;450.01;0.76;0.0;2.51;0.0;0.0;0.0;452.52;0.03
2019;152;258;636_001;mil;mil_precarachide;845.28;0.75;7.19;4.76;0.0;112.73;0.0;969.96;0.02
2019;259;365;636_001;solnu;;486.26;0.74;0.0;2.31;0.0;7.41;0.0;495.98;0.02
2019;1;151;637_001;solnu;;451.2;0.75;0.0;2.52;0.0;0.0;0.0;453.72;0.02
2019;152;258;637_001;mil;mil_precarachide;848.71;0.74;7.85;4.79;0.0;114.14;0.0;975.49;0.02
2019;259;365;637_001;solnu;;492.36;0.74;0.0;2.34;0.0;7.47;0.0;502.17;0.02
2019;1;151;638_001;solnu;;450.01;0.76;0.0;2.51;0.0;0.0;0.0;452.52;0.03
2019;152;258;638_001;mil;mil_precarachide;845.28;0.75;7.19;4.76;0.0;112.73;0.0;969.96;0.02
2019;259;365;638_001;solnu;;486.26;0.74;0.0;2.31;0.0;7.41;0.0;495.98;0.02
2019;1;151;639_001;solnu;;451.2;0.75;0.0;2.52;0.0;0.0;0.0;453.72;0.02
2019;152;258;639_001;mil;mil_precarachide;848.71;0.74;7.85;4.79;0.0;114.14;0.0;975.49;0.02
2019;259;365;639_001;solnu;;492.36;0.74;0.0;2.34;0.0;7.47;0.0;502.17;0.02
2019;1;151;640_001;solnu;;468.49;0.84;0.0;2.58;0.0;0.0;0.0;471.07;0.03
2019;152;258;640_001;mil;mil_precarachide;890.82;0.83;6.1;4.95;0.0;117.47;0.0;1019.33;0.03
2019;259;365;640_001;solnu;;530.8;0.82;0.0;2.45;0.0;7.82;0.0;541.07;0.03
2019;1;151;641_001;solnu;;488.72;0.83;0.0;2.71;0.0;0.0;0.0;491.44;0.03
2019;152;258;641_001;mil;mil_precarachide;925.24;0.82;7.92;5.19;0.0;125.63;0.0;1063.97;0.03
2019;259;365;641_001;solnu;;566.18;0.82;0.0;2.69;0.0;8.24;0.0;577.1;0.03
2019;1;151;642_001;solnu;;468.49;0.84;0.0;2.58;0.0;0.0;0.0;471.07;0.03
2019;152;258;642_001;mil;mil_precarachide;890.82;0.83;6.1;4.95;0.0;117.47;0.0;1019.33;0.03
2019;259;365;642_001;solnu;;530.8;0.82;0.0;2.45;0.0;7.82;0.0;541.07;0.03
2019;1;151;643_001;solnu;;488.72;0.83;0.0;2.71;0.0;0.0;0.0;491.44;0.03
2019;152;258;643_001;mil;mil_precarachide;925.24;0.82;7.92;5.19;0.0;125.63;0.0;1063.97;0.03
2019;259;365;643_001;solnu;;566.18;0.82;0.0;2.69;0.0;8.24;0.0;577.1;0.03
2019;1;151;644_001;solnu;;498.35;0.73;0.0;2.92;0.0;0.0;0.0;501.27;0.02
2019;152;258;644_001;mil;mil_precarachide;933.29;0.72;8.21;5.52;0.0;137.15;0.0;1084.17;0.02
2019;259;365;644_001;solnu;;550.03;0.72;0.0;2.98;0.0;6.03;0.0;559.04;0.02
2019;1;151;645_001;solnu;;480.61;0.73;0.0;2.8;0.0;0.0;0.0;483.41;0.02
2019;152;258;645_001;mil;mil_precarachide;904.58;0.72;9.41;5.32;0.0;131.37;0.0;1050.68;0.02
2019;259;365;645_001;solnu;;545.4;0.71;0.0;2.67;0.0;8.54;0.0;556.61;0.02
2019;1;151;646_001;solnu;;524.36;0.79;0.0;3.06;0.0;0.0;0.0;527.42;0.03
2019;152;258;646_001;mil;mil_precarachide;989.93;0.78;18.11;5.83;0.0;147.84;0.0;1161.72;0.03
2019;259;365;646_001;solnu;;629.3;0.77;0.0;3.36;0.0;6.36;0.0;639.02;0.02
2019;1;151;647_001;solnu;;494.17;0.8;0.0;2.8;0.0;0.0;0.0;496.97;0.03
2019;152;258;647_001;mil;mil_precarachide;935.82;0.79;14.15;5.36;0.0;132.09;0.0;1087.41;0.03
2019;259;365;647_001;solnu;;573.19;0.78;0.0;3.02;0.0;5.74;0.0;581.95;0.03
2019;1;151;648_001;solnu;;498.35;0.73;0.0;2.92;0.0;0.0;0.0;501.27;0.02
2019;152;258;648_001;mil;mil_precarachide;933.29;0.72;8.21;5.52;0.0;137.15;0.0;1084.17;0.02
2019;259;365;648_001;solnu;;550.03;0.72;0.0;2.98;0.0;6.03;0.0;559.04;0.02
2019;1;151;649_001;solnu;;480.61;0.73;0.0;2.8;0.0;0.0;0.0;483.41;0.02
2019;152;258;649_001;mil;mil_precarachide;904.58;0.72;9.41;5.32;0.0;131.37;0.0;1050.68;0.02
2019;259;365;649_001;solnu;;545.4;0.71;0.0;2.67;0.0;8.54;0.0;556.61;0.02
2019;1;151;650_001;solnu;;451.2;0.75;0.0;2.52;0.0;0.0;0.0;453.72;0.02
2019;152;258;650_001;mil;mil_precarachide;848.71;0.74;7.85;4.79;0.0;114.14;0.0;975.49;0.02
2019;259;365;650_001;solnu;;492.36;0.74;0.0;2.34;0.0;7.47;0.0;502.17;0.02
2019;1;151;651_001;solnu;;450.01;0.76;0.0;2.51;0.0;0.0;0.0;452.52;0.03
2019;152;258;651_001;mil;mil_precarachide;845.28;0.75;7.19;4.76;0.0;112.73;0.0;969.96;0.02
2019;259;365;651_001;solnu;;486.26;0.74;0.0;2.31;0.0;7.41;0.0;495.98;0.02
2019;1;151;652_001;solnu;;451.2;0.75;0.0;2.52;0.0;0.0;0.0;453.72;0.02
2019;152;258;652_001;mil;mil_precarachide;848.71;0.74;7.85;4.79;0.0;114.14;0.0;975.49;0.02
2019;259;365;652_001;solnu;;492.36;0.74;0.0;2.34;0.0;7.47;0.0;502.17;0.02
2019;1;151;653_001;solnu;;480.61;0.73;0.0;2.8;0.0;0.0;0.0;483.41;0.02
2019;152;258;653_001;mil;mil_precarachide;904.58;0.72;9.41;5.32;0.0;131.37;0.0;1050.68;0.02
2019;259;365;653_001;solnu;;545.4;0.71;0.0;2.67;0.0;8.54;0.0;556.61;0.02
2019;1;151;654_001;solnu;;480.61;0.73;0.0;2.8;0.0;0.0;0.0;483.41;0.02
2019;152;258;654_001;mil;mil_precarachide;904.58;0.72;9.41;5.32;0.0;131.37;0.0;1050.68;0.02
2019;259;365;654_001;solnu;;545.4;0.71;0.0;2.67;0.0;8.54;0.0;556.61;0.02
2019;1;151;655_001;solnu;;450.01;0.76;0.0;2.51;0.0;0.0;0.0;452.52;0.03
2019;152;258;655_001;mil;mil_precarachide;845.28;0.75;7.19;4.76;0.0;112.73;0.0;969.96;0.02
2019;259;365;655_001;solnu;;486.26;0.74;0.0;2.31;0.0;7.41;0.0;495.98;0.02
2019;1;151;656_001;solnu;;451.2;0.75;0.0;2.52;0.0;0.0;0.0;453.72;0.02
2019;152;258;656_001;mil;mil_precarachide;848.71;0.74;7.85;4.79;0.0;114.14;0.0;975.49;0.02
2019;259;365;656_001;solnu;;492.36;0.74;0.0;2.34;0.0;7.47;0.0;502.17;0.02
2019;1;151;657_001;solnu;;450.01;0.76;0.0;2.51;0.0;0.0;0.0;452.52;0.03
2019;152;258;657_001;mil;mil_precarachide;845.28;0.75;7.19;4.76;0.0;112.73;0.0;969.96;0.02
2019;259;365;657_001;solnu;;486.26;0.74;0.0;2.31;0.0;7.41;0.0;495.98;0.02
2019;1;151;658_001;solnu;;451.2;0.75;0.0;2.52;0.0;0.0;0.0;453.72;0.02
2019;152;258;658_001;mil;mil_precarachide;848.71;0.74;7.85;4.79;0.0;114.14;0.0;975.49;0.02
2019;259;365;658_001;solnu;;492.36;0.74;0.0;2.34;0.0;7.47;0.0;502.17;0.02
2019;1;151;659_001;solnu;;450.01;0.76;0.0;2.51;0.0;0.0;0.0;452.52;0.03
2019;152;258;659_001;mil;mil_precarachide;845.28;0.75;7.19;4.76;0.0;112.73;0.0;969.96;0.02
2019;259;365;659_001;solnu;;486.26;0.74;0.0;2.31;0.0;7.41;0.0;495.98;0.02
2019;1;151;660_001;solnu;;451.2;0.75;0.0;2.52;0.0;0.0;0.0;453.72;0.02
2019;152;258;660_001;mil;mil_precarachide;848.71;0.74;7.85;4.79;0.0;114.14;0.0;975.49;0.02
2019;259;365;660_001;solnu;;492.36;0.74;0.0;2.34;0.0;7.47;0.0;502.17;0.02
2019;1;151;661_001;solnu;;450.01;0.76;0.0;2.51;0.0;0.0;0.0;452.52;0.03
2019;152;258;661_001;mil;mil_precarachide;845.28;0.75;7.19;4.76;0.0;112.73;0.0;969.96;0.02
2019;259;365;661_001;solnu;;486.26;0.74;0.0;2.31;0.0;7.41;0.0;495.98;0.02
2019;1;151;662_001;solnu;;451.2;0.75;0.0;2.52;0.0;0.0;0.0;453.72;0.02
2019;152;258;662_001;mil;mil_precarachide;848.71;0.74;7.85;4.79;0.0;114.14;0.0;975.49;0.02
2019;259;365;662_001;solnu;;492.36;0.74;0.0;2.34;0.0;7.47;0.0;502.17;0.02
2019;1;151;663_001;solnu;;451.2;0.75;0.0;2.52;0.0;0.0;0.0;453.72;0.02
2019;152;258;663_001;mil;mil_precarachide;848.71;0.74;7.85;4.79;0.0;114.14;0.0;975.49;0.02
2019;259;365;663_001;solnu;;492.36;0.74;0.0;2.34;0.0;7.47;0.0;502.17;0.02
2019;1;151;664_001;solnu;;450.01;0.76;0.0;2.51;0.0;0.0;0.0;452.52;0.03
2019;152;258;664_001;mil;mil_precarachide;845.28;0.75;7.19;4.76;0.0;112.73;0.0;969.96;0.02
2019;259;365;664_001;solnu;;486.26;0.74;0.0;2.31;0.0;7.41;0.0;495.98;0.02
2019;1;151;665_001;solnu;;451.2;0.75;0.0;2.52;0.0;0.0;0.0;453.72;0.02
2019;152;258;665_001;mil;mil_precarachide;848.71;0.74;7.85;4.79;0.0;114.14;0.0;975.49;0.02
2019;259;365;665_001;solnu;;492.36;0.74;0.0;2.34;0.0;7.47;0.0;502.17;0.02
2019;1;151;666_001;solnu;;498.35;0.73;0.0;2.92;0.0;0.0;0.0;501.27;0.02
2019;152;258;666_001;mil;mil_precarachide;933.29;0.72;8.21;5.52;0.0;137.15;0.0;1084.17;0.02
2019;259;365;666_001;solnu;;550.03;0.72;0.0;2.98;0.0;6.03;0.0;559.04;0.02
2019;1;151;667_001;solnu;;480.61;0.73;0.0;2.8;0.0;0.0;0.0;483.41;0.02
2019;152;258;667_001;mil;mil_precarachide;904.58;0.72;9.41;5.32;0.0;131.37;0.0;1050.68;0.02
2019;259;365;667_001;solnu;;545.4;0.71;0.0;2.67;0.0;8.54;0.0;556.61;0.02
2019;1;151;668_001;solnu;;498.35;0.73;0.0;2.92;0.0;0.0;0.0;501.27;0.02
2019;152;258;668_001;mil;mil_precarachide;933.29;0.72;8.21;5.52;0.0;137.15;0.0;1084.17;0.02
2019;259;365;668_001;solnu;;550.03;0.72;0.0;2.98;0.0;6.03;0.0;559.04;0.02
2019;1;151;669_001;solnu;;480.61;0.73;0.0;2.8;0.0;0.0;0.0;483.41;0.02
2019;152;258;669_001;mil;mil_precarachide;904.58;0.72;9.41;5.32;0.0;131.37;0.0;1050.68;0.02
2019;259;365;669_001;solnu;;545.4;0.71;0.0;2.67;0.0;8.54;0.0;556.61;0.02
2019;1;151;670_001;solnu;;524.36;0.79;0.0;3.06;0.0;0.0;0.0;527.42;0.03
2019;152;258;670_001;mil;mil_precarachide;989.93;0.78;18.11;5.83;0.0;147.84;0.0;1161.72;0.03
2019;259;365;670_001;solnu;;629.3;0.77;0.0;3.36;0.0;6.36;0.0;639.02;0.02
2019;1;151;671_001;solnu;;494.17;0.8;0.0;2.8;0.0;0.0;0.0;496.97;0.03
2019;152;258;671_001;mil;mil_precarachide;935.82;0.79;14.15;5.36;0.0;132.09;0.0;1087.41;0.03
2019;259;365;671_001;solnu;;573.19;0.78;0.0;3.02;0.0;5.74;0.0;581.95;0.03
2019;1;151;672_001;solnu;;450.01;0.76;0.0;2.51;0.0;0.0;0.0;452.52;0.03
2019;152;258;672_001;mil;mil_precarachide;845.28;0.75;7.19;4.76;0.0;112.73;0.0;969.96;0.02
2019;259;365;672_001;solnu;;486.26;0.74;0.0;2.31;0.0;7.41;0.0;495.98;0.02
2019;1;151;673_001;solnu;;451.2;0.75;0.0;2.52;0.0;0.0;0.0;453.72;0.02
2019;152;258;673_001;mil;mil_precarachide;848.71;0.74;7.85;4.79;0.0;114.14;0.0;975.49;0.02
2019;259;365;673_001;solnu;;492.36;0.74;0.0;2.34;0.0;7.47;0.0;502.17;0.02
2019;1;151;674_001;solnu;;450.01;0.76;0.0;2.51;0.0;0.0;0.0;452.52;0.03
2019;152;258;674_001;mil;mil_precarachide;845.28;0.75;7.19;4.76;0.0;112.73;0.0;969.96;0.02
2019;259;365;674_001;solnu;;486.26;0.74;0.0;2.31;0.0;7.41;0.0;495.98;0.02
2019;1;151;675_001;solnu;;451.2;0.75;0.0;2.52;0.0;0.0;0.0;453.72;0.02
2019;152;258;675_001;mil;mil_precarachide;848.71;0.74;7.85;4.79;0.0;114.14;0.0;975.49;0.02
2019;259;365;675_001;solnu;;492.36;0.74;0.0;2.34;0.0;7.47;0.0;502.17;0.02
2019;1;151;676_001;solnu;;450.01;0.76;0.0;2.51;0.0;0.0;0.0;452.52;0.03
2019;152;258;676_001;mil;mil_precarachide;845.28;0.75;7.19;4.76;0.0;112.73;0.0;969.96;0.02
2019;259;365;676_001;solnu;;486.26;0.74;0.0;2.31;0.0;7.41;0.0;495.98;0.02
2019;1;151;677_001;solnu;;451.2;0.75;0.0;2.52;0.0;0.0;0.0;453.72;0.02
2019;152;258;677_001;mil;mil_precarachide;848.71;0.74;7.85;4.79;0.0;114.14;0.0;975.49;0.02
2019;259;365;677_001;solnu;;492.36;0.74;0.0;2.34;0.0;7.47;0.0;502.17;0.02
2019;1;151;678_001;solnu;;451.2;0.75;0.0;2.52;0.0;0.0;0.0;453.72;0.02
2019;152;258;678_001;mil;mil_precarachide;848.71;0.74;7.85;4.79;0.0;114.14;0.0;975.49;0.02
2019;259;365;678_001;solnu;;492.36;0.74;0.0;2.34;0.0;7.47;0.0;502.17;0.02
2019;1;151;679_001;solnu;;450.01;0.76;0.0;2.51;0.0;0.0;0.0;452.52;0.03
2019;152;258;679_001;mil;mil_precarachide;845.28;0.75;7.19;4.76;0.0;112.73;0.0;969.96;0.02
2019;259;365;679_001;solnu;;486.26;0.74;0.0;2.31;0.0;7.41;0.0;495.98;0.02
2019;1;151;680_001;solnu;;451.2;0.75;0.0;2.52;0.0;0.0;0.0;453.72;0.02
2019;152;258;680_001;mil;mil_precarachide;848.71;0.74;7.85;4.79;0.0;114.14;0.0;975.49;0.02
2019;259;365;680_001;solnu;;492.36;0.74;0.0;2.34;0.0;7.47;0.0;502.17;0.02
2019;1;151;681_001;solnu;;468.49;0.84;0.0;2.58;0.0;0.0;0.0;471.07;0.03
2019;152;258;681_001;mil;mil_precarachide;890.82;0.83;6.1;4.95;0.0;117.47;0.0;1019.33;0.03
2019;259;365;681_001;solnu;;530.8;0.82;0.0;2.45;0.0;7.82;0.0;541.07;0.03
2019;1;151;682_001;solnu;;488.72;0.83;0.0;2.71;0.0;0.0;0.0;491.44;0.03
2019;152;258;682_001;mil;mil_precarachide;925.24;0.82;7.92;5.19;0.0;125.63;0.0;1063.97;0.03
2019;259;365;682_001;solnu;;566.18;0.82;0.0;2.69;0.0;8.24;0.0;577.1;0.03
2019;1;151;683_001;solnu;;468.49;0.84;0.0;2.58;0.0;0.0;0.0;471.07;0.03
2019;152;258;683_001;mil;mil_precarachide;890.82;0.83;6.1;4.95;0.0;117.47;0.0;1019.33;0.03
2019;259;365;683_001;solnu;;530.8;0.82;0.0;2.45;0.0;7.82;0.0;541.07;0.03
2019;1;151;684_001;solnu;;488.72;0.83;0.0;2.71;0.0;0.0;0.0;491.44;0.03
2019;152;258;684_001;mil;mil_precarachide;925.24;0.82;7.92;5.19;0.0;125.63;0.0;1063.97;0.03
2019;259;365;684_001;solnu;;566.18;0.82;0.0;2.69;0.0;8.24;0.0;577.1;0.03
2019;1;151;685_001;solnu;;450.01;0.76;0.0;2.51;0.0;0.0;0.0;452.52;0.03
2019;152;258;685_001;mil;mil_precarachide;845.28;0.75;7.19;4.76;0.0;112.73;0.0;969.96;0.02
2019;259;365;685_001;solnu;;486.26;0.74;0.0;2.31;0.0;7.41;0.0;495.98;0.02
2019;1;151;686_001;solnu;;451.2;0.75;0.0;2.52;0.0;0.0;0.0;453.72;0.02
2019;152;258;686_001;mil;mil_precarachide;848.71;0.74;7.85;4.79;0.0;114.14;0.0;975.49;0.02
2019;259;365;686_001;solnu;;492.36;0.74;0.0;2.34;0.0;7.47;0.0;502.17;0.02
2019;1;151;687_001;solnu;;450.01;0.76;0.0;2.51;0.0;0.0;0.0;452.52;0.03
2019;152;258;687_001;mil;mil_precarachide;845.28;0.75;7.19;4.76;0.0;112.73;0.0;969.96;0.02
2019;259;365;687_001;solnu;;486.26;0.74;0.0;2.31;0.0;7.41;0.0;495.98;0.02
2019;1;151;688_001;solnu;;451.2;0.75;0.0;2.52;0.0;0.0;0.0;453.72;0.02
2019;152;258;688_001;mil;mil_precarachide;848.71;0.74;7.85;4.79;0.0;114.14;0.0;975.49;0.02
2019;259;365;688_001;solnu;;492.36;0.74;0.0;2.34;0.0;7.47;0.0;502.17;0.02
2019;1;151;689_001;solnu;;450.01;0.76;0.0;2.51;0.0;0.0;0.0;452.52;0.03
2019;152;258;689_001;mil;mil_precarachide;845.28;0.75;7.19;4.76;0.0;112.73;0.0;969.96;0.02
2019;259;365;689_001;solnu;;486.26;0.74;0.0;2.31;0.0;7.41;0.0;495.98;0.02
2019;1;151;690_001;solnu;;451.2;0.75;0.0;2.52;0.0;0.0;0.0;453.72;0.02
2019;152;258;690_001;mil;mil_precarachide;848.71;0.74;7.85;4.79;0.0;114.14;0.0;975.49;0.02
2019;259;365;690_001;solnu;;492.36;0.74;0.0;2.34;0.0;7.47;0.0;502.17;0.02
2019;1;151;691_001;solnu;;450.01;0.76;0.0;2.51;0.0;0.0;0.0;452.52;0.03
2019;152;258;691_001;mil;mil_precarachide;845.28;0.75;7.19;4.76;0.0;112.73;0.0;969.96;0.02
2019;259;365;691_001;solnu;;486.26;0.74;0.0;2.31;0.0;7.41;0.0;495.98;0.02
2019;1;151;692_001;solnu;;451.2;0.75;0.0;2.52;0.0;0.0;0.0;453.72;0.02
2019;152;258;692_001;mil;mil_precarachide;848.71;0.74;7.85;4.79;0.0;114.14;0.0;975.49;0.02
2019;259;365;692_001;solnu;;492.36;0.74;0.0;2.34;0.0;7.47;0.0;502.17;0.02
2019;1;151;693_001;solnu;;450.01;0.76;0.0;2.51;0.0;0.0;0.0;452.52;0.03
2019;152;258;693_001;mil;mil_precarachide;845.28;0.75;7.19;4.76;0.0;112.73;0.0;969.96;0.02
2019;259;365;693_001;solnu;;486.26;0.74;0.0;2.31;0.0;7.41;0.0;495.98;0.02
2019;1;151;694_001;solnu;;451.2;0.75;0.0;2.52;0.0;0.0;0.0;453.72;0.02
2019;152;258;694_001;mil;mil_precarachide;848.71;0.74;7.85;4.79;0.0;114.14;0.0;975.49;0.02
2019;259;365;694_001;solnu;;492.36;0.74;0.0;2.34;0.0;7.47;0.0;502.17;0.02
2019;1;151;695_001;solnu;;451.2;0.75;0.0;2.52;0.0;0.0;0.0;453.72;0.02
2019;152;258;695_001;mil;mil_precarachide;848.71;0.74;7.85;4.79;0.0;114.14;0.0;975.49;0.02
2019;259;365;695_001;solnu;;492.36;0.74;0.0;2.34;0.0;7.47;0.0;502.17;0.02
2019;1;151;696_001;solnu;;450.01;0.76;0.0;2.51;0.0;0.0;0.0;452.52;0.03
2019;152;258;696_001;mil;mil_precarachide;845.28;0.75;7.19;4.76;0.0;112.73;0.0;969.96;0.02
2019;259;365;696_001;solnu;;486.26;0.74;0.0;2.31;0.0;7.41;0.0;495.98;0.02
2019;1;151;697_001;solnu;;451.2;0.75;0.0;2.52;0.0;0.0;0.0;453.72;0.02
2019;152;258;697_001;mil;mil_precarachide;848.71;0.74;7.85;4.79;0.0;114.14;0.0;975.49;0.02
2019;259;365;697_001;solnu;;492.36;0.74;0.0;2.34;0.0;7.47;0.0;502.17;0.02
2019;1;151;698_001;solnu;;450.01;0.76;0.0;2.51;0.0;0.0;0.0;452.52;0.03
2019;152;258;698_001;mil;mil_precarachide;845.28;0.75;7.19;4.76;0.0;112.73;0.0;969.96;0.02
2019;259;365;698_001;solnu;;486.26;0.74;0.0;2.31;0.0;7.41;0.0;495.98;0.02
2019;1;151;699_001;solnu;;451.2;0.75;0.0;2.52;0.0;0.0;0.0;453.72;0.02
2019;152;258;699_001;mil;mil_precarachide;848.71;0.74;7.85;4.79;0.0;114.14;0.0;975.49;0.02
2019;259;365;699_001;solnu;;492.36;0.74;0.0;2.34;0.0;7.47;0.0;502.17;0.02
2019;1;151;700_001;solnu;;498.35;0.73;0.0;2.92;0.0;0.0;0.0;501.27;0.02
2019;152;258;700_001;mil;mil_precarachide;933.29;0.72;8.21;5.52;0.0;137.15;0.0;1084.17;0.02
2019;259;365;700_001;solnu;;550.03;0.72;0.0;2.98;0.0;6.03;0.0;559.04;0.02
2019;1;151;701_001;solnu;;480.61;0.73;0.0;2.8;0.0;0.0;0.0;483.41;0.02
2019;152;258;701_001;mil;mil_precarachide;904.58;0.72;9.41;5.32;0.0;131.37;0.0;1050.68;0.02
2019;259;365;701_001;solnu;;545.4;0.71;0.0;2.67;0.0;8.54;0.0;556.61;0.02
2019;1;151;702_001;solnu;;450.01;0.76;0.0;2.51;0.0;0.0;0.0;452.52;0.03
2019;152;258;702_001;mil;mil_precarachide;845.28;0.75;7.19;4.76;0.0;112.73;0.0;969.96;0.02
2019;259;365;702_001;solnu;;486.26;0.74;0.0;2.31;0.0;7.41;0.0;495.98;0.02
2019;1;151;703_001;solnu;;451.2;0.75;0.0;2.52;0.0;0.0;0.0;453.72;0.02
2019;152;258;703_001;mil;mil_precarachide;848.71;0.74;7.85;4.79;0.0;114.14;0.0;975.49;0.02
2019;259;365;703_001;solnu;;492.36;0.74;0.0;2.34;0.0;7.47;0.0;502.17;0.02
2019;1;151;704_001;solnu;;450.01;0.76;0.0;2.51;0.0;0.0;0.0;452.52;0.03
2019;152;258;704_001;mil;mil_precarachide;845.28;0.75;7.19;4.76;0.0;112.73;0.0;969.96;0.02
2019;259;365;704_001;solnu;;486.26;0.74;0.0;2.31;0.0;7.41;0.0;495.98;0.02
2019;1;151;705_001;solnu;;451.2;0.75;0.0;2.52;0.0;0.0;0.0;453.72;0.02
2019;152;258;705_001;mil;mil_precarachide;848.71;0.74;7.85;4.79;0.0;114.14;0.0;975.49;0.02
2019;259;365;705_001;solnu;;492.36;0.74;0.0;2.34;0.0;7.47;0.0;502.17;0.02
2019;1;151;706_001;solnu;;480.61;0.73;0.0;2.8;0.0;0.0;0.0;483.41;0.02
2019;152;258;706_001;mil;mil_precarachide;904.58;0.72;9.41;5.32;0.0;131.37;0.0;1050.68;0.02
2019;259;365;706_001;solnu;;545.4;0.71;0.0;2.67;0.0;8.54;0.0;556.61;0.02
2019;1;151;707_001;solnu;;498.35;0.73;0.0;2.92;0.0;0.0;0.0;501.27;0.02
2019;152;258;707_001;mil;mil_precarachide;933.29;0.72;8.21;5.52;0.0;137.15;0.0;1084.17;0.02
2019;259;365;707_001;solnu;;550.03;0.72;0.0;2.98;0.0;6.03;0.0;559.04;0.02
2019;1;151;708_001;solnu;;480.61;0.73;0.0;2.8;0.0;0.0;0.0;483.41;0.02
2019;152;258;708_001;mil;mil_precarachide;904.58;0.72;9.41;5.32;0.0;131.37;0.0;1050.68;0.02
2019;259;365;708_001;solnu;;545.4;0.71;0.0;2.67;0.0;8.54;0.0;556.61;0.02
2019;1;151;709_001;solnu;;498.35;0.73;0.0;2.92;0.0;0.0;0.0;501.27;0.02
2019;152;258;709_001;mil;mil_precarachide;933.29;0.72;8.21;5.52;0.0;137.15;0.0;1084.17;0.02
2019;259;365;709_001;solnu;;550.03;0.72;0.0;2.98;0.0;6.03;0.0;559.04;0.02
2019;1;151;710_001;solnu;;480.61;0.73;0.0;2.8;0.0;0.0;0.0;483.41;0.02
2019;152;258;710_001;mil;mil_precarachide;904.58;0.72;9.41;5.32;0.0;131.37;0.0;1050.68;0.02
2019;259;365;710_001;solnu;;545.4;0.71;0.0;2.67;0.0;8.54;0.0;556.61;0.02
2019;1;151;711_001;solnu;;450.01;0.76;0.0;2.51;0.0;0.0;0.0;452.52;0.03
2019;152;258;711_001;mil;mil_precarachide;845.28;0.75;7.19;4.76;0.0;112.73;0.0;969.96;0.02
2019;259;365;711_001;solnu;;486.26;0.74;0.0;2.31;0.0;7.41;0.0;495.98;0.02
2019;1;151;712_001;solnu;;451.2;0.75;0.0;2.52;0.0;0.0;0.0;453.72;0.02
2019;152;258;712_001;mil;mil_precarachide;848.71;0.74;7.85;4.79;0.0;114.14;0.0;975.49;0.02
2019;259;365;712_001;solnu;;492.36;0.74;0.0;2.34;0.0;7.47;0.0;502.17;0.02
2019;1;151;713_001;solnu;;450.01;0.76;0.0;2.51;0.0;0.0;0.0;452.52;0.03
2019;152;258;713_001;mil;mil_precarachide;845.28;0.75;7.19;4.76;0.0;112.73;0.0;969.96;0.02
2019;259;365;713_001;solnu;;486.26;0.74;0.0;2.31;0.0;7.41;0.0;495.98;0.02
2019;1;151;714_001;solnu;;451.2;0.75;0.0;2.52;0.0;0.0;0.0;453.72;0.02
2019;152;258;714_001;mil;mil_precarachide;848.71;0.74;7.85;4.79;0.0;114.14;0.0;975.49;0.02
2019;259;365;714_001;solnu;;492.36;0.74;0.0;2.34;0.0;7.47;0.0;502.17;0.02
2019;1;151;715_001;solnu;;450.01;0.76;0.0;2.51;0.0;0.0;0.0;452.52;0.03
2019;152;258;715_001;mil;mil_precarachide;845.28;0.75;7.19;4.76;0.0;112.73;0.0;969.96;0.02
2019;259;365;715_001;solnu;;486.26;0.74;0.0;2.31;0.0;7.41;0.0;495.98;0.02
2019;1;151;716_001;solnu;;451.2;0.75;0.0;2.52;0.0;0.0;0.0;453.72;0.02
2019;152;258;716_001;mil;mil_precarachide;848.71;0.74;7.85;4.79;0.0;114.14;0.0;975.49;0.02
2019;259;365;716_001;solnu;;492.36;0.74;0.0;2.34;0.0;7.47;0.0;502.17;0.02
2019;1;151;717_001;solnu;;450.01;0.76;0.0;2.51;0.0;0.0;0.0;452.52;0.03
2019;152;258;717_001;mil;mil_precarachide;845.28;0.75;7.19;4.76;0.0;112.73;0.0;969.96;0.02
2019;259;365;717_001;solnu;;486.26;0.74;0.0;2.31;0.0;7.41;0.0;495.98;0.02
2019;1;151;718_001;solnu;;451.2;0.75;0.0;2.52;0.0;0.0;0.0;453.72;0.02
2019;152;258;718_001;mil;mil_precarachide;848.71;0.74;7.85;4.79;0.0;114.14;0.0;975.49;0.02
2019;259;365;718_001;solnu;;492.36;0.74;0.0;2.34;0.0;7.47;0.0;502.17;0.02
2019;1;151;719_001;solnu;;450.01;0.76;0.0;2.51;0.0;0.0;0.0;452.52;0.03
2019;152;258;719_001;mil;mil_precarachide;845.28;0.75;7.19;4.76;0.0;112.73;0.0;969.96;0.02
2019;259;365;719_001;solnu;;486.26;0.74;0.0;2.31;0.0;7.41;0.0;495.98;0.02
2019;1;151;720_001;solnu;;451.2;0.75;0.0;2.52;0.0;0.0;0.0;453.72;0.02
2019;152;258;720_001;mil;mil_precarachide;848.71;0.74;7.85;4.79;0.0;114.14;0.0;975.49;0.02
2019;259;365;720_001;solnu;;492.36;0.74;0.0;2.34;0.0;7.47;0.0;502.17;0.02
2019;1;151;721_001;solnu;;498.35;0.73;0.0;2.92;0.0;0.0;0.0;501.27;0.02
2019;152;258;721_001;mil;mil_precarachide;933.29;0.72;8.21;5.52;0.0;137.15;0.0;1084.17;0.02
2019;259;365;721_001;solnu;;550.03;0.72;0.0;2.98;0.0;6.03;0.0;559.04;0.02
2019;1;151;722_001;solnu;;480.61;0.73;0.0;2.8;0.0;0.0;0.0;483.41;0.02
2019;152;258;722_001;mil;mil_precarachide;904.58;0.72;9.41;5.32;0.0;131.37;0.0;1050.68;0.02
2019;259;365;722_001;solnu;;545.4;0.71;0.0;2.67;0.0;8.54;0.0;556.61;0.02
2019;1;151;723_001;solnu;;498.35;0.73;0.0;2.92;0.0;0.0;0.0;501.27;0.02
2019;152;258;723_001;mil;mil_precarachide;933.29;0.72;8.21;5.52;0.0;137.15;0.0;1084.17;0.02
2019;259;365;723_001;solnu;;550.03;0.72;0.0;2.98;0.0;6.03;0.0;559.04;0.02
2019;1;151;724_001;solnu;;480.61;0.73;0.0;2.8;0.0;0.0;0.0;483.41;0.02
2019;152;258;724_001;mil;mil_precarachide;904.58;0.72;9.41;5.32;0.0;131.37;0.0;1050.68;0.02
2019;259;365;724_001;solnu;;545.4;0.71;0.0;2.67;0.0;8.54;0.0;556.61;0.02
2019;1;151;725_001;solnu;;450.01;0.76;0.0;2.51;0.0;0.0;0.0;452.52;0.03
2019;152;258;725_001;mil;mil_precarachide;845.28;0.75;7.19;4.76;0.0;112.73;0.0;969.96;0.02
2019;259;365;725_001;solnu;;486.26;0.74;0.0;2.31;0.0;7.41;0.0;495.98;0.02
2019;1;151;726_001;solnu;;451.2;0.75;0.0;2.52;0.0;0.0;0.0;453.72;0.02
2019;152;258;726_001;mil;mil_precarachide;848.71;0.74;7.85;4.79;0.0;114.14;0.0;975.49;0.02
2019;259;365;726_001;solnu;;492.36;0.74;0.0;2.34;0.0;7.47;0.0;502.17;0.02
2019;1;151;727_001;solnu;;450.01;0.76;0.0;2.51;0.0;0.0;0.0;452.52;0.03
2019;152;258;727_001;mil;mil_precarachide;845.28;0.75;7.19;4.76;0.0;112.73;0.0;969.96;0.02
2019;259;365;727_001;solnu;;486.26;0.74;0.0;2.31;0.0;7.41;0.0;495.98;0.02
2019;1;151;728_001;solnu;;451.2;0.75;0.0;2.52;0.0;0.0;0.0;453.72;0.02
2019;152;258;728_001;mil;mil_precarachide;848.71;0.74;7.85;4.79;0.0;114.14;0.0;975.49;0.02
2019;259;365;728_001;solnu;;492.36;0.74;0.0;2.34;0.0;7.47;0.0;502.17;0.02
2019;1;151;729_001;solnu;;468.49;0.84;0.0;2.58;0.0;0.0;0.0;471.07;0.03
2019;152;258;729_001;mil;mil_precarachide;890.82;0.83;6.1;4.95;0.0;117.47;0.0;1019.33;0.03
2019;259;365;729_001;solnu;;530.8;0.82;0.0;2.45;0.0;7.82;0.0;541.07;0.03
2019;1;151;730_001;solnu;;488.72;0.83;0.0;2.71;0.0;0.0;0.0;491.44;0.03
2019;152;258;730_001;mil;mil_precarachide;925.24;0.82;7.92;5.19;0.0;125.63;0.0;1063.97;0.03
2019;259;365;730_001;solnu;;566.18;0.82;0.0;2.69;0.0;8.24;0.0;577.1;0.03
2019;1;151;731_001;solnu;;451.2;0.75;0.0;2.52;0.0;0.0;0.0;453.72;0.02
2019;152;258;731_001;mil;mil_precarachide;848.71;0.74;7.85;4.79;0.0;114.14;0.0;975.49;0.02
2019;259;365;731_001;solnu;;492.36;0.74;0.0;2.34;0.0;7.47;0.0;502.17;0.02
2019;1;151;732_001;solnu;;468.49;0.84;0.0;2.58;0.0;0.0;0.0;471.07;0.03
2019;152;258;732_001;mil;mil_precarachide;890.82;0.83;6.1;4.95;0.0;117.47;0.0;1019.33;0.03
2019;259;365;732_001;solnu;;530.8;0.82;0.0;2.45;0.0;7.82;0.0;541.07;0.03
2019;1;151;733_001;solnu;;488.72;0.83;0.0;2.71;0.0;0.0;0.0;491.44;0.03
2019;152;258;733_001;mil;mil_precarachide;925.24;0.82;7.92;5.19;0.0;125.63;0.0;1063.97;0.03
2019;259;365;733_001;solnu;;566.18;0.82;0.0;2.69;0.0;8.24;0.0;577.1;0.03
2019;1;151;734_001;solnu;;450.01;0.76;0.0;2.51;0.0;0.0;0.0;452.52;0.03
2019;152;258;734_001;mil;mil_precarachide;845.28;0.75;7.19;4.76;0.0;112.73;0.0;969.96;0.02
2019;259;365;734_001;solnu;;486.26;0.74;0.0;2.31;0.0;7.41;0.0;495.98;0.02
2019;1;151;735_001;solnu;;451.2;0.75;0.0;2.52;0.0;0.0;0.0;453.72;0.02
2019;152;258;735_001;mil;mil_precarachide;848.71;0.74;7.85;4.79;0.0;114.14;0.0;975.49;0.02
2019;259;365;735_001;solnu;;492.36;0.74;0.0;2.34;0.0;7.47;0.0;502.17;0.02
2019;1;151;736_001;solnu;;451.2;0.75;0.0;2.52;0.0;0.0;0.0;453.72;0.02
2019;152;258;736_001;mil;mil_precarachide;848.71;0.74;7.85;4.79;0.0;114.14;0.0;975.49;0.02
2019;259;365;736_001;solnu;;492.36;0.74;0.0;2.34;0.0;7.47;0.0;502.17;0.02
2019;1;151;737_001;solnu;;468.49;0.84;0.0;2.58;0.0;0.0;0.0;471.07;0.03
2019;152;258;737_001;mil;mil_precarachide;890.82;0.83;6.1;4.95;0.0;117.47;0.0;1019.33;0.03
2019;259;365;737_001;solnu;;530.8;0.82;0.0;2.45;0.0;7.82;0.0;541.07;0.03
2019;1;151;738_001;solnu;;488.72;0.83;0.0;2.71;0.0;0.0;0.0;491.44;0.03
2019;152;258;738_001;mil;mil_precarachide;925.24;0.82;7.92;5.19;0.0;125.63;0.0;1063.97;0.03
2019;259;365;738_001;solnu;;566.18;0.82;0.0;2.69;0.0;8.24;0.0;577.1;0.03
2019;1;151;739_001;solnu;;450.01;0.76;0.0;2.51;0.0;0.0;0.0;452.52;0.03
2019;152;258;739_001;mil;mil_precarachide;845.28;0.75;7.19;4.76;0.0;112.73;0.0;969.96;0.02
2019;259;365;739_001;solnu;;486.26;0.74;0.0;2.31;0.0;7.41;0.0;495.98;0.02
2019;1;151;740_001;solnu;;451.2;0.75;0.0;2.52;0.0;0.0;0.0;453.72;0.02
2019;152;258;740_001;mil;mil_precarachide;848.71;0.74;7.85;4.79;0.0;114.14;0.0;975.49;0.02
2019;259;365;740_001;solnu;;492.36;0.74;0.0;2.34;0.0;7.47;0.0;502.17;0.02
2019;1;151;741_001;solnu;;450.01;0.76;0.0;2.51;0.0;0.0;0.0;452.52;0.03
2019;152;258;741_001;mil;mil_precarachide;845.28;0.75;7.19;4.76;0.0;112.73;0.0;969.96;0.02
2019;259;365;741_001;solnu;;486.26;0.74;0.0;2.31;0.0;7.41;0.0;495.98;0.02
2019;1;151;742_001;solnu;;451.2;0.75;0.0;2.52;0.0;0.0;0.0;453.72;0.02
2019;152;258;742_001;mil;mil_precarachide;848.71;0.74;7.85;4.79;0.0;114.14;0.0;975.49;0.02
2019;259;365;742_001;solnu;;492.36;0.74;0.0;2.34;0.0;7.47;0.0;502.17;0.02
2019;1;151;743_001;solnu;;451.2;0.75;0.0;2.52;0.0;0.0;0.0;453.72;0.02
2019;152;258;743_001;mil;mil_precarachide;848.71;0.74;7.85;4.79;0.0;114.14;0.0;975.49;0.02
2019;259;365;743_001;solnu;;492.36;0.74;0.0;2.34;0.0;7.47;0.0;502.17;0.02
2019;1;151;744_001;solnu;;450.01;0.76;0.0;2.51;0.0;0.0;0.0;452.52;0.03
2019;152;258;744_001;mil;mil_precarachide;845.28;0.75;7.19;4.76;0.0;112.73;0.0;969.96;0.02
2019;259;365;744_001;solnu;;486.26;0.74;0.0;2.31;0.0;7.41;0.0;495.98;0.02
2019;1;151;745_001;solnu;;451.2;0.75;0.0;2.52;0.0;0.0;0.0;453.72;0.02
2019;152;258;745_001;mil;mil_precarachide;848.71;0.74;7.85;4.79;0.0;114.14;0.0;975.49;0.02
2019;259;365;745_001;solnu;;492.36;0.74;0.0;2.34;0.0;7.47;0.0;502.17;0.02
2019;1;151;746_001;solnu;;468.49;0.84;0.0;2.58;0.0;0.0;0.0;471.07;0.03
2019;152;258;746_001;mil;mil_precarachide;890.82;0.83;6.1;4.95;0.0;117.47;0.0;1019.33;0.03
2019;259;365;746_001;solnu;;530.8;0.82;0.0;2.45;0.0;7.82;0.0;541.07;0.03
2019;1;151;747_001;solnu;;488.72;0.83;0.0;2.71;0.0;0.0;0.0;491.44;0.03
2019;152;258;747_001;mil;mil_precarachide;925.24;0.82;7.92;5.19;0.0;125.63;0.0;1063.97;0.03
2019;259;365;747_001;solnu;;566.18;0.82;0.0;2.69;0.0;8.24;0.0;577.1;0.03
2019;1;151;748_001;solnu;;468.49;0.84;0.0;2.58;0.0;0.0;0.0;471.07;0.03
2019;152;258;748_001;mil;mil_precarachide;890.82;0.83;6.1;4.95;0.0;117.47;0.0;1019.33;0.03
2019;259;365;748_001;solnu;;530.8;0.82;0.0;2.45;0.0;7.82;0.0;541.07;0.03
2019;1;151;749_001;solnu;;488.72;0.83;0.0;2.71;0.0;0.0;0.0;491.44;0.03
2019;152;258;749_001;mil;mil_precarachide;925.24;0.82;7.92;5.19;0.0;125.63;0.0;1063.97;0.03
2019;259;365;749_001;solnu;;566.18;0.82;0.0;2.69;0.0;8.24;0.0;577.1;0.03
