annee;date;parcelle;exploitation;culture;ITK;OT;temps[h];profondeur[cm];RECOLTE_rendement[t/ha];RECOLTE_risqueEchaudage[%];RECOLTE_impactGel[%];IRRIGATION_dose[mm];IRRIGATION_reelle[mm];FERTI_produit;FERTI_nature;FERTI_annulee;FERTI_doseBruteOrg[kg/ha];FERTI_apportNminTheorique[kg/ha];FERTI_apportNminReel[kg/ha];FERTI_apportNorg_labile[kg/ha];FERTI_apportNorg_recalcitrant[kg/ha];BIOMASSE_export[t/ha];BIOMASSE_aer_restit[t/ha];BIOMASSE_rac_restit[t/ha];N_export[kg/ha];C_export[kg/ha];id_lot;nb_ugb;duree_pature[j];herbe_consommee[kg]
2019;258;1_001;SSM1-0001;mil;mil_precarachide;RECOLTE;17.77;0.0;0.2;;;;;;;;;;;;;0.0;0.21;2.26;;;;;;
2019;152;1_001;SSM1-0001;mil;mil_precarachide;SEMIS;0.23;0.0;;;;;;;;;;;;;;;;;;;;;;
2019;121;1_001;SSM1-0001;mil;mil_precarachide;TRAVAIL_SOL;7.63;0.0;;;;;;;;;;;;;;;;;;;;;;
2019;258;2_001;SSM1-0001;mil;mil_precarachide;RECOLTE;32.78;0.0;0.2;;;;;;;;;;;;;0.0;0.21;2.26;;;;;;
2019;152;2_001;SSM1-0001;mil;mil_precarachide;SEMIS;0.42;0.0;;;;;;;;;;;;;;;;;;;;;;
2019;121;2_001;SSM1-0001;mil;mil_precarachide;TRAVAIL_SOL;14.07;0.0;;;;;;;;;;;;;;;;;;;;;;
2019;258;3_001;SSM1-0001;mil;mil_precarachide;RECOLTE;5.84;0.0;0.2;;;;;;;;;;;;;0.0;0.21;2.26;;;;;;
2019;152;3_001;SSM1-0001;mil;mil_precarachide;SEMIS;0.07;0.0;;;;;;;;;;;;;;;;;;;;;;
2019;121;3_001;SSM1-0001;mil;mil_precarachide;TRAVAIL_SOL;2.51;0.0;;;;;;;;;;;;;;;;;;;;;;
2019;258;4_001;SSM1-0001;mil;mil_precarachide;RECOLTE;27.81;0.0;0.2;;;;;;;;;;;;;0.0;0.21;2.26;;;;;;
2019;152;4_001;SSM1-0001;mil;mil_precarachide;SEMIS;0.36;0.0;;;;;;;;;;;;;;;;;;;;;;
2019;121;4_001;SSM1-0001;mil;mil_precarachide;TRAVAIL_SOL;11.94;0.0;;;;;;;;;;;;;;;;;;;;;;
2019;258;5_001;SSM1-0001;mil;mil_precarachide;RECOLTE;13.98;0.0;0.2;;;;;;;;;;;;;0.0;0.21;2.26;;;;;;
2019;152;5_001;SSM1-0001;mil;mil_precarachide;SEMIS;0.18;0.0;;;;;;;;;;;;;;;;;;;;;;
2019;121;5_001;SSM1-0001;mil;mil_precarachide;TRAVAIL_SOL;6.0;0.0;;;;;;;;;;;;;;;;;;;;;;
2019;258;6_001;SSM1-0001;mil;mil_precarachide;RECOLTE;45.94;0.0;0.2;;;;;;;;;;;;;0.0;0.21;2.26;;;;;;
2019;152;6_001;SSM1-0001;mil;mil_precarachide;SEMIS;0.59;0.0;;;;;;;;;;;;;;;;;;;;;;
2019;121;6_001;SSM1-0001;mil;mil_precarachide;TRAVAIL_SOL;19.72;0.0;;;;;;;;;;;;;;;;;;;;;;
2019;258;7_001;SSM1-0002;mil;mil_precarachide;RECOLTE;3.77;0.0;0.2;;;;;;;;;;;;;0.0;0.21;2.26;;;;;;
2019;152;7_001;SSM1-0002;mil;mil_precarachide;SEMIS;0.05;0.0;;;;;;;;;;;;;;;;;;;;;;
2019;121;7_001;SSM1-0002;mil;mil_precarachide;TRAVAIL_SOL;1.62;0.0;;;;;;;;;;;;;;;;;;;;;;
2019;258;8_001;SSM1-0002;mil;mil_precarachide;RECOLTE;26.7;0.0;0.2;;;;;;;;;;;;;0.0;0.21;2.26;;;;;;
2019;152;8_001;SSM1-0002;mil;mil_precarachide;SEMIS;0.34;0.0;;;;;;;;;;;;;;;;;;;;;;
2019;121;8_001;SSM1-0002;mil;mil_precarachide;TRAVAIL_SOL;11.46;0.0;;;;;;;;;;;;;;;;;;;;;;
2019;258;9_001;SSM1-0002;mil;mil_precarachide;RECOLTE;7.5;0.0;0.2;;;;;;;;;;;;;0.0;0.21;2.26;;;;;;
2019;152;9_001;SSM1-0002;mil;mil_precarachide;SEMIS;0.1;0.0;;;;;;;;;;;;;;;;;;;;;;
2019;121;9_001;SSM1-0002;mil;mil_precarachide;TRAVAIL_SOL;3.22;0.0;;;;;;;;;;;;;;;;;;;;;;
2019;258;10_001;SSM1-0002;mil;mil_precarachide;RECOLTE;45.47;0.0;0.2;;;;;;;;;;;;;0.0;0.21;2.26;;;;;;
2019;152;10_001;SSM1-0002;mil;mil_precarachide;SEMIS;0.58;0.0;;;;;;;;;;;;;;;;;;;;;;
2019;121;10_001;SSM1-0002;mil;mil_precarachide;TRAVAIL_SOL;19.52;0.0;;;;;;;;;;;;;;;;;;;;;;
2019;258;11_001;SSM1-0001;mil;mil_precarachide;RECOLTE;15.77;0.0;0.2;;;;;;;;;;;;;0.0;0.21;2.26;;;;;;
2019;152;11_001;SSM1-0001;mil;mil_precarachide;SEMIS;0.2;0.0;;;;;;;;;;;;;;;;;;;;;;
2019;121;11_001;SSM1-0001;mil;mil_precarachide;TRAVAIL_SOL;6.77;0.0;;;;;;;;;;;;;;;;;;;;;;
2019;258;12_001;SSM1-0001;mil;mil_precarachide;RECOLTE;10.33;0.0;0.2;;;;;;;;;;;;;0.0;0.21;2.26;;;;;;
2019;152;12_001;SSM1-0001;mil;mil_precarachide;SEMIS;0.13;0.0;;;;;;;;;;;;;;;;;;;;;;
2019;121;12_001;SSM1-0001;mil;mil_precarachide;TRAVAIL_SOL;4.43;0.0;;;;;;;;;;;;;;;;;;;;;;
2019;258;13_001;SSM1-0001;mil;mil_precarachide;RECOLTE;13.71;0.0;0.2;;;;;;;;;;;;;0.0;0.21;2.26;;;;;;
2019;152;13_001;SSM1-0001;mil;mil_precarachide;SEMIS;0.18;0.0;;;;;;;;;;;;;;;;;;;;;;
2019;121;13_001;SSM1-0001;mil;mil_precarachide;TRAVAIL_SOL;5.89;0.0;;;;;;;;;;;;;;;;;;;;;;
2019;258;14_001;SSM1-0001;mil;mil_precarachide;RECOLTE;60.96;0.0;0.2;;;;;;;;;;;;;0.0;0.21;2.26;;;;;;
2019;152;14_001;SSM1-0001;mil;mil_precarachide;SEMIS;0.78;0.0;;;;;;;;;;;;;;;;;;;;;;
2019;121;14_001;SSM1-0001;mil;mil_precarachide;TRAVAIL_SOL;26.17;0.0;;;;;;;;;;;;;;;;;;;;;;
2019;258;15_001;SSM1-0001;mil;mil_precarachide;RECOLTE;88.5;0.0;0.2;;;;;;;;;;;;;0.0;0.21;2.26;;;;;;
2019;152;15_001;SSM1-0001;mil;mil_precarachide;SEMIS;1.13;0.0;;;;;;;;;;;;;;;;;;;;;;
2019;121;15_001;SSM1-0001;mil;mil_precarachide;TRAVAIL_SOL;37.99;0.0;;;;;;;;;;;;;;;;;;;;;;
2019;258;16_001;SSM1-0001;mil;mil_precarachide;RECOLTE;4.78;0.0;0.2;;;;;;;;;;;;;0.0;0.21;2.26;;;;;;
2019;152;16_001;SSM1-0001;mil;mil_precarachide;SEMIS;0.06;0.0;;;;;;;;;;;;;;;;;;;;;;
2019;121;16_001;SSM1-0001;mil;mil_precarachide;TRAVAIL_SOL;2.05;0.0;;;;;;;;;;;;;;;;;;;;;;
2019;258;17_001;SSM1-0001;mil;mil_precarachide;RECOLTE;14.08;0.0;0.2;;;;;;;;;;;;;0.0;0.21;2.26;;;;;;
2019;152;17_001;SSM1-0001;mil;mil_precarachide;SEMIS;0.18;0.0;;;;;;;;;;;;;;;;;;;;;;
2019;121;17_001;SSM1-0001;mil;mil_precarachide;TRAVAIL_SOL;6.04;0.0;;;;;;;;;;;;;;;;;;;;;;
2019;258;19_001;SSM1-0002;mil;mil_precarachide;RECOLTE;5.42;0.0;0.2;;;;;;;;;;;;;0.0;0.21;2.26;;;;;;
2019;152;19_001;SSM1-0002;mil;mil_precarachide;SEMIS;0.07;0.0;;;;;;;;;;;;;;;;;;;;;;
2019;121;19_001;SSM1-0002;mil;mil_precarachide;TRAVAIL_SOL;2.33;0.0;;;;;;;;;;;;;;;;;;;;;;
2019;258;20_001;SSM1-0002;mil;mil_precarachide;RECOLTE;10.73;0.0;0.2;;;;;;;;;;;;;0.0;0.21;2.26;;;;;;
2019;152;20_001;SSM1-0002;mil;mil_precarachide;SEMIS;0.14;0.0;;;;;;;;;;;;;;;;;;;;;;
2019;121;20_001;SSM1-0002;mil;mil_precarachide;TRAVAIL_SOL;4.6;0.0;;;;;;;;;;;;;;;;;;;;;;
2019;258;21_001;SSM1-0002;mil;mil_precarachide;RECOLTE;38.23;0.0;0.2;;;;;;;;;;;;;0.0;0.21;2.26;;;;;;
2019;152;21_001;SSM1-0002;mil;mil_precarachide;SEMIS;0.49;0.0;;;;;;;;;;;;;;;;;;;;;;
2019;121;21_001;SSM1-0002;mil;mil_precarachide;TRAVAIL_SOL;16.41;0.0;;;;;;;;;;;;;;;;;;;;;;
2019;258;22_001;SSM1-0002;mil;mil_precarachide;RECOLTE;5.57;0.0;0.2;;;;;;;;;;;;;0.0;0.21;2.26;;;;;;
2019;152;22_001;SSM1-0002;mil;mil_precarachide;SEMIS;0.07;0.0;;;;;;;;;;;;;;;;;;;;;;
2019;121;22_001;SSM1-0002;mil;mil_precarachide;TRAVAIL_SOL;2.39;0.0;;;;;;;;;;;;;;;;;;;;;;
2019;258;23_001;SSM1-0002;mil;mil_precarachide;RECOLTE;27.25;0.0;0.2;;;;;;;;;;;;;0.0;0.21;2.26;;;;;;
2019;152;23_001;SSM1-0002;mil;mil_precarachide;SEMIS;0.35;0.0;;;;;;;;;;;;;;;;;;;;;;
2019;121;23_001;SSM1-0002;mil;mil_precarachide;TRAVAIL_SOL;11.7;0.0;;;;;;;;;;;;;;;;;;;;;;
2019;258;24_001;SSM1-0002;mil;mil_precarachide;RECOLTE;11.86;0.0;0.2;;;;;;;;;;;;;0.0;0.21;2.26;;;;;;
2019;152;24_001;SSM1-0002;mil;mil_precarachide;SEMIS;0.15;0.0;;;;;;;;;;;;;;;;;;;;;;
2019;121;24_001;SSM1-0002;mil;mil_precarachide;TRAVAIL_SOL;5.09;0.0;;;;;;;;;;;;;;;;;;;;;;
2019;258;25_001;SSM1-0003;mil;mil_precarachide;RECOLTE;7.48;0.0;0.2;;;;;;;;;;;;;0.0;0.21;2.26;;;;;;
2019;152;25_001;SSM1-0003;mil;mil_precarachide;SEMIS;0.1;0.0;;;;;;;;;;;;;;;;;;;;;;
2019;121;25_001;SSM1-0003;mil;mil_precarachide;TRAVAIL_SOL;3.21;0.0;;;;;;;;;;;;;;;;;;;;;;
2019;258;26_001;SSM1-0003;mil;mil_precarachide;RECOLTE;23.76;0.0;0.2;;;;;;;;;;;;;0.0;0.21;2.26;;;;;;
2019;152;26_001;SSM1-0003;mil;mil_precarachide;SEMIS;0.3;0.0;;;;;;;;;;;;;;;;;;;;;;
2019;121;26_001;SSM1-0003;mil;mil_precarachide;TRAVAIL_SOL;10.2;0.0;;;;;;;;;;;;;;;;;;;;;;
2019;258;27_001;SSM1-0004;mil;mil_precarachide;RECOLTE;19.54;0.0;0.2;;;;;;;;;;;;;0.0;0.21;2.26;;;;;;
2019;152;27_001;SSM1-0004;mil;mil_precarachide;SEMIS;0.25;0.0;;;;;;;;;;;;;;;;;;;;;;
2019;121;27_001;SSM1-0004;mil;mil_precarachide;TRAVAIL_SOL;8.39;0.0;;;;;;;;;;;;;;;;;;;;;;
2019;258;28_001;SSM1-0003;mil;mil_precarachide;RECOLTE;2.73;0.0;0.2;;;;;;;;;;;;;0.0;0.21;2.26;;;;;;
2019;152;28_001;SSM1-0003;mil;mil_precarachide;SEMIS;0.03;0.0;;;;;;;;;;;;;;;;;;;;;;
2019;121;28_001;SSM1-0003;mil;mil_precarachide;TRAVAIL_SOL;1.17;0.0;;;;;;;;;;;;;;;;;;;;;;
2019;258;29_001;SSM1-0003;mil;mil_precarachide;RECOLTE;27.58;0.0;0.2;;;;;;;;;;;;;0.0;0.21;2.26;;;;;;
2019;152;29_001;SSM1-0003;mil;mil_precarachide;SEMIS;0.35;0.0;;;;;;;;;;;;;;;;;;;;;;
2019;121;29_001;SSM1-0003;mil;mil_precarachide;TRAVAIL_SOL;11.84;0.0;;;;;;;;;;;;;;;;;;;;;;
2019;258;30_001;SSM1-0003;mil;mil_precarachide;RECOLTE;29.77;0.0;0.2;;;;;;;;;;;;;0.0;0.21;2.26;;;;;;
2019;152;30_001;SSM1-0003;mil;mil_precarachide;SEMIS;0.38;0.0;;;;;;;;;;;;;;;;;;;;;;
2019;121;30_001;SSM1-0003;mil;mil_precarachide;TRAVAIL_SOL;12.78;0.0;;;;;;;;;;;;;;;;;;;;;;
2019;258;31_001;SSM1-0003;mil;mil_precarachide;RECOLTE;5.06;0.0;0.2;;;;;;;;;;;;;0.0;0.21;2.26;;;;;;
2019;152;31_001;SSM1-0003;mil;mil_precarachide;SEMIS;0.06;0.0;;;;;;;;;;;;;;;;;;;;;;
2019;121;31_001;SSM1-0003;mil;mil_precarachide;TRAVAIL_SOL;2.17;0.0;;;;;;;;;;;;;;;;;;;;;;
2019;258;32_001;SSM1-0003;mil;mil_precarachide;RECOLTE;37.72;0.0;0.2;;;;;;;;;;;;;0.0;0.21;2.26;;;;;;
2019;152;32_001;SSM1-0003;mil;mil_precarachide;SEMIS;0.48;0.0;;;;;;;;;;;;;;;;;;;;;;
2019;121;32_001;SSM1-0003;mil;mil_precarachide;TRAVAIL_SOL;16.19;0.0;;;;;;;;;;;;;;;;;;;;;;
2019;258;33_001;SSM1-0003;mil;mil_precarachide;RECOLTE;4.63;0.0;0.2;;;;;;;;;;;;;0.0;0.21;2.26;;;;;;
2019;152;33_001;SSM1-0003;mil;mil_precarachide;SEMIS;0.06;0.0;;;;;;;;;;;;;;;;;;;;;;
2019;121;33_001;SSM1-0003;mil;mil_precarachide;TRAVAIL_SOL;1.99;0.0;;;;;;;;;;;;;;;;;;;;;;
2019;258;34_001;SSM1-0003;mil;mil_precarachide;RECOLTE;23.83;0.0;0.2;;;;;;;;;;;;;0.0;0.21;2.26;;;;;;
2019;152;34_001;SSM1-0003;mil;mil_precarachide;SEMIS;0.3;0.0;;;;;;;;;;;;;;;;;;;;;;
2019;121;34_001;SSM1-0003;mil;mil_precarachide;TRAVAIL_SOL;10.23;0.0;;;;;;;;;;;;;;;;;;;;;;
2019;258;35_001;SSM1-0003;mil;mil_precarachide;RECOLTE;5.06;0.0;0.2;;;;;;;;;;;;;0.0;0.21;2.26;;;;;;
2019;152;35_001;SSM1-0003;mil;mil_precarachide;SEMIS;0.06;0.0;;;;;;;;;;;;;;;;;;;;;;
2019;121;35_001;SSM1-0003;mil;mil_precarachide;TRAVAIL_SOL;2.17;0.0;;;;;;;;;;;;;;;;;;;;;;
2019;258;36_001;SSM1-0003;mil;mil_precarachide;RECOLTE;53.76;0.0;0.2;;;;;;;;;;;;;0.0;0.21;2.26;;;;;;
2019;152;36_001;SSM1-0003;mil;mil_precarachide;SEMIS;0.69;0.0;;;;;;;;;;;;;;;;;;;;;;
2019;121;36_001;SSM1-0003;mil;mil_precarachide;TRAVAIL_SOL;23.08;0.0;;;;;;;;;;;;;;;;;;;;;;
2019;258;37_001;SSM1-0003;mil;mil_precarachide;RECOLTE;6.93;0.0;0.2;;;;;;;;;;;;;0.0;0.21;2.26;;;;;;
2019;152;37_001;SSM1-0003;mil;mil_precarachide;SEMIS;0.09;0.0;;;;;;;;;;;;;;;;;;;;;;
2019;121;37_001;SSM1-0003;mil;mil_precarachide;TRAVAIL_SOL;2.97;0.0;;;;;;;;;;;;;;;;;;;;;;
2019;258;38_001;SSM1-0003;mil;mil_precarachide;RECOLTE;16.85;0.0;0.2;;;;;;;;;;;;;0.0;0.21;2.26;;;;;;
2019;152;38_001;SSM1-0003;mil;mil_precarachide;SEMIS;0.22;0.0;;;;;;;;;;;;;;;;;;;;;;
2019;121;38_001;SSM1-0003;mil;mil_precarachide;TRAVAIL_SOL;7.23;0.0;;;;;;;;;;;;;;;;;;;;;;
2019;258;39_001;SSM1-0003;mil;mil_precarachide;RECOLTE;1.24;0.0;0.2;;;;;;;;;;;;;0.0;0.21;2.26;;;;;;
2019;152;39_001;SSM1-0003;mil;mil_precarachide;SEMIS;0.02;0.0;;;;;;;;;;;;;;;;;;;;;;
2019;121;39_001;SSM1-0003;mil;mil_precarachide;TRAVAIL_SOL;0.53;0.0;;;;;;;;;;;;;;;;;;;;;;
2019;258;40_001;SSM1-0003;mil;mil_precarachide;RECOLTE;6.76;0.0;0.2;;;;;;;;;;;;;0.0;0.21;2.26;;;;;;
2019;152;40_001;SSM1-0003;mil;mil_precarachide;SEMIS;0.09;0.0;;;;;;;;;;;;;;;;;;;;;;
2019;121;40_001;SSM1-0003;mil;mil_precarachide;TRAVAIL_SOL;2.9;0.0;;;;;;;;;;;;;;;;;;;;;;
2019;258;41_001;SSM1-0003;mil;mil_precarachide;RECOLTE;0.02;0.0;0.2;;;;;;;;;;;;;0.0;0.21;2.26;;;;;;
2019;152;41_001;SSM1-0003;mil;mil_precarachide;SEMIS;0.0;0.0;;;;;;;;;;;;;;;;;;;;;;
2019;121;41_001;SSM1-0003;mil;mil_precarachide;TRAVAIL_SOL;0.01;0.0;;;;;;;;;;;;;;;;;;;;;;
2019;258;42_001;SSM1-0003;mil;mil_precarachide;RECOLTE;19.27;0.0;0.2;;;;;;;;;;;;;0.0;0.21;2.26;;;;;;
2019;152;42_001;SSM1-0003;mil;mil_precarachide;SEMIS;0.25;0.0;;;;;;;;;;;;;;;;;;;;;;
2019;121;42_001;SSM1-0003;mil;mil_precarachide;TRAVAIL_SOL;8.27;0.0;;;;;;;;;;;;;;;;;;;;;;
2019;258;43_001;SSM1-0003;mil;mil_precarachide;RECOLTE;6.86;0.0;0.2;;;;;;;;;;;;;0.0;0.21;2.26;;;;;;
2019;152;43_001;SSM1-0003;mil;mil_precarachide;SEMIS;0.09;0.0;;;;;;;;;;;;;;;;;;;;;;
2019;121;43_001;SSM1-0003;mil;mil_precarachide;TRAVAIL_SOL;2.95;0.0;;;;;;;;;;;;;;;;;;;;;;
2019;258;44_001;SSM1-0003;mil;mil_precarachide;RECOLTE;4.64;0.0;0.2;;;;;;;;;;;;;0.0;0.21;2.26;;;;;;
2019;152;44_001;SSM1-0003;mil;mil_precarachide;SEMIS;0.06;0.0;;;;;;;;;;;;;;;;;;;;;;
2019;121;44_001;SSM1-0003;mil;mil_precarachide;TRAVAIL_SOL;1.99;0.0;;;;;;;;;;;;;;;;;;;;;;
2019;258;45_001;SSM1-0003;mil;mil_precarachide;RECOLTE;8.96;0.0;0.2;;;;;;;;;;;;;0.0;0.21;2.26;;;;;;
2019;152;45_001;SSM1-0003;mil;mil_precarachide;SEMIS;0.11;0.0;;;;;;;;;;;;;;;;;;;;;;
2019;121;45_001;SSM1-0003;mil;mil_precarachide;TRAVAIL_SOL;3.85;0.0;;;;;;;;;;;;;;;;;;;;;;
2019;258;46_001;SSM1-0003;mil;mil_precarachide;RECOLTE;19.01;0.0;0.2;;;;;;;;;;;;;0.0;0.21;2.26;;;;;;
2019;152;46_001;SSM1-0003;mil;mil_precarachide;SEMIS;0.24;0.0;;;;;;;;;;;;;;;;;;;;;;
2019;121;46_001;SSM1-0003;mil;mil_precarachide;TRAVAIL_SOL;8.16;0.0;;;;;;;;;;;;;;;;;;;;;;
2019;258;47_001;SSM1-0003;mil;mil_precarachide;RECOLTE;6.59;0.0;0.2;;;;;;;;;;;;;0.0;0.21;2.26;;;;;;
2019;152;47_001;SSM1-0003;mil;mil_precarachide;SEMIS;0.08;0.0;;;;;;;;;;;;;;;;;;;;;;
2019;121;47_001;SSM1-0003;mil;mil_precarachide;TRAVAIL_SOL;2.83;0.0;;;;;;;;;;;;;;;;;;;;;;
2019;258;48_001;SSM1-0002;mil;mil_precarachide;RECOLTE;16.43;0.0;0.2;;;;;;;;;;;;;0.0;0.21;2.26;;;;;;
2019;152;48_001;SSM1-0002;mil;mil_precarachide;SEMIS;0.21;0.0;;;;;;;;;;;;;;;;;;;;;;
2019;121;48_001;SSM1-0002;mil;mil_precarachide;TRAVAIL_SOL;7.05;0.0;;;;;;;;;;;;;;;;;;;;;;
2019;258;49_001;SSM1-0002;mil;mil_precarachide;RECOLTE;4.11;0.0;0.2;;;;;;;;;;;;;0.0;0.21;2.26;;;;;;
2019;152;49_001;SSM1-0002;mil;mil_precarachide;SEMIS;0.05;0.0;;;;;;;;;;;;;;;;;;;;;;
2019;121;49_001;SSM1-0002;mil;mil_precarachide;TRAVAIL_SOL;1.76;0.0;;;;;;;;;;;;;;;;;;;;;;
2019;258;50_001;SSM1-0002;mil;mil_precarachide;RECOLTE;39.09;0.0;0.2;;;;;;;;;;;;;0.0;0.21;2.26;;;;;;
2019;152;50_001;SSM1-0002;mil;mil_precarachide;SEMIS;0.5;0.0;;;;;;;;;;;;;;;;;;;;;;
2019;121;50_001;SSM1-0002;mil;mil_precarachide;TRAVAIL_SOL;16.78;0.0;;;;;;;;;;;;;;;;;;;;;;
2019;258;51_001;SSM1-0002;mil;mil_precarachide;RECOLTE;4.73;0.0;0.2;;;;;;;;;;;;;0.0;0.21;2.26;;;;;;
2019;152;51_001;SSM1-0002;mil;mil_precarachide;SEMIS;0.06;0.0;;;;;;;;;;;;;;;;;;;;;;
2019;121;51_001;SSM1-0002;mil;mil_precarachide;TRAVAIL_SOL;2.03;0.0;;;;;;;;;;;;;;;;;;;;;;
2019;258;52_001;SSM1-0005;mil;mil_precarachide;RECOLTE;5.91;0.0;0.2;;;;;;;;;;;;;0.0;0.21;2.26;;;;;;
2019;152;52_001;SSM1-0005;mil;mil_precarachide;SEMIS;0.08;0.0;;;;;;;;;;;;;;;;;;;;;;
2019;121;52_001;SSM1-0005;mil;mil_precarachide;TRAVAIL_SOL;2.53;0.0;;;;;;;;;;;;;;;;;;;;;;
2019;258;53_001;SSM1-0005;mil;mil_precarachide;RECOLTE;15.53;0.0;0.2;;;;;;;;;;;;;0.0;0.21;2.26;;;;;;
2019;152;53_001;SSM1-0005;mil;mil_precarachide;SEMIS;0.2;0.0;;;;;;;;;;;;;;;;;;;;;;
2019;121;53_001;SSM1-0005;mil;mil_precarachide;TRAVAIL_SOL;6.67;0.0;;;;;;;;;;;;;;;;;;;;;;
2019;258;54_001;SSM1-0005;mil;mil_precarachide;RECOLTE;13.55;0.0;0.2;;;;;;;;;;;;;0.0;0.21;2.26;;;;;;
2019;152;54_001;SSM1-0005;mil;mil_precarachide;SEMIS;0.17;0.0;;;;;;;;;;;;;;;;;;;;;;
2019;121;54_001;SSM1-0005;mil;mil_precarachide;TRAVAIL_SOL;5.82;0.0;;;;;;;;;;;;;;;;;;;;;;
2019;258;55_001;SSM1-0005;mil;mil_precarachide;RECOLTE;7.21;0.0;0.2;;;;;;;;;;;;;0.0;0.21;2.26;;;;;;
2019;152;55_001;SSM1-0005;mil;mil_precarachide;SEMIS;0.09;0.0;;;;;;;;;;;;;;;;;;;;;;
2019;121;55_001;SSM1-0005;mil;mil_precarachide;TRAVAIL_SOL;3.09;0.0;;;;;;;;;;;;;;;;;;;;;;
2019;258;56_001;SSM1-0005;mil;mil_precarachide;RECOLTE;8.36;0.0;0.2;;;;;;;;;;;;;0.0;0.21;2.26;;;;;;
2019;152;56_001;SSM1-0005;mil;mil_precarachide;SEMIS;0.11;0.0;;;;;;;;;;;;;;;;;;;;;;
2019;121;56_001;SSM1-0005;mil;mil_precarachide;TRAVAIL_SOL;3.59;0.0;;;;;;;;;;;;;;;;;;;;;;
2019;258;57_001;SSM1-0005;mil;mil_precarachide;RECOLTE;17.2;0.0;0.2;;;;;;;;;;;;;0.0;0.21;2.26;;;;;;
2019;152;57_001;SSM1-0005;mil;mil_precarachide;SEMIS;0.22;0.0;;;;;;;;;;;;;;;;;;;;;;
2019;121;57_001;SSM1-0005;mil;mil_precarachide;TRAVAIL_SOL;7.38;0.0;;;;;;;;;;;;;;;;;;;;;;
2019;258;58_001;SSM1-0005;mil;mil_precarachide;RECOLTE;22.4;0.0;0.2;;;;;;;;;;;;;0.0;0.21;2.26;;;;;;
2019;152;58_001;SSM1-0005;mil;mil_precarachide;SEMIS;0.29;0.0;;;;;;;;;;;;;;;;;;;;;;
2019;121;58_001;SSM1-0005;mil;mil_precarachide;TRAVAIL_SOL;9.61;0.0;;;;;;;;;;;;;;;;;;;;;;
2019;258;59_001;SSM1-0005;mil;mil_precarachide;RECOLTE;8.59;0.0;0.2;;;;;;;;;;;;;0.0;0.21;2.26;;;;;;
2019;152;59_001;SSM1-0005;mil;mil_precarachide;SEMIS;0.11;0.0;;;;;;;;;;;;;;;;;;;;;;
2019;121;59_001;SSM1-0005;mil;mil_precarachide;TRAVAIL_SOL;3.69;0.0;;;;;;;;;;;;;;;;;;;;;;
2019;258;60_001;SSM1-0005;mil;mil_precarachide;RECOLTE;17.02;0.0;0.2;;;;;;;;;;;;;0.0;0.21;2.26;;;;;;
2019;152;60_001;SSM1-0005;mil;mil_precarachide;SEMIS;0.22;0.0;;;;;;;;;;;;;;;;;;;;;;
2019;121;60_001;SSM1-0005;mil;mil_precarachide;TRAVAIL_SOL;7.31;0.0;;;;;;;;;;;;;;;;;;;;;;
2019;258;61_001;SSM1-0005;mil;mil_precarachide;RECOLTE;5.08;0.0;0.2;;;;;;;;;;;;;0.0;0.21;2.26;;;;;;
2019;152;61_001;SSM1-0005;mil;mil_precarachide;SEMIS;0.07;0.0;;;;;;;;;;;;;;;;;;;;;;
2019;121;61_001;SSM1-0005;mil;mil_precarachide;TRAVAIL_SOL;2.18;0.0;;;;;;;;;;;;;;;;;;;;;;
2019;258;62_001;SSM1-0005;mil;mil_precarachide;RECOLTE;28.73;0.0;0.2;;;;;;;;;;;;;0.0;0.21;2.26;;;;;;
2019;152;62_001;SSM1-0005;mil;mil_precarachide;SEMIS;0.37;0.0;;;;;;;;;;;;;;;;;;;;;;
2019;121;62_001;SSM1-0005;mil;mil_precarachide;TRAVAIL_SOL;12.33;0.0;;;;;;;;;;;;;;;;;;;;;;
2019;258;63_001;SSM1-0005;mil;mil_precarachide;RECOLTE;10.89;0.0;0.2;;;;;;;;;;;;;0.0;0.21;2.26;;;;;;
2019;152;63_001;SSM1-0005;mil;mil_precarachide;SEMIS;0.14;0.0;;;;;;;;;;;;;;;;;;;;;;
2019;121;63_001;SSM1-0005;mil;mil_precarachide;TRAVAIL_SOL;4.68;0.0;;;;;;;;;;;;;;;;;;;;;;
2019;258;64_001;SSM1-0005;mil;mil_precarachide;RECOLTE;18.98;0.0;0.2;;;;;;;;;;;;;0.0;0.21;2.26;;;;;;
2019;152;64_001;SSM1-0005;mil;mil_precarachide;SEMIS;0.24;0.0;;;;;;;;;;;;;;;;;;;;;;
2019;121;64_001;SSM1-0005;mil;mil_precarachide;TRAVAIL_SOL;8.15;0.0;;;;;;;;;;;;;;;;;;;;;;
2019;258;65_001;SSM1-0005;mil;mil_precarachide;RECOLTE;0.16;0.0;0.2;;;;;;;;;;;;;0.0;0.21;2.26;;;;;;
2019;152;65_001;SSM1-0005;mil;mil_precarachide;SEMIS;0.0;0.0;;;;;;;;;;;;;;;;;;;;;;
2019;121;65_001;SSM1-0005;mil;mil_precarachide;TRAVAIL_SOL;0.07;0.0;;;;;;;;;;;;;;;;;;;;;;
2019;258;66_001;SSM1-0005;mil;mil_precarachide;RECOLTE;19.89;0.0;0.2;;;;;;;;;;;;;0.0;0.21;2.26;;;;;;
2019;152;66_001;SSM1-0005;mil;mil_precarachide;SEMIS;0.25;0.0;;;;;;;;;;;;;;;;;;;;;;
2019;121;66_001;SSM1-0005;mil;mil_precarachide;TRAVAIL_SOL;8.54;0.0;;;;;;;;;;;;;;;;;;;;;;
2019;258;67_001;SSM1-0005;mil;mil_precarachide;RECOLTE;9.36;0.0;0.2;;;;;;;;;;;;;0.0;0.21;2.26;;;;;;
2019;152;67_001;SSM1-0005;mil;mil_precarachide;SEMIS;0.12;0.0;;;;;;;;;;;;;;;;;;;;;;
2019;121;67_001;SSM1-0005;mil;mil_precarachide;TRAVAIL_SOL;4.02;0.0;;;;;;;;;;;;;;;;;;;;;;
2019;258;68_001;SSM1-0005;mil;mil_precarachide;RECOLTE;7.93;0.0;0.2;;;;;;;;;;;;;0.0;0.21;2.26;;;;;;
2019;152;68_001;SSM1-0005;mil;mil_precarachide;SEMIS;0.1;0.0;;;;;;;;;;;;;;;;;;;;;;
2019;121;68_001;SSM1-0005;mil;mil_precarachide;TRAVAIL_SOL;3.41;0.0;;;;;;;;;;;;;;;;;;;;;;
2019;258;69_001;SSM1-0005;mil;mil_precarachide;RECOLTE;22.82;0.0;0.2;;;;;;;;;;;;;0.0;0.21;2.26;;;;;;
2019;152;69_001;SSM1-0005;mil;mil_precarachide;SEMIS;0.29;0.0;;;;;;;;;;;;;;;;;;;;;;
2019;121;69_001;SSM1-0005;mil;mil_precarachide;TRAVAIL_SOL;9.8;0.0;;;;;;;;;;;;;;;;;;;;;;
2019;258;70_001;SSM1-0005;mil;mil_precarachide;RECOLTE;6.23;0.0;0.2;;;;;;;;;;;;;0.0;0.21;2.26;;;;;;
2019;152;70_001;SSM1-0005;mil;mil_precarachide;SEMIS;0.08;0.0;;;;;;;;;;;;;;;;;;;;;;
2019;121;70_001;SSM1-0005;mil;mil_precarachide;TRAVAIL_SOL;2.67;0.0;;;;;;;;;;;;;;;;;;;;;;
2019;258;71_001;SSM1-0005;mil;mil_precarachide;RECOLTE;34.14;0.0;0.2;;;;;;;;;;;;;0.0;0.21;2.26;;;;;;
2019;152;71_001;SSM1-0005;mil;mil_precarachide;SEMIS;0.44;0.0;;;;;;;;;;;;;;;;;;;;;;
2019;121;71_001;SSM1-0005;mil;mil_precarachide;TRAVAIL_SOL;14.66;0.0;;;;;;;;;;;;;;;;;;;;;;
2019;258;72_001;SSM1-0005;mil;mil_precarachide;RECOLTE;3.51;0.0;0.2;;;;;;;;;;;;;0.0;0.21;2.26;;;;;;
2019;152;72_001;SSM1-0005;mil;mil_precarachide;SEMIS;0.04;0.0;;;;;;;;;;;;;;;;;;;;;;
2019;121;72_001;SSM1-0005;mil;mil_precarachide;TRAVAIL_SOL;1.51;0.0;;;;;;;;;;;;;;;;;;;;;;
2019;258;73_001;SSM1-0006;mil;mil_precarachide;RECOLTE;5.83;0.0;0.2;;;;;;;;;;;;;0.0;0.21;2.26;;;;;;
2019;152;73_001;SSM1-0006;mil;mil_precarachide;SEMIS;0.07;0.0;;;;;;;;;;;;;;;;;;;;;;
2019;121;73_001;SSM1-0006;mil;mil_precarachide;TRAVAIL_SOL;2.5;0.0;;;;;;;;;;;;;;;;;;;;;;
2019;258;74_001;SSM1-0006;mil;mil_precarachide;RECOLTE;33.49;0.0;0.2;;;;;;;;;;;;;0.0;0.21;2.26;;;;;;
2019;152;74_001;SSM1-0006;mil;mil_precarachide;SEMIS;0.43;0.0;;;;;;;;;;;;;;;;;;;;;;
2019;121;74_001;SSM1-0006;mil;mil_precarachide;TRAVAIL_SOL;14.37;0.0;;;;;;;;;;;;;;;;;;;;;;
2019;258;75_001;SSM1-0006;mil;mil_precarachide;RECOLTE;34.46;0.0;0.2;;;;;;;;;;;;;0.0;0.21;2.26;;;;;;
2019;152;75_001;SSM1-0006;mil;mil_precarachide;SEMIS;0.44;0.0;;;;;;;;;;;;;;;;;;;;;;
2019;121;75_001;SSM1-0006;mil;mil_precarachide;TRAVAIL_SOL;14.79;0.0;;;;;;;;;;;;;;;;;;;;;;
2019;258;76_001;SSM1-0006;mil;mil_precarachide;RECOLTE;4.11;0.0;0.2;;;;;;;;;;;;;0.0;0.21;2.26;;;;;;
2019;152;76_001;SSM1-0006;mil;mil_precarachide;SEMIS;0.05;0.0;;;;;;;;;;;;;;;;;;;;;;
2019;121;76_001;SSM1-0006;mil;mil_precarachide;TRAVAIL_SOL;1.77;0.0;;;;;;;;;;;;;;;;;;;;;;
2019;258;77_001;SSM1-0006;mil;mil_precarachide;RECOLTE;23.99;0.0;0.2;;;;;;;;;;;;;0.0;0.21;2.26;;;;;;
2019;152;77_001;SSM1-0006;mil;mil_precarachide;SEMIS;0.31;0.0;;;;;;;;;;;;;;;;;;;;;;
2019;121;77_001;SSM1-0006;mil;mil_precarachide;TRAVAIL_SOL;10.3;0.0;;;;;;;;;;;;;;;;;;;;;;
2019;258;78_001;SSM1-0006;mil;mil_precarachide;RECOLTE;6.09;0.0;0.2;;;;;;;;;;;;;0.0;0.21;2.26;;;;;;
2019;152;78_001;SSM1-0006;mil;mil_precarachide;SEMIS;0.08;0.0;;;;;;;;;;;;;;;;;;;;;;
2019;121;78_001;SSM1-0006;mil;mil_precarachide;TRAVAIL_SOL;2.61;0.0;;;;;;;;;;;;;;;;;;;;;;
2019;258;79_001;SSM1-0006;mil;mil_precarachide;RECOLTE;27.19;0.0;0.2;;;;;;;;;;;;;0.0;0.21;2.26;;;;;;
2019;152;79_001;SSM1-0006;mil;mil_precarachide;SEMIS;0.35;0.0;;;;;;;;;;;;;;;;;;;;;;
2019;121;79_001;SSM1-0006;mil;mil_precarachide;TRAVAIL_SOL;11.67;0.0;;;;;;;;;;;;;;;;;;;;;;
2019;258;80_001;SSM1-0006;mil;mil_precarachide;RECOLTE;5.69;0.0;0.2;;;;;;;;;;;;;0.0;0.21;2.26;;;;;;
2019;152;80_001;SSM1-0006;mil;mil_precarachide;SEMIS;0.07;0.0;;;;;;;;;;;;;;;;;;;;;;
2019;121;80_001;SSM1-0006;mil;mil_precarachide;TRAVAIL_SOL;2.44;0.0;;;;;;;;;;;;;;;;;;;;;;
2019;258;81_001;SSM1-0006;mil;mil_precarachide;RECOLTE;28.96;0.0;0.2;;;;;;;;;;;;;0.0;0.21;2.26;;;;;;
2019;152;81_001;SSM1-0006;mil;mil_precarachide;SEMIS;0.37;0.0;;;;;;;;;;;;;;;;;;;;;;
2019;121;81_001;SSM1-0006;mil;mil_precarachide;TRAVAIL_SOL;12.43;0.0;;;;;;;;;;;;;;;;;;;;;;
2019;258;82_001;SSM1-0006;mil;mil_precarachide;RECOLTE;3.83;0.0;0.2;;;;;;;;;;;;;0.0;0.21;2.26;;;;;;
2019;152;82_001;SSM1-0006;mil;mil_precarachide;SEMIS;0.05;0.0;;;;;;;;;;;;;;;;;;;;;;
2019;121;82_001;SSM1-0006;mil;mil_precarachide;TRAVAIL_SOL;1.64;0.0;;;;;;;;;;;;;;;;;;;;;;
2019;258;83_001;SSM1-0006;mil;mil_precarachide;RECOLTE;18.06;0.0;0.2;;;;;;;;;;;;;0.0;0.21;2.26;;;;;;
2019;152;83_001;SSM1-0006;mil;mil_precarachide;SEMIS;0.23;0.0;;;;;;;;;;;;;;;;;;;;;;
2019;121;83_001;SSM1-0006;mil;mil_precarachide;TRAVAIL_SOL;7.75;0.0;;;;;;;;;;;;;;;;;;;;;;
2019;258;84_001;SSM1-0006;mil;mil_precarachide;RECOLTE;12.2;0.0;0.2;;;;;;;;;;;;;0.0;0.21;2.26;;;;;;
2019;152;84_001;SSM1-0006;mil;mil_precarachide;SEMIS;0.16;0.0;;;;;;;;;;;;;;;;;;;;;;
2019;121;84_001;SSM1-0006;mil;mil_precarachide;TRAVAIL_SOL;5.24;0.0;;;;;;;;;;;;;;;;;;;;;;
2019;258;85_001;SSM1-0006;mil;mil_precarachide;RECOLTE;55.34;0.0;0.2;;;;;;;;;;;;;0.0;0.21;2.26;;;;;;
2019;152;85_001;SSM1-0006;mil;mil_precarachide;SEMIS;0.71;0.0;;;;;;;;;;;;;;;;;;;;;;
2019;121;85_001;SSM1-0006;mil;mil_precarachide;TRAVAIL_SOL;23.75;0.0;;;;;;;;;;;;;;;;;;;;;;
2019;258;86_001;SSM1-0006;mil;mil_precarachide;RECOLTE;8.05;0.0;0.2;;;;;;;;;;;;;0.0;0.21;2.26;;;;;;
2019;152;86_001;SSM1-0006;mil;mil_precarachide;SEMIS;0.1;0.0;;;;;;;;;;;;;;;;;;;;;;
2019;121;86_001;SSM1-0006;mil;mil_precarachide;TRAVAIL_SOL;3.46;0.0;;;;;;;;;;;;;;;;;;;;;;
2019;258;87_001;SSM1-0006;mil;mil_precarachide;RECOLTE;30.89;0.0;0.2;;;;;;;;;;;;;0.0;0.21;2.26;;;;;;
2019;152;87_001;SSM1-0006;mil;mil_precarachide;SEMIS;0.39;0.0;;;;;;;;;;;;;;;;;;;;;;
2019;121;87_001;SSM1-0006;mil;mil_precarachide;TRAVAIL_SOL;13.26;0.0;;;;;;;;;;;;;;;;;;;;;;
2019;258;88_001;SSM1-0006;mil;mil_precarachide;RECOLTE;8.57;0.0;0.2;;;;;;;;;;;;;0.0;0.21;2.26;;;;;;
2019;152;88_001;SSM1-0006;mil;mil_precarachide;SEMIS;0.11;0.0;;;;;;;;;;;;;;;;;;;;;;
2019;121;88_001;SSM1-0006;mil;mil_precarachide;TRAVAIL_SOL;3.68;0.0;;;;;;;;;;;;;;;;;;;;;;
2019;258;89_001;SSM1-0006;mil;mil_precarachide;RECOLTE;34.51;0.0;0.2;;;;;;;;;;;;;0.0;0.21;2.26;;;;;;
2019;152;89_001;SSM1-0006;mil;mil_precarachide;SEMIS;0.44;0.0;;;;;;;;;;;;;;;;;;;;;;
2019;121;89_001;SSM1-0006;mil;mil_precarachide;TRAVAIL_SOL;14.82;0.0;;;;;;;;;;;;;;;;;;;;;;
2019;258;90_001;SSM1-0006;mil;mil_precarachide;RECOLTE;30.22;0.0;0.2;;;;;;;;;;;;;0.0;0.21;2.26;;;;;;
2019;152;90_001;SSM1-0006;mil;mil_precarachide;SEMIS;0.39;0.0;;;;;;;;;;;;;;;;;;;;;;
2019;121;90_001;SSM1-0006;mil;mil_precarachide;TRAVAIL_SOL;12.97;0.0;;;;;;;;;;;;;;;;;;;;;;
2019;258;91_001;SSM1-0006;mil;mil_precarachide;RECOLTE;88.39;0.0;0.2;;;;;;;;;;;;;0.0;0.21;2.26;;;;;;
2019;152;91_001;SSM1-0006;mil;mil_precarachide;SEMIS;1.13;0.0;;;;;;;;;;;;;;;;;;;;;;
2019;121;91_001;SSM1-0006;mil;mil_precarachide;TRAVAIL_SOL;37.94;0.0;;;;;;;;;;;;;;;;;;;;;;
2019;258;92_001;SSM1-0006;mil;mil_precarachide;RECOLTE;2.97;0.0;0.2;;;;;;;;;;;;;0.0;0.21;2.26;;;;;;
2019;152;92_001;SSM1-0006;mil;mil_precarachide;SEMIS;0.04;0.0;;;;;;;;;;;;;;;;;;;;;;
2019;121;92_001;SSM1-0006;mil;mil_precarachide;TRAVAIL_SOL;1.28;0.0;;;;;;;;;;;;;;;;;;;;;;
2019;258;93_001;SSM1-0006;mil;mil_precarachide;RECOLTE;28.1;0.0;0.2;;;;;;;;;;;;;0.0;0.21;2.26;;;;;;
2019;152;93_001;SSM1-0006;mil;mil_precarachide;SEMIS;0.36;0.0;;;;;;;;;;;;;;;;;;;;;;
2019;121;93_001;SSM1-0006;mil;mil_precarachide;TRAVAIL_SOL;12.06;0.0;;;;;;;;;;;;;;;;;;;;;;
2019;258;94_001;SSM1-0006;mil;mil_precarachide;RECOLTE;0.61;0.0;0.2;;;;;;;;;;;;;0.0;0.21;2.26;;;;;;
2019;152;94_001;SSM1-0006;mil;mil_precarachide;SEMIS;0.01;0.0;;;;;;;;;;;;;;;;;;;;;;
2019;121;94_001;SSM1-0006;mil;mil_precarachide;TRAVAIL_SOL;0.26;0.0;;;;;;;;;;;;;;;;;;;;;;
2019;258;95_001;SSM1-0006;mil;mil_precarachide;RECOLTE;46.88;0.0;0.2;;;;;;;;;;;;;0.0;0.21;2.26;;;;;;
2019;152;95_001;SSM1-0006;mil;mil_precarachide;SEMIS;0.6;0.0;;;;;;;;;;;;;;;;;;;;;;
2019;121;95_001;SSM1-0006;mil;mil_precarachide;TRAVAIL_SOL;20.12;0.0;;;;;;;;;;;;;;;;;;;;;;
2019;258;96_001;SSM1-0006;mil;mil_precarachide;RECOLTE;7.92;0.0;0.2;;;;;;;;;;;;;0.0;0.21;2.26;;;;;;
2019;152;96_001;SSM1-0006;mil;mil_precarachide;SEMIS;0.1;0.0;;;;;;;;;;;;;;;;;;;;;;
2019;121;96_001;SSM1-0006;mil;mil_precarachide;TRAVAIL_SOL;3.4;0.0;;;;;;;;;;;;;;;;;;;;;;
2019;258;97_001;SSM1-0006;mil;mil_precarachide;RECOLTE;25.45;0.0;0.2;;;;;;;;;;;;;0.0;0.21;2.26;;;;;;
2019;152;97_001;SSM1-0006;mil;mil_precarachide;SEMIS;0.33;0.0;;;;;;;;;;;;;;;;;;;;;;
2019;121;97_001;SSM1-0006;mil;mil_precarachide;TRAVAIL_SOL;10.93;0.0;;;;;;;;;;;;;;;;;;;;;;
2019;258;98_001;SSM1-0006;mil;mil_precarachide;RECOLTE;0.96;0.0;0.2;;;;;;;;;;;;;0.0;0.21;2.26;;;;;;
2019;152;98_001;SSM1-0006;mil;mil_precarachide;SEMIS;0.01;0.0;;;;;;;;;;;;;;;;;;;;;;
2019;121;98_001;SSM1-0006;mil;mil_precarachide;TRAVAIL_SOL;0.41;0.0;;;;;;;;;;;;;;;;;;;;;;
2019;258;99_001;SSM1-0007;mil;mil_precarachide;RECOLTE;8.16;0.0;0.2;;;;;;;;;;;;;0.0;0.21;2.26;;;;;;
2019;152;99_001;SSM1-0007;mil;mil_precarachide;SEMIS;0.1;0.0;;;;;;;;;;;;;;;;;;;;;;
2019;121;99_001;SSM1-0007;mil;mil_precarachide;TRAVAIL_SOL;3.5;0.0;;;;;;;;;;;;;;;;;;;;;;
2019;258;100_001;SSM1-0007;mil;mil_precarachide;RECOLTE;13.22;0.0;0.2;;;;;;;;;;;;;0.0;0.21;2.26;;;;;;
2019;152;100_001;SSM1-0007;mil;mil_precarachide;SEMIS;0.17;0.0;;;;;;;;;;;;;;;;;;;;;;
2019;121;100_001;SSM1-0007;mil;mil_precarachide;TRAVAIL_SOL;5.67;0.0;;;;;;;;;;;;;;;;;;;;;;
2019;258;101_001;SSM1-0008;mil;mil_precarachide;RECOLTE;31.05;0.0;0.2;;;;;;;;;;;;;0.0;0.21;2.26;;;;;;
2019;152;101_001;SSM1-0008;mil;mil_precarachide;SEMIS;0.4;0.0;;;;;;;;;;;;;;;;;;;;;;
2019;121;101_001;SSM1-0008;mil;mil_precarachide;TRAVAIL_SOL;13.33;0.0;;;;;;;;;;;;;;;;;;;;;;
2019;258;102_001;SSM1-0009;mil;mil_precarachide;RECOLTE;46.51;0.0;0.2;;;;;;;;;;;;;0.0;0.21;2.26;;;;;;
2019;152;102_001;SSM1-0009;mil;mil_precarachide;SEMIS;0.59;0.0;;;;;;;;;;;;;;;;;;;;;;
2019;121;102_001;SSM1-0009;mil;mil_precarachide;TRAVAIL_SOL;19.96;0.0;;;;;;;;;;;;;;;;;;;;;;
2019;258;103_001;SSM1-0009;mil;mil_precarachide;RECOLTE;14.19;0.0;0.2;;;;;;;;;;;;;0.0;0.21;2.26;;;;;;
2019;152;103_001;SSM1-0009;mil;mil_precarachide;SEMIS;0.18;0.0;;;;;;;;;;;;;;;;;;;;;;
2019;121;103_001;SSM1-0009;mil;mil_precarachide;TRAVAIL_SOL;6.09;0.0;;;;;;;;;;;;;;;;;;;;;;
2019;258;104_001;SSM1-0009;mil;mil_precarachide;RECOLTE;53.88;0.0;0.2;;;;;;;;;;;;;0.0;0.21;2.26;;;;;;
2019;152;104_001;SSM1-0009;mil;mil_precarachide;SEMIS;0.69;0.0;;;;;;;;;;;;;;;;;;;;;;
2019;121;104_001;SSM1-0009;mil;mil_precarachide;TRAVAIL_SOL;23.13;0.0;;;;;;;;;;;;;;;;;;;;;;
2019;258;105_001;SSM1-0009;mil;mil_precarachide;RECOLTE;6.71;0.0;0.2;;;;;;;;;;;;;0.0;0.21;2.26;;;;;;
2019;152;105_001;SSM1-0009;mil;mil_precarachide;SEMIS;0.09;0.0;;;;;;;;;;;;;;;;;;;;;;
2019;121;105_001;SSM1-0009;mil;mil_precarachide;TRAVAIL_SOL;2.88;0.0;;;;;;;;;;;;;;;;;;;;;;
2019;258;106_001;SSM1-0009;mil;mil_precarachide;RECOLTE;43.82;0.0;0.2;;;;;;;;;;;;;0.0;0.21;2.26;;;;;;
2019;152;106_001;SSM1-0009;mil;mil_precarachide;SEMIS;0.56;0.0;;;;;;;;;;;;;;;;;;;;;;
2019;121;106_001;SSM1-0009;mil;mil_precarachide;TRAVAIL_SOL;18.81;0.0;;;;;;;;;;;;;;;;;;;;;;
2019;258;107_001;SSM1-0009;mil;mil_precarachide;RECOLTE;9.38;0.0;0.2;;;;;;;;;;;;;0.0;0.21;2.26;;;;;;
2019;152;107_001;SSM1-0009;mil;mil_precarachide;SEMIS;0.12;0.0;;;;;;;;;;;;;;;;;;;;;;
2019;121;107_001;SSM1-0009;mil;mil_precarachide;TRAVAIL_SOL;4.03;0.0;;;;;;;;;;;;;;;;;;;;;;
2019;258;108_001;SSM1-0010;mil;mil_precarachide;RECOLTE;42.39;0.0;0.2;;;;;;;;;;;;;0.0;0.21;2.26;;;;;;
2019;152;108_001;SSM1-0010;mil;mil_precarachide;SEMIS;0.54;0.0;;;;;;;;;;;;;;;;;;;;;;
2019;121;108_001;SSM1-0010;mil;mil_precarachide;TRAVAIL_SOL;18.2;0.0;;;;;;;;;;;;;;;;;;;;;;
2019;258;109_001;SSM1-0011;mil;mil_precarachide;RECOLTE;11.26;0.0;0.2;;;;;;;;;;;;;0.0;0.21;2.26;;;;;;
2019;152;109_001;SSM1-0011;mil;mil_precarachide;SEMIS;0.14;0.0;;;;;;;;;;;;;;;;;;;;;;
2019;121;109_001;SSM1-0011;mil;mil_precarachide;TRAVAIL_SOL;4.83;0.0;;;;;;;;;;;;;;;;;;;;;;
2019;258;110_001;SSM1-0010;mil;mil_precarachide;RECOLTE;22.73;0.0;0.2;;;;;;;;;;;;;0.0;0.21;2.26;;;;;;
2019;152;110_001;SSM1-0010;mil;mil_precarachide;SEMIS;0.29;0.0;;;;;;;;;;;;;;;;;;;;;;
2019;121;110_001;SSM1-0010;mil;mil_precarachide;TRAVAIL_SOL;9.76;0.0;;;;;;;;;;;;;;;;;;;;;;
2019;258;111_001;SSM1-0010;mil;mil_precarachide;RECOLTE;8.07;0.0;0.2;;;;;;;;;;;;;0.0;0.21;2.26;;;;;;
2019;152;111_001;SSM1-0010;mil;mil_precarachide;SEMIS;0.1;0.0;;;;;;;;;;;;;;;;;;;;;;
2019;121;111_001;SSM1-0010;mil;mil_precarachide;TRAVAIL_SOL;3.47;0.0;;;;;;;;;;;;;;;;;;;;;;
2019;258;112_001;SSM1-0010;mil;mil_precarachide;RECOLTE;38.76;0.0;0.2;;;;;;;;;;;;;0.0;0.21;2.26;;;;;;
2019;152;112_001;SSM1-0010;mil;mil_precarachide;SEMIS;0.5;0.0;;;;;;;;;;;;;;;;;;;;;;
2019;121;112_001;SSM1-0010;mil;mil_precarachide;TRAVAIL_SOL;16.64;0.0;;;;;;;;;;;;;;;;;;;;;;
2019;258;113_001;SSM1-0010;mil;mil_precarachide;RECOLTE;1.48;0.0;0.2;;;;;;;;;;;;;0.0;0.21;2.26;;;;;;
2019;152;113_001;SSM1-0010;mil;mil_precarachide;SEMIS;0.02;0.0;;;;;;;;;;;;;;;;;;;;;;
2019;121;113_001;SSM1-0010;mil;mil_precarachide;TRAVAIL_SOL;0.64;0.0;;;;;;;;;;;;;;;;;;;;;;
2019;258;114_001;SSM1-0010;mil;mil_precarachide;RECOLTE;22.74;0.0;0.2;;;;;;;;;;;;;0.0;0.21;2.26;;;;;;
2019;152;114_001;SSM1-0010;mil;mil_precarachide;SEMIS;0.29;0.0;;;;;;;;;;;;;;;;;;;;;;
2019;121;114_001;SSM1-0010;mil;mil_precarachide;TRAVAIL_SOL;9.76;0.0;;;;;;;;;;;;;;;;;;;;;;
2019;258;115_001;SSM1-0010;mil;mil_precarachide;RECOLTE;3.08;0.0;0.2;;;;;;;;;;;;;0.0;0.21;2.26;;;;;;
2019;152;115_001;SSM1-0010;mil;mil_precarachide;SEMIS;0.04;0.0;;;;;;;;;;;;;;;;;;;;;;
2019;121;115_001;SSM1-0010;mil;mil_precarachide;TRAVAIL_SOL;1.32;0.0;;;;;;;;;;;;;;;;;;;;;;
2019;258;116_001;SSM1-0010;mil;mil_precarachide;RECOLTE;10.75;0.0;0.2;;;;;;;;;;;;;0.0;0.21;2.26;;;;;;
2019;152;116_001;SSM1-0010;mil;mil_precarachide;SEMIS;0.14;0.0;;;;;;;;;;;;;;;;;;;;;;
2019;121;116_001;SSM1-0010;mil;mil_precarachide;TRAVAIL_SOL;4.62;0.0;;;;;;;;;;;;;;;;;;;;;;
2019;258;117_001;SSM1-0010;mil;mil_precarachide;RECOLTE;0.34;0.0;0.2;;;;;;;;;;;;;0.0;0.21;2.26;;;;;;
2019;152;117_001;SSM1-0010;mil;mil_precarachide;SEMIS;0.0;0.0;;;;;;;;;;;;;;;;;;;;;;
2019;121;117_001;SSM1-0010;mil;mil_precarachide;TRAVAIL_SOL;0.14;0.0;;;;;;;;;;;;;;;;;;;;;;
2019;258;118_001;SSM1-0010;mil;mil_precarachide;RECOLTE;11.74;0.0;0.2;;;;;;;;;;;;;0.0;0.21;2.26;;;;;;
2019;152;118_001;SSM1-0010;mil;mil_precarachide;SEMIS;0.15;0.0;;;;;;;;;;;;;;;;;;;;;;
2019;121;118_001;SSM1-0010;mil;mil_precarachide;TRAVAIL_SOL;5.04;0.0;;;;;;;;;;;;;;;;;;;;;;
2019;258;119_001;SSM1-0010;mil;mil_precarachide;RECOLTE;3.2;0.0;0.2;;;;;;;;;;;;;0.0;0.21;2.26;;;;;;
2019;152;119_001;SSM1-0010;mil;mil_precarachide;SEMIS;0.04;0.0;;;;;;;;;;;;;;;;;;;;;;
2019;121;119_001;SSM1-0010;mil;mil_precarachide;TRAVAIL_SOL;1.37;0.0;;;;;;;;;;;;;;;;;;;;;;
2019;258;120_001;SSM1-0012;mil;mil_precarachide;RECOLTE;5.07;0.0;0.2;;;;;;;;;;;;;0.0;0.21;2.26;;;;;;
2019;152;120_001;SSM1-0012;mil;mil_precarachide;SEMIS;0.06;0.0;;;;;;;;;;;;;;;;;;;;;;
2019;121;120_001;SSM1-0012;mil;mil_precarachide;TRAVAIL_SOL;2.18;0.0;;;;;;;;;;;;;;;;;;;;;;
2019;258;121_001;SSM1-0012;mil;mil_precarachide;RECOLTE;1.4;0.0;0.2;;;;;;;;;;;;;0.0;0.21;2.26;;;;;;
2019;152;121_001;SSM1-0012;mil;mil_precarachide;SEMIS;0.02;0.0;;;;;;;;;;;;;;;;;;;;;;
2019;121;121_001;SSM1-0012;mil;mil_precarachide;TRAVAIL_SOL;0.6;0.0;;;;;;;;;;;;;;;;;;;;;;
2019;258;122_001;SSM1-0012;mil;mil_precarachide;RECOLTE;2.79;0.0;0.2;;;;;;;;;;;;;0.0;0.21;2.26;;;;;;
2019;152;122_001;SSM1-0012;mil;mil_precarachide;SEMIS;0.04;0.0;;;;;;;;;;;;;;;;;;;;;;
2019;121;122_001;SSM1-0012;mil;mil_precarachide;TRAVAIL_SOL;1.2;0.0;;;;;;;;;;;;;;;;;;;;;;
2019;258;123_001;SSM1-0012;mil;mil_precarachide;RECOLTE;10.57;0.0;0.2;;;;;;;;;;;;;0.0;0.21;2.26;;;;;;
2019;152;123_001;SSM1-0012;mil;mil_precarachide;SEMIS;0.14;0.0;;;;;;;;;;;;;;;;;;;;;;
2019;121;123_001;SSM1-0012;mil;mil_precarachide;TRAVAIL_SOL;4.54;0.0;;;;;;;;;;;;;;;;;;;;;;
2019;258;124_001;SSM1-0012;mil;mil_precarachide;RECOLTE;1.71;0.0;0.2;;;;;;;;;;;;;0.0;0.21;2.26;;;;;;
2019;152;124_001;SSM1-0012;mil;mil_precarachide;SEMIS;0.02;0.0;;;;;;;;;;;;;;;;;;;;;;
2019;121;124_001;SSM1-0012;mil;mil_precarachide;TRAVAIL_SOL;0.73;0.0;;;;;;;;;;;;;;;;;;;;;;
2019;258;125_001;SSM1-0012;mil;mil_precarachide;RECOLTE;9.8;0.0;0.2;;;;;;;;;;;;;0.0;0.21;2.26;;;;;;
2019;152;125_001;SSM1-0012;mil;mil_precarachide;SEMIS;0.13;0.0;;;;;;;;;;;;;;;;;;;;;;
2019;121;125_001;SSM1-0012;mil;mil_precarachide;TRAVAIL_SOL;4.21;0.0;;;;;;;;;;;;;;;;;;;;;;
2019;258;126_001;SSM1-0012;mil;mil_precarachide;RECOLTE;8.47;0.0;0.2;;;;;;;;;;;;;0.0;0.21;2.26;;;;;;
2019;152;126_001;SSM1-0012;mil;mil_precarachide;SEMIS;0.11;0.0;;;;;;;;;;;;;;;;;;;;;;
2019;121;126_001;SSM1-0012;mil;mil_precarachide;TRAVAIL_SOL;3.64;0.0;;;;;;;;;;;;;;;;;;;;;;
2019;258;127_001;SSM1-0013;mil;mil_precarachide;RECOLTE;23.37;0.0;0.2;;;;;;;;;;;;;0.0;0.21;2.26;;;;;;
2019;152;127_001;SSM1-0013;mil;mil_precarachide;SEMIS;0.3;0.0;;;;;;;;;;;;;;;;;;;;;;
2019;121;127_001;SSM1-0013;mil;mil_precarachide;TRAVAIL_SOL;10.03;0.0;;;;;;;;;;;;;;;;;;;;;;
2019;258;128_001;SSM1-0012;mil;mil_precarachide;RECOLTE;21.2;0.0;0.2;;;;;;;;;;;;;0.0;0.21;2.26;;;;;;
2019;152;128_001;SSM1-0012;mil;mil_precarachide;SEMIS;0.27;0.0;;;;;;;;;;;;;;;;;;;;;;
2019;121;128_001;SSM1-0012;mil;mil_precarachide;TRAVAIL_SOL;9.1;0.0;;;;;;;;;;;;;;;;;;;;;;
2019;258;129_001;SSM1-0012;mil;mil_precarachide;RECOLTE;10.54;0.0;0.2;;;;;;;;;;;;;0.0;0.21;2.26;;;;;;
2019;152;129_001;SSM1-0012;mil;mil_precarachide;SEMIS;0.13;0.0;;;;;;;;;;;;;;;;;;;;;;
2019;121;129_001;SSM1-0012;mil;mil_precarachide;TRAVAIL_SOL;4.52;0.0;;;;;;;;;;;;;;;;;;;;;;
2019;258;130_001;SSM1-0012;mil;mil_precarachide;RECOLTE;3.65;0.0;0.2;;;;;;;;;;;;;0.0;0.21;2.26;;;;;;
2019;152;130_001;SSM1-0012;mil;mil_precarachide;SEMIS;0.05;0.0;;;;;;;;;;;;;;;;;;;;;;
2019;121;130_001;SSM1-0012;mil;mil_precarachide;TRAVAIL_SOL;1.57;0.0;;;;;;;;;;;;;;;;;;;;;;
2019;258;131_001;SSM1-0012;mil;mil_precarachide;RECOLTE;6.15;0.0;0.2;;;;;;;;;;;;;0.0;0.21;2.26;;;;;;
2019;152;131_001;SSM1-0012;mil;mil_precarachide;SEMIS;0.08;0.0;;;;;;;;;;;;;;;;;;;;;;
2019;121;131_001;SSM1-0012;mil;mil_precarachide;TRAVAIL_SOL;2.64;0.0;;;;;;;;;;;;;;;;;;;;;;
2019;258;132_001;SSM1-0012;mil;mil_precarachide;RECOLTE;20.78;0.0;0.2;;;;;;;;;;;;;0.0;0.21;2.26;;;;;;
2019;152;132_001;SSM1-0012;mil;mil_precarachide;SEMIS;0.27;0.0;;;;;;;;;;;;;;;;;;;;;;
2019;121;132_001;SSM1-0012;mil;mil_precarachide;TRAVAIL_SOL;8.92;0.0;;;;;;;;;;;;;;;;;;;;;;
2019;258;133_001;SSM1-0012;mil;mil_precarachide;RECOLTE;5.14;0.0;0.2;;;;;;;;;;;;;0.0;0.21;2.26;;;;;;
2019;152;133_001;SSM1-0012;mil;mil_precarachide;SEMIS;0.07;0.0;;;;;;;;;;;;;;;;;;;;;;
2019;121;133_001;SSM1-0012;mil;mil_precarachide;TRAVAIL_SOL;2.21;0.0;;;;;;;;;;;;;;;;;;;;;;
2019;258;134_001;SSM1-0012;mil;mil_precarachide;RECOLTE;17.08;0.0;0.2;;;;;;;;;;;;;0.0;0.21;2.26;;;;;;
2019;152;134_001;SSM1-0012;mil;mil_precarachide;SEMIS;0.22;0.0;;;;;;;;;;;;;;;;;;;;;;
2019;121;134_001;SSM1-0012;mil;mil_precarachide;TRAVAIL_SOL;7.33;0.0;;;;;;;;;;;;;;;;;;;;;;
2019;258;135_001;SSM1-0012;mil;mil_precarachide;RECOLTE;11.53;0.0;0.2;;;;;;;;;;;;;0.0;0.21;2.26;;;;;;
2019;152;135_001;SSM1-0012;mil;mil_precarachide;SEMIS;0.15;0.0;;;;;;;;;;;;;;;;;;;;;;
2019;121;135_001;SSM1-0012;mil;mil_precarachide;TRAVAIL_SOL;4.95;0.0;;;;;;;;;;;;;;;;;;;;;;
2019;258;136_001;SSM1-0012;mil;mil_precarachide;RECOLTE;3.18;0.0;0.2;;;;;;;;;;;;;0.0;0.21;2.26;;;;;;
2019;152;136_001;SSM1-0012;mil;mil_precarachide;SEMIS;0.04;0.0;;;;;;;;;;;;;;;;;;;;;;
2019;121;136_001;SSM1-0012;mil;mil_precarachide;TRAVAIL_SOL;1.37;0.0;;;;;;;;;;;;;;;;;;;;;;
2019;258;137_001;SSM1-0012;mil;mil_precarachide;RECOLTE;3.74;0.0;0.2;;;;;;;;;;;;;0.0;0.21;2.26;;;;;;
2019;152;137_001;SSM1-0012;mil;mil_precarachide;SEMIS;0.05;0.0;;;;;;;;;;;;;;;;;;;;;;
2019;121;137_001;SSM1-0012;mil;mil_precarachide;TRAVAIL_SOL;1.61;0.0;;;;;;;;;;;;;;;;;;;;;;
2019;258;138_001;SSM1-0012;mil;mil_precarachide;RECOLTE;25.91;0.0;0.2;;;;;;;;;;;;;0.0;0.21;2.26;;;;;;
2019;152;138_001;SSM1-0012;mil;mil_precarachide;SEMIS;0.33;0.0;;;;;;;;;;;;;;;;;;;;;;
2019;121;138_001;SSM1-0012;mil;mil_precarachide;TRAVAIL_SOL;11.12;0.0;;;;;;;;;;;;;;;;;;;;;;
2019;258;139_001;SSM1-0012;mil;mil_precarachide;RECOLTE;4.05;0.0;0.2;;;;;;;;;;;;;0.0;0.21;2.26;;;;;;
2019;152;139_001;SSM1-0012;mil;mil_precarachide;SEMIS;0.05;0.0;;;;;;;;;;;;;;;;;;;;;;
2019;121;139_001;SSM1-0012;mil;mil_precarachide;TRAVAIL_SOL;1.74;0.0;;;;;;;;;;;;;;;;;;;;;;
2019;258;140_001;SSM1-0012;mil;mil_precarachide;RECOLTE;14.43;0.0;0.2;;;;;;;;;;;;;0.0;0.21;2.26;;;;;;
2019;152;140_001;SSM1-0012;mil;mil_precarachide;SEMIS;0.18;0.0;;;;;;;;;;;;;;;;;;;;;;
2019;121;140_001;SSM1-0012;mil;mil_precarachide;TRAVAIL_SOL;6.19;0.0;;;;;;;;;;;;;;;;;;;;;;
2019;258;141_001;SSM1-0012;mil;mil_precarachide;RECOLTE;5.02;0.0;0.2;;;;;;;;;;;;;0.0;0.21;2.26;;;;;;
2019;152;141_001;SSM1-0012;mil;mil_precarachide;SEMIS;0.06;0.0;;;;;;;;;;;;;;;;;;;;;;
2019;121;141_001;SSM1-0012;mil;mil_precarachide;TRAVAIL_SOL;2.15;0.0;;;;;;;;;;;;;;;;;;;;;;
2019;258;142_001;SSM1-0012;mil;mil_precarachide;RECOLTE;26.88;0.0;0.2;;;;;;;;;;;;;0.0;0.21;2.26;;;;;;
2019;152;142_001;SSM1-0012;mil;mil_precarachide;SEMIS;0.34;0.0;;;;;;;;;;;;;;;;;;;;;;
2019;121;142_001;SSM1-0012;mil;mil_precarachide;TRAVAIL_SOL;11.54;0.0;;;;;;;;;;;;;;;;;;;;;;
2019;258;143_001;SSM1-0012;mil;mil_precarachide;RECOLTE;3.24;0.0;0.2;;;;;;;;;;;;;0.0;0.21;2.26;;;;;;
2019;152;143_001;SSM1-0012;mil;mil_precarachide;SEMIS;0.04;0.0;;;;;;;;;;;;;;;;;;;;;;
2019;121;143_001;SSM1-0012;mil;mil_precarachide;TRAVAIL_SOL;1.39;0.0;;;;;;;;;;;;;;;;;;;;;;
2019;258;144_001;SSM1-0012;mil;mil_precarachide;RECOLTE;30.28;0.0;0.2;;;;;;;;;;;;;0.0;0.21;2.26;;;;;;
2019;152;144_001;SSM1-0012;mil;mil_precarachide;SEMIS;0.39;0.0;;;;;;;;;;;;;;;;;;;;;;
2019;121;144_001;SSM1-0012;mil;mil_precarachide;TRAVAIL_SOL;13.0;0.0;;;;;;;;;;;;;;;;;;;;;;
2019;258;145_001;SSM1-0012;mil;mil_precarachide;RECOLTE;1.39;0.0;0.2;;;;;;;;;;;;;0.0;0.21;2.26;;;;;;
2019;152;145_001;SSM1-0012;mil;mil_precarachide;SEMIS;0.02;0.0;;;;;;;;;;;;;;;;;;;;;;
2019;121;145_001;SSM1-0012;mil;mil_precarachide;TRAVAIL_SOL;0.6;0.0;;;;;;;;;;;;;;;;;;;;;;
2019;258;146_001;SSM1-0012;mil;mil_precarachide;RECOLTE;12.05;0.0;0.2;;;;;;;;;;;;;0.0;0.21;2.26;;;;;;
2019;152;146_001;SSM1-0012;mil;mil_precarachide;SEMIS;0.15;0.0;;;;;;;;;;;;;;;;;;;;;;
2019;121;146_001;SSM1-0012;mil;mil_precarachide;TRAVAIL_SOL;5.17;0.0;;;;;;;;;;;;;;;;;;;;;;
2019;258;147_001;SSM1-0012;mil;mil_precarachide;RECOLTE;15.56;0.0;0.2;;;;;;;;;;;;;0.0;0.21;2.26;;;;;;
2019;152;147_001;SSM1-0012;mil;mil_precarachide;SEMIS;0.2;0.0;;;;;;;;;;;;;;;;;;;;;;
2019;121;147_001;SSM1-0012;mil;mil_precarachide;TRAVAIL_SOL;6.68;0.0;;;;;;;;;;;;;;;;;;;;;;
2019;258;148_001;SSM1-0012;mil;mil_precarachide;RECOLTE;5.27;0.0;0.2;;;;;;;;;;;;;0.0;0.21;2.26;;;;;;
2019;152;148_001;SSM1-0012;mil;mil_precarachide;SEMIS;0.07;0.0;;;;;;;;;;;;;;;;;;;;;;
2019;121;148_001;SSM1-0012;mil;mil_precarachide;TRAVAIL_SOL;2.26;0.0;;;;;;;;;;;;;;;;;;;;;;
2019;258;149_001;SSM1-0014;mil;mil_precarachide;RECOLTE;16.5;0.0;0.2;;;;;;;;;;;;;0.0;0.21;2.26;;;;;;
2019;152;149_001;SSM1-0014;mil;mil_precarachide;SEMIS;0.21;0.0;;;;;;;;;;;;;;;;;;;;;;
2019;121;149_001;SSM1-0014;mil;mil_precarachide;TRAVAIL_SOL;7.08;0.0;;;;;;;;;;;;;;;;;;;;;;
2019;258;150_001;SSM1-0014;mil;mil_precarachide;RECOLTE;5.38;0.0;0.2;;;;;;;;;;;;;0.0;0.21;2.26;;;;;;
2019;152;150_001;SSM1-0014;mil;mil_precarachide;SEMIS;0.07;0.0;;;;;;;;;;;;;;;;;;;;;;
2019;121;150_001;SSM1-0014;mil;mil_precarachide;TRAVAIL_SOL;2.31;0.0;;;;;;;;;;;;;;;;;;;;;;
2019;258;153_001;SSM1-0014;mil;mil_precarachide;RECOLTE;9.9;0.0;0.2;;;;;;;;;;;;;0.0;0.21;2.26;;;;;;
2019;152;153_001;SSM1-0014;mil;mil_precarachide;SEMIS;0.13;0.0;;;;;;;;;;;;;;;;;;;;;;
2019;121;153_001;SSM1-0014;mil;mil_precarachide;TRAVAIL_SOL;4.25;0.0;;;;;;;;;;;;;;;;;;;;;;
2019;258;154_001;SSM1-0014;mil;mil_precarachide;RECOLTE;0.2;0.0;0.2;;;;;;;;;;;;;0.0;0.21;2.26;;;;;;
2019;152;154_001;SSM1-0014;mil;mil_precarachide;SEMIS;0.0;0.0;;;;;;;;;;;;;;;;;;;;;;
2019;121;154_001;SSM1-0014;mil;mil_precarachide;TRAVAIL_SOL;0.09;0.0;;;;;;;;;;;;;;;;;;;;;;
2019;258;155_001;SSM1-0015;mil;mil_precarachide;RECOLTE;19.63;0.0;0.2;;;;;;;;;;;;;0.0;0.21;2.26;;;;;;
2019;152;155_001;SSM1-0015;mil;mil_precarachide;SEMIS;0.25;0.0;;;;;;;;;;;;;;;;;;;;;;
2019;121;155_001;SSM1-0015;mil;mil_precarachide;TRAVAIL_SOL;8.43;0.0;;;;;;;;;;;;;;;;;;;;;;
2019;258;156_001;SSM1-0015;mil;mil_precarachide;RECOLTE;3.02;0.0;0.2;;;;;;;;;;;;;0.0;0.21;2.26;;;;;;
2019;152;156_001;SSM1-0015;mil;mil_precarachide;SEMIS;0.04;0.0;;;;;;;;;;;;;;;;;;;;;;
2019;121;156_001;SSM1-0015;mil;mil_precarachide;TRAVAIL_SOL;1.3;0.0;;;;;;;;;;;;;;;;;;;;;;
2019;258;157_001;SSM1-0015;mil;mil_precarachide;RECOLTE;21.95;0.0;0.2;;;;;;;;;;;;;0.0;0.21;2.26;;;;;;
2019;152;157_001;SSM1-0015;mil;mil_precarachide;SEMIS;0.28;0.0;;;;;;;;;;;;;;;;;;;;;;
2019;121;157_001;SSM1-0015;mil;mil_precarachide;TRAVAIL_SOL;9.42;0.0;;;;;;;;;;;;;;;;;;;;;;
2019;258;158_001;SSM1-0015;mil;mil_precarachide;RECOLTE;27.42;0.0;0.2;;;;;;;;;;;;;0.0;0.21;2.26;;;;;;
2019;152;158_001;SSM1-0015;mil;mil_precarachide;SEMIS;0.35;0.0;;;;;;;;;;;;;;;;;;;;;;
2019;121;158_001;SSM1-0015;mil;mil_precarachide;TRAVAIL_SOL;11.77;0.0;;;;;;;;;;;;;;;;;;;;;;
2019;258;159_001;SSM1-0016;mil;mil_precarachide;RECOLTE;32.38;0.0;0.2;;;;;;;;;;;;;0.0;0.21;2.26;;;;;;
2019;152;159_001;SSM1-0016;mil;mil_precarachide;SEMIS;0.41;0.0;;;;;;;;;;;;;;;;;;;;;;
2019;121;159_001;SSM1-0016;mil;mil_precarachide;TRAVAIL_SOL;13.9;0.0;;;;;;;;;;;;;;;;;;;;;;
2019;258;160_001;SSM1-0016;mil;mil_precarachide;RECOLTE;0.29;0.0;0.2;;;;;;;;;;;;;0.0;0.21;2.26;;;;;;
2019;152;160_001;SSM1-0016;mil;mil_precarachide;SEMIS;0.0;0.0;;;;;;;;;;;;;;;;;;;;;;
2019;121;160_001;SSM1-0016;mil;mil_precarachide;TRAVAIL_SOL;0.12;0.0;;;;;;;;;;;;;;;;;;;;;;
2019;258;161_001;SSM1-0016;mil;mil_precarachide;RECOLTE;27.23;0.0;0.2;;;;;;;;;;;;;0.0;0.21;2.26;;;;;;
2019;152;161_001;SSM1-0016;mil;mil_precarachide;SEMIS;0.35;0.0;;;;;;;;;;;;;;;;;;;;;;
2019;121;161_001;SSM1-0016;mil;mil_precarachide;TRAVAIL_SOL;11.69;0.0;;;;;;;;;;;;;;;;;;;;;;
2019;258;162_001;SSM1-0016;mil;mil_precarachide;RECOLTE;6.7;0.0;0.2;;;;;;;;;;;;;0.0;0.21;2.26;;;;;;
2019;152;162_001;SSM1-0016;mil;mil_precarachide;SEMIS;0.09;0.0;;;;;;;;;;;;;;;;;;;;;;
2019;121;162_001;SSM1-0016;mil;mil_precarachide;TRAVAIL_SOL;2.87;0.0;;;;;;;;;;;;;;;;;;;;;;
2019;258;163_001;SSM1-0016;mil;mil_precarachide;RECOLTE;9.43;0.0;0.2;;;;;;;;;;;;;0.0;0.21;2.26;;;;;;
2019;152;163_001;SSM1-0016;mil;mil_precarachide;SEMIS;0.12;0.0;;;;;;;;;;;;;;;;;;;;;;
2019;121;163_001;SSM1-0016;mil;mil_precarachide;TRAVAIL_SOL;4.05;0.0;;;;;;;;;;;;;;;;;;;;;;
2019;258;164_001;SSM1-0016;mil;mil_precarachide;RECOLTE;5.72;0.0;0.2;;;;;;;;;;;;;0.0;0.21;2.26;;;;;;
2019;152;164_001;SSM1-0016;mil;mil_precarachide;SEMIS;0.07;0.0;;;;;;;;;;;;;;;;;;;;;;
2019;121;164_001;SSM1-0016;mil;mil_precarachide;TRAVAIL_SOL;2.46;0.0;;;;;;;;;;;;;;;;;;;;;;
2019;258;165_001;SSM1-0016;mil;mil_precarachide;RECOLTE;25.33;0.0;0.2;;;;;;;;;;;;;0.0;0.21;2.26;;;;;;
2019;152;165_001;SSM1-0016;mil;mil_precarachide;SEMIS;0.32;0.0;;;;;;;;;;;;;;;;;;;;;;
2019;121;165_001;SSM1-0016;mil;mil_precarachide;TRAVAIL_SOL;10.87;0.0;;;;;;;;;;;;;;;;;;;;;;
2019;258;166_001;SSM1-0016;mil;mil_precarachide;RECOLTE;4.89;0.0;0.2;;;;;;;;;;;;;0.0;0.21;2.26;;;;;;
2019;152;166_001;SSM1-0016;mil;mil_precarachide;SEMIS;0.06;0.0;;;;;;;;;;;;;;;;;;;;;;
2019;121;166_001;SSM1-0016;mil;mil_precarachide;TRAVAIL_SOL;2.1;0.0;;;;;;;;;;;;;;;;;;;;;;
2019;258;167_001;SSM1-0015;mil;mil_precarachide;RECOLTE;28.06;0.0;0.2;;;;;;;;;;;;;0.0;0.21;2.26;;;;;;
2019;152;167_001;SSM1-0015;mil;mil_precarachide;SEMIS;0.36;0.0;;;;;;;;;;;;;;;;;;;;;;
2019;121;167_001;SSM1-0015;mil;mil_precarachide;TRAVAIL_SOL;12.05;0.0;;;;;;;;;;;;;;;;;;;;;;
2019;258;168_001;SSM1-0015;mil;mil_precarachide;RECOLTE;15.28;0.0;0.2;;;;;;;;;;;;;0.0;0.21;2.26;;;;;;
2019;152;168_001;SSM1-0015;mil;mil_precarachide;SEMIS;0.2;0.0;;;;;;;;;;;;;;;;;;;;;;
2019;121;168_001;SSM1-0015;mil;mil_precarachide;TRAVAIL_SOL;6.56;0.0;;;;;;;;;;;;;;;;;;;;;;
2019;258;169_001;SSM1-0015;mil;mil_precarachide;RECOLTE;12.6;0.0;0.2;;;;;;;;;;;;;0.0;0.21;2.26;;;;;;
2019;152;169_001;SSM1-0015;mil;mil_precarachide;SEMIS;0.16;0.0;;;;;;;;;;;;;;;;;;;;;;
2019;121;169_001;SSM1-0015;mil;mil_precarachide;TRAVAIL_SOL;5.41;0.0;;;;;;;;;;;;;;;;;;;;;;
2019;258;170_001;SSM1-0015;mil;mil_precarachide;RECOLTE;6.2;0.0;0.2;;;;;;;;;;;;;0.0;0.21;2.26;;;;;;
2019;152;170_001;SSM1-0015;mil;mil_precarachide;SEMIS;0.08;0.0;;;;;;;;;;;;;;;;;;;;;;
2019;121;170_001;SSM1-0015;mil;mil_precarachide;TRAVAIL_SOL;2.66;0.0;;;;;;;;;;;;;;;;;;;;;;
2019;258;171_001;SSM1-0015;mil;mil_precarachide;RECOLTE;13.64;0.0;0.2;;;;;;;;;;;;;0.0;0.21;2.26;;;;;;
2019;152;171_001;SSM1-0015;mil;mil_precarachide;SEMIS;0.17;0.0;;;;;;;;;;;;;;;;;;;;;;
2019;121;171_001;SSM1-0015;mil;mil_precarachide;TRAVAIL_SOL;5.85;0.0;;;;;;;;;;;;;;;;;;;;;;
2019;258;172_001;SSM1-0015;mil;mil_precarachide;RECOLTE;13.31;0.0;0.2;;;;;;;;;;;;;0.0;0.21;2.26;;;;;;
2019;152;172_001;SSM1-0015;mil;mil_precarachide;SEMIS;0.17;0.0;;;;;;;;;;;;;;;;;;;;;;
2019;121;172_001;SSM1-0015;mil;mil_precarachide;TRAVAIL_SOL;5.71;0.0;;;;;;;;;;;;;;;;;;;;;;
2019;258;173_001;SSM1-0015;mil;mil_precarachide;RECOLTE;2.91;0.0;0.2;;;;;;;;;;;;;0.0;0.21;2.26;;;;;;
2019;152;173_001;SSM1-0015;mil;mil_precarachide;SEMIS;0.04;0.0;;;;;;;;;;;;;;;;;;;;;;
2019;121;173_001;SSM1-0015;mil;mil_precarachide;TRAVAIL_SOL;1.25;0.0;;;;;;;;;;;;;;;;;;;;;;
2019;258;174_001;SSM1-0015;mil;mil_precarachide;RECOLTE;8.87;0.0;0.2;;;;;;;;;;;;;0.0;0.21;2.26;;;;;;
2019;152;174_001;SSM1-0015;mil;mil_precarachide;SEMIS;0.11;0.0;;;;;;;;;;;;;;;;;;;;;;
2019;121;174_001;SSM1-0015;mil;mil_precarachide;TRAVAIL_SOL;3.81;0.0;;;;;;;;;;;;;;;;;;;;;;
2019;258;175_001;SSM1-0015;mil;mil_precarachide;RECOLTE;4.96;0.0;0.2;;;;;;;;;;;;;0.0;0.21;2.26;;;;;;
2019;152;175_001;SSM1-0015;mil;mil_precarachide;SEMIS;0.06;0.0;;;;;;;;;;;;;;;;;;;;;;
2019;121;175_001;SSM1-0015;mil;mil_precarachide;TRAVAIL_SOL;2.13;0.0;;;;;;;;;;;;;;;;;;;;;;
2019;258;176_001;SSM1-0015;mil;mil_precarachide;RECOLTE;15.05;0.0;0.2;;;;;;;;;;;;;0.0;0.21;2.26;;;;;;
2019;152;176_001;SSM1-0015;mil;mil_precarachide;SEMIS;0.19;0.0;;;;;;;;;;;;;;;;;;;;;;
2019;121;176_001;SSM1-0015;mil;mil_precarachide;TRAVAIL_SOL;6.46;0.0;;;;;;;;;;;;;;;;;;;;;;
2019;258;177_001;SSM1-0015;mil;mil_precarachide;RECOLTE;6.2;0.0;0.2;;;;;;;;;;;;;0.0;0.21;2.26;;;;;;
2019;152;177_001;SSM1-0015;mil;mil_precarachide;SEMIS;0.08;0.0;;;;;;;;;;;;;;;;;;;;;;
2019;121;177_001;SSM1-0015;mil;mil_precarachide;TRAVAIL_SOL;2.66;0.0;;;;;;;;;;;;;;;;;;;;;;
2019;258;178_001;SSM1-0015;mil;mil_precarachide;RECOLTE;21.88;0.0;0.2;;;;;;;;;;;;;0.0;0.21;2.26;;;;;;
2019;152;178_001;SSM1-0015;mil;mil_precarachide;SEMIS;0.28;0.0;;;;;;;;;;;;;;;;;;;;;;
2019;121;178_001;SSM1-0015;mil;mil_precarachide;TRAVAIL_SOL;9.39;0.0;;;;;;;;;;;;;;;;;;;;;;
2019;258;179_001;SSM1-0015;mil;mil_precarachide;RECOLTE;16.36;0.0;0.2;;;;;;;;;;;;;0.0;0.21;2.26;;;;;;
2019;152;179_001;SSM1-0015;mil;mil_precarachide;SEMIS;0.21;0.0;;;;;;;;;;;;;;;;;;;;;;
2019;121;179_001;SSM1-0015;mil;mil_precarachide;TRAVAIL_SOL;7.02;0.0;;;;;;;;;;;;;;;;;;;;;;
2019;258;180_001;SSM1-0016;mil;mil_precarachide;RECOLTE;24.15;0.0;0.2;;;;;;;;;;;;;0.0;0.21;2.26;;;;;;
2019;152;180_001;SSM1-0016;mil;mil_precarachide;SEMIS;0.31;0.0;;;;;;;;;;;;;;;;;;;;;;
2019;121;180_001;SSM1-0016;mil;mil_precarachide;TRAVAIL_SOL;10.37;0.0;;;;;;;;;;;;;;;;;;;;;;
2019;258;181_001;SSM1-0016;mil;mil_precarachide;RECOLTE;3.53;0.0;0.2;;;;;;;;;;;;;0.0;0.21;2.26;;;;;;
2019;152;181_001;SSM1-0016;mil;mil_precarachide;SEMIS;0.05;0.0;;;;;;;;;;;;;;;;;;;;;;
2019;121;181_001;SSM1-0016;mil;mil_precarachide;TRAVAIL_SOL;1.51;0.0;;;;;;;;;;;;;;;;;;;;;;
2019;258;182_001;SSM1-0016;mil;mil_precarachide;RECOLTE;30.21;0.0;0.2;;;;;;;;;;;;;0.0;0.21;2.26;;;;;;
2019;152;182_001;SSM1-0016;mil;mil_precarachide;SEMIS;0.39;0.0;;;;;;;;;;;;;;;;;;;;;;
2019;121;182_001;SSM1-0016;mil;mil_precarachide;TRAVAIL_SOL;12.97;0.0;;;;;;;;;;;;;;;;;;;;;;
2019;258;183_001;SSM1-0016;mil;mil_precarachide;RECOLTE;6.92;0.0;0.2;;;;;;;;;;;;;0.0;0.21;2.26;;;;;;
2019;152;183_001;SSM1-0016;mil;mil_precarachide;SEMIS;0.09;0.0;;;;;;;;;;;;;;;;;;;;;;
2019;121;183_001;SSM1-0016;mil;mil_precarachide;TRAVAIL_SOL;2.97;0.0;;;;;;;;;;;;;;;;;;;;;;
2019;258;184_001;SSM1-0016;mil;mil_precarachide;RECOLTE;2.62;0.0;0.2;;;;;;;;;;;;;0.0;0.21;2.26;;;;;;
2019;152;184_001;SSM1-0016;mil;mil_precarachide;SEMIS;0.03;0.0;;;;;;;;;;;;;;;;;;;;;;
2019;121;184_001;SSM1-0016;mil;mil_precarachide;TRAVAIL_SOL;1.13;0.0;;;;;;;;;;;;;;;;;;;;;;
2019;258;185_001;SSM1-0016;mil;mil_precarachide;RECOLTE;9.74;0.0;0.2;;;;;;;;;;;;;0.0;0.21;2.26;;;;;;
2019;152;185_001;SSM1-0016;mil;mil_precarachide;SEMIS;0.12;0.0;;;;;;;;;;;;;;;;;;;;;;
2019;121;185_001;SSM1-0016;mil;mil_precarachide;TRAVAIL_SOL;4.18;0.0;;;;;;;;;;;;;;;;;;;;;;
2019;258;186_001;SSM1-0017;mil;mil_precarachide;RECOLTE;34.07;0.0;0.2;;;;;;;;;;;;;0.0;0.21;2.26;;;;;;
2019;152;186_001;SSM1-0017;mil;mil_precarachide;SEMIS;0.44;0.0;;;;;;;;;;;;;;;;;;;;;;
2019;121;186_001;SSM1-0017;mil;mil_precarachide;TRAVAIL_SOL;14.63;0.0;;;;;;;;;;;;;;;;;;;;;;
2019;258;187_001;SSM1-0017;mil;mil_precarachide;RECOLTE;3.41;0.0;0.2;;;;;;;;;;;;;0.0;0.21;2.26;;;;;;
2019;152;187_001;SSM1-0017;mil;mil_precarachide;SEMIS;0.04;0.0;;;;;;;;;;;;;;;;;;;;;;
2019;121;187_001;SSM1-0017;mil;mil_precarachide;TRAVAIL_SOL;1.46;0.0;;;;;;;;;;;;;;;;;;;;;;
2019;258;188_001;SSM1-0017;mil;mil_precarachide;RECOLTE;49.24;0.0;0.2;;;;;;;;;;;;;0.0;0.21;2.26;;;;;;
2019;152;188_001;SSM1-0017;mil;mil_precarachide;SEMIS;0.63;0.0;;;;;;;;;;;;;;;;;;;;;;
2019;121;188_001;SSM1-0017;mil;mil_precarachide;TRAVAIL_SOL;21.14;0.0;;;;;;;;;;;;;;;;;;;;;;
2019;258;189_001;SSM1-0017;mil;mil_precarachide;RECOLTE;34.08;0.0;0.2;;;;;;;;;;;;;0.0;0.21;2.26;;;;;;
2019;152;189_001;SSM1-0017;mil;mil_precarachide;SEMIS;0.44;0.0;;;;;;;;;;;;;;;;;;;;;;
2019;121;189_001;SSM1-0017;mil;mil_precarachide;TRAVAIL_SOL;14.63;0.0;;;;;;;;;;;;;;;;;;;;;;
2019;258;190_001;SSM1-0017;mil;mil_precarachide;RECOLTE;10.4;0.0;0.2;;;;;;;;;;;;;0.0;0.21;2.26;;;;;;
2019;152;190_001;SSM1-0017;mil;mil_precarachide;SEMIS;0.13;0.0;;;;;;;;;;;;;;;;;;;;;;
2019;121;190_001;SSM1-0017;mil;mil_precarachide;TRAVAIL_SOL;4.46;0.0;;;;;;;;;;;;;;;;;;;;;;
2019;258;191_001;SSM1-0017;mil;mil_precarachide;RECOLTE;10.29;0.0;0.2;;;;;;;;;;;;;0.0;0.21;2.26;;;;;;
2019;152;191_001;SSM1-0017;mil;mil_precarachide;SEMIS;0.13;0.0;;;;;;;;;;;;;;;;;;;;;;
2019;121;191_001;SSM1-0017;mil;mil_precarachide;TRAVAIL_SOL;4.42;0.0;;;;;;;;;;;;;;;;;;;;;;
2019;258;192_001;SSM1-0017;mil;mil_precarachide;RECOLTE;11.18;0.0;0.2;;;;;;;;;;;;;0.0;0.21;2.26;;;;;;
2019;152;192_001;SSM1-0017;mil;mil_precarachide;SEMIS;0.14;0.0;;;;;;;;;;;;;;;;;;;;;;
2019;121;192_001;SSM1-0017;mil;mil_precarachide;TRAVAIL_SOL;4.8;0.0;;;;;;;;;;;;;;;;;;;;;;
2019;258;193_001;SSM1-0017;mil;mil_precarachide;RECOLTE;4.24;0.0;0.2;;;;;;;;;;;;;0.0;0.21;2.26;;;;;;
2019;152;193_001;SSM1-0017;mil;mil_precarachide;SEMIS;0.05;0.0;;;;;;;;;;;;;;;;;;;;;;
2019;121;193_001;SSM1-0017;mil;mil_precarachide;TRAVAIL_SOL;1.82;0.0;;;;;;;;;;;;;;;;;;;;;;
2019;258;194_001;SSM1-0017;mil;mil_precarachide;RECOLTE;18.84;0.0;0.2;;;;;;;;;;;;;0.0;0.21;2.26;;;;;;
2019;152;194_001;SSM1-0017;mil;mil_precarachide;SEMIS;0.24;0.0;;;;;;;;;;;;;;;;;;;;;;
2019;121;194_001;SSM1-0017;mil;mil_precarachide;TRAVAIL_SOL;8.09;0.0;;;;;;;;;;;;;;;;;;;;;;
2019;258;195_001;SSM1-0011;mil;mil_precarachide;RECOLTE;7.08;0.0;0.2;;;;;;;;;;;;;0.0;0.21;2.26;;;;;;
2019;152;195_001;SSM1-0011;mil;mil_precarachide;SEMIS;0.09;0.0;;;;;;;;;;;;;;;;;;;;;;
2019;121;195_001;SSM1-0011;mil;mil_precarachide;TRAVAIL_SOL;3.04;0.0;;;;;;;;;;;;;;;;;;;;;;
2019;258;196_001;SSM1-0011;mil;mil_precarachide;RECOLTE;17.41;0.0;0.2;;;;;;;;;;;;;0.0;0.21;2.26;;;;;;
2019;152;196_001;SSM1-0011;mil;mil_precarachide;SEMIS;0.22;0.0;;;;;;;;;;;;;;;;;;;;;;
2019;121;196_001;SSM1-0011;mil;mil_precarachide;TRAVAIL_SOL;7.47;0.0;;;;;;;;;;;;;;;;;;;;;;
2019;258;197_001;SSM1-0011;mil;mil_precarachide;RECOLTE;70.02;0.0;0.2;;;;;;;;;;;;;0.0;0.21;2.26;;;;;;
2019;152;197_001;SSM1-0011;mil;mil_precarachide;SEMIS;0.9;0.0;;;;;;;;;;;;;;;;;;;;;;
2019;121;197_001;SSM1-0011;mil;mil_precarachide;TRAVAIL_SOL;30.06;0.0;;;;;;;;;;;;;;;;;;;;;;
2019;258;198_001;SSM1-0011;mil;mil_precarachide;RECOLTE;8.88;0.0;0.2;;;;;;;;;;;;;0.0;0.21;2.26;;;;;;
2019;152;198_001;SSM1-0011;mil;mil_precarachide;SEMIS;0.11;0.0;;;;;;;;;;;;;;;;;;;;;;
2019;121;198_001;SSM1-0011;mil;mil_precarachide;TRAVAIL_SOL;3.81;0.0;;;;;;;;;;;;;;;;;;;;;;
2019;258;199_001;SSM1-0011;mil;mil_precarachide;RECOLTE;47.0;0.0;0.2;;;;;;;;;;;;;0.0;0.21;2.26;;;;;;
2019;152;199_001;SSM1-0011;mil;mil_precarachide;SEMIS;0.6;0.0;;;;;;;;;;;;;;;;;;;;;;
2019;121;199_001;SSM1-0011;mil;mil_precarachide;TRAVAIL_SOL;20.18;0.0;;;;;;;;;;;;;;;;;;;;;;
2019;258;200_001;SSM1-0011;mil;mil_precarachide;RECOLTE;3.68;0.0;0.2;;;;;;;;;;;;;0.0;0.21;2.26;;;;;;
2019;152;200_001;SSM1-0011;mil;mil_precarachide;SEMIS;0.05;0.0;;;;;;;;;;;;;;;;;;;;;;
2019;121;200_001;SSM1-0011;mil;mil_precarachide;TRAVAIL_SOL;1.58;0.0;;;;;;;;;;;;;;;;;;;;;;
2019;258;201_001;SSM1-0011;mil;mil_precarachide;RECOLTE;20.17;0.0;0.2;;;;;;;;;;;;;0.0;0.21;2.26;;;;;;
2019;152;201_001;SSM1-0011;mil;mil_precarachide;SEMIS;0.26;0.0;;;;;;;;;;;;;;;;;;;;;;
2019;121;201_001;SSM1-0011;mil;mil_precarachide;TRAVAIL_SOL;8.66;0.0;;;;;;;;;;;;;;;;;;;;;;
2019;258;202_001;SSM1-0011;mil;mil_precarachide;RECOLTE;13.83;0.0;0.2;;;;;;;;;;;;;0.0;0.21;2.26;;;;;;
2019;152;202_001;SSM1-0011;mil;mil_precarachide;SEMIS;0.18;0.0;;;;;;;;;;;;;;;;;;;;;;
2019;121;202_001;SSM1-0011;mil;mil_precarachide;TRAVAIL_SOL;5.94;0.0;;;;;;;;;;;;;;;;;;;;;;
2019;258;203_001;SSM1-0011;mil;mil_precarachide;RECOLTE;0.39;0.0;0.2;;;;;;;;;;;;;0.0;0.21;2.26;;;;;;
2019;152;203_001;SSM1-0011;mil;mil_precarachide;SEMIS;0.01;0.0;;;;;;;;;;;;;;;;;;;;;;
2019;121;203_001;SSM1-0011;mil;mil_precarachide;TRAVAIL_SOL;0.17;0.0;;;;;;;;;;;;;;;;;;;;;;
2019;258;204_001;SSM1-0018;mil;mil_precarachide;RECOLTE;7.0;0.0;0.2;;;;;;;;;;;;;0.0;0.21;2.26;;;;;;
2019;152;204_001;SSM1-0018;mil;mil_precarachide;SEMIS;0.09;0.0;;;;;;;;;;;;;;;;;;;;;;
2019;121;204_001;SSM1-0018;mil;mil_precarachide;TRAVAIL_SOL;3.0;0.0;;;;;;;;;;;;;;;;;;;;;;
2019;258;205_001;SSM1-0018;mil;mil_precarachide;RECOLTE;12.95;0.0;0.2;;;;;;;;;;;;;0.0;0.21;2.26;;;;;;
2019;152;205_001;SSM1-0018;mil;mil_precarachide;SEMIS;0.17;0.0;;;;;;;;;;;;;;;;;;;;;;
2019;121;205_001;SSM1-0018;mil;mil_precarachide;TRAVAIL_SOL;5.56;0.0;;;;;;;;;;;;;;;;;;;;;;
2019;258;206_001;SSM1-0018;mil;mil_precarachide;RECOLTE;6.94;0.0;0.2;;;;;;;;;;;;;0.0;0.21;2.26;;;;;;
2019;152;206_001;SSM1-0018;mil;mil_precarachide;SEMIS;0.09;0.0;;;;;;;;;;;;;;;;;;;;;;
2019;121;206_001;SSM1-0018;mil;mil_precarachide;TRAVAIL_SOL;2.98;0.0;;;;;;;;;;;;;;;;;;;;;;
2019;258;207_001;SSM1-0018;mil;mil_precarachide;RECOLTE;11.3;0.0;0.2;;;;;;;;;;;;;0.0;0.21;2.26;;;;;;
2019;152;207_001;SSM1-0018;mil;mil_precarachide;SEMIS;0.14;0.0;;;;;;;;;;;;;;;;;;;;;;
2019;121;207_001;SSM1-0018;mil;mil_precarachide;TRAVAIL_SOL;4.85;0.0;;;;;;;;;;;;;;;;;;;;;;
2019;258;208_001;SSM1-0019;mil;mil_precarachide;RECOLTE;10.81;0.0;0.2;;;;;;;;;;;;;0.0;0.21;2.26;;;;;;
2019;152;208_001;SSM1-0019;mil;mil_precarachide;SEMIS;0.14;0.0;;;;;;;;;;;;;;;;;;;;;;
2019;121;208_001;SSM1-0019;mil;mil_precarachide;TRAVAIL_SOL;4.64;0.0;;;;;;;;;;;;;;;;;;;;;;
2019;258;209_001;SSM1-0019;mil;mil_precarachide;RECOLTE;12.04;0.0;0.2;;;;;;;;;;;;;0.0;0.21;2.26;;;;;;
2019;152;209_001;SSM1-0019;mil;mil_precarachide;SEMIS;0.15;0.0;;;;;;;;;;;;;;;;;;;;;;
2019;121;209_001;SSM1-0019;mil;mil_precarachide;TRAVAIL_SOL;5.17;0.0;;;;;;;;;;;;;;;;;;;;;;
2019;258;210_001;SSM1-0019;mil;mil_precarachide;RECOLTE;15.94;0.0;0.2;;;;;;;;;;;;;0.0;0.21;2.26;;;;;;
2019;152;210_001;SSM1-0019;mil;mil_precarachide;SEMIS;0.2;0.0;;;;;;;;;;;;;;;;;;;;;;
2019;121;210_001;SSM1-0019;mil;mil_precarachide;TRAVAIL_SOL;6.84;0.0;;;;;;;;;;;;;;;;;;;;;;
2019;258;211_001;SSM1-0019;mil;mil_precarachide;RECOLTE;7.55;0.0;0.2;;;;;;;;;;;;;0.0;0.21;2.26;;;;;;
2019;152;211_001;SSM1-0019;mil;mil_precarachide;SEMIS;0.1;0.0;;;;;;;;;;;;;;;;;;;;;;
2019;121;211_001;SSM1-0019;mil;mil_precarachide;TRAVAIL_SOL;3.24;0.0;;;;;;;;;;;;;;;;;;;;;;
2019;258;212_001;SSM1-0019;mil;mil_precarachide;RECOLTE;35.89;0.0;0.2;;;;;;;;;;;;;0.0;0.21;2.26;;;;;;
2019;152;212_001;SSM1-0019;mil;mil_precarachide;SEMIS;0.46;0.0;;;;;;;;;;;;;;;;;;;;;;
2019;121;212_001;SSM1-0019;mil;mil_precarachide;TRAVAIL_SOL;15.4;0.0;;;;;;;;;;;;;;;;;;;;;;
2019;258;213_001;SSM1-0019;mil;mil_precarachide;RECOLTE;6.02;0.0;0.2;;;;;;;;;;;;;0.0;0.21;2.26;;;;;;
2019;152;213_001;SSM1-0019;mil;mil_precarachide;SEMIS;0.08;0.0;;;;;;;;;;;;;;;;;;;;;;
2019;121;213_001;SSM1-0019;mil;mil_precarachide;TRAVAIL_SOL;2.58;0.0;;;;;;;;;;;;;;;;;;;;;;
2019;258;214_001;SSM1-0019;mil;mil_precarachide;RECOLTE;21.91;0.0;0.2;;;;;;;;;;;;;0.0;0.21;2.26;;;;;;
2019;152;214_001;SSM1-0019;mil;mil_precarachide;SEMIS;0.28;0.0;;;;;;;;;;;;;;;;;;;;;;
2019;121;214_001;SSM1-0019;mil;mil_precarachide;TRAVAIL_SOL;9.41;0.0;;;;;;;;;;;;;;;;;;;;;;
2019;258;215_001;SSM1-0019;mil;mil_precarachide;RECOLTE;12.74;0.0;0.2;;;;;;;;;;;;;0.0;0.21;2.26;;;;;;
2019;152;215_001;SSM1-0019;mil;mil_precarachide;SEMIS;0.16;0.0;;;;;;;;;;;;;;;;;;;;;;
2019;121;215_001;SSM1-0019;mil;mil_precarachide;TRAVAIL_SOL;5.47;0.0;;;;;;;;;;;;;;;;;;;;;;
2019;258;216_001;SSM1-0019;mil;mil_precarachide;RECOLTE;27.6;0.0;0.2;;;;;;;;;;;;;0.0;0.21;2.26;;;;;;
2019;152;216_001;SSM1-0019;mil;mil_precarachide;SEMIS;0.35;0.0;;;;;;;;;;;;;;;;;;;;;;
2019;121;216_001;SSM1-0019;mil;mil_precarachide;TRAVAIL_SOL;11.85;0.0;;;;;;;;;;;;;;;;;;;;;;
2019;258;217_001;SSM1-0019;mil;mil_precarachide;RECOLTE;22.61;0.0;0.2;;;;;;;;;;;;;0.0;0.21;2.26;;;;;;
2019;152;217_001;SSM1-0019;mil;mil_precarachide;SEMIS;0.29;0.0;;;;;;;;;;;;;;;;;;;;;;
2019;121;217_001;SSM1-0019;mil;mil_precarachide;TRAVAIL_SOL;9.7;0.0;;;;;;;;;;;;;;;;;;;;;;
2019;258;218_001;SSM1-0019;mil;mil_precarachide;RECOLTE;71.98;0.0;0.2;;;;;;;;;;;;;0.0;0.21;2.26;;;;;;
2019;152;218_001;SSM1-0019;mil;mil_precarachide;SEMIS;0.92;0.0;;;;;;;;;;;;;;;;;;;;;;
2019;121;218_001;SSM1-0019;mil;mil_precarachide;TRAVAIL_SOL;30.9;0.0;;;;;;;;;;;;;;;;;;;;;;
2019;258;219_001;SSM1-0019;mil;mil_precarachide;RECOLTE;20.53;0.0;0.2;;;;;;;;;;;;;0.0;0.21;2.26;;;;;;
2019;152;219_001;SSM1-0019;mil;mil_precarachide;SEMIS;0.26;0.0;;;;;;;;;;;;;;;;;;;;;;
2019;121;219_001;SSM1-0019;mil;mil_precarachide;TRAVAIL_SOL;8.81;0.0;;;;;;;;;;;;;;;;;;;;;;
2019;258;220_001;SSM1-0019;mil;mil_precarachide;RECOLTE;17.86;0.0;0.2;;;;;;;;;;;;;0.0;0.21;2.26;;;;;;
2019;152;220_001;SSM1-0019;mil;mil_precarachide;SEMIS;0.23;0.0;;;;;;;;;;;;;;;;;;;;;;
2019;121;220_001;SSM1-0019;mil;mil_precarachide;TRAVAIL_SOL;7.67;0.0;;;;;;;;;;;;;;;;;;;;;;
2019;258;221_001;SSM1-0019;mil;mil_precarachide;RECOLTE;5.85;0.0;0.2;;;;;;;;;;;;;0.0;0.21;2.26;;;;;;
2019;152;221_001;SSM1-0019;mil;mil_precarachide;SEMIS;0.07;0.0;;;;;;;;;;;;;;;;;;;;;;
2019;121;221_001;SSM1-0019;mil;mil_precarachide;TRAVAIL_SOL;2.51;0.0;;;;;;;;;;;;;;;;;;;;;;
2019;258;222_001;SSM1-0019;mil;mil_precarachide;RECOLTE;45.23;0.0;0.2;;;;;;;;;;;;;0.0;0.21;2.26;;;;;;
2019;152;222_001;SSM1-0019;mil;mil_precarachide;SEMIS;0.58;0.0;;;;;;;;;;;;;;;;;;;;;;
2019;121;222_001;SSM1-0019;mil;mil_precarachide;TRAVAIL_SOL;19.41;0.0;;;;;;;;;;;;;;;;;;;;;;
2019;258;223_001;SSM1-0019;mil;mil_precarachide;RECOLTE;2.97;0.0;0.2;;;;;;;;;;;;;0.0;0.21;2.26;;;;;;
2019;152;223_001;SSM1-0019;mil;mil_precarachide;SEMIS;0.04;0.0;;;;;;;;;;;;;;;;;;;;;;
2019;121;223_001;SSM1-0019;mil;mil_precarachide;TRAVAIL_SOL;1.28;0.0;;;;;;;;;;;;;;;;;;;;;;
2019;258;224_001;SSM1-0019;mil;mil_precarachide;RECOLTE;7.8;0.0;0.2;;;;;;;;;;;;;0.0;0.21;2.26;;;;;;
2019;152;224_001;SSM1-0019;mil;mil_precarachide;SEMIS;0.1;0.0;;;;;;;;;;;;;;;;;;;;;;
2019;121;224_001;SSM1-0019;mil;mil_precarachide;TRAVAIL_SOL;3.35;0.0;;;;;;;;;;;;;;;;;;;;;;
2019;258;225_001;SSM1-0019;mil;mil_precarachide;RECOLTE;14.82;0.0;0.2;;;;;;;;;;;;;0.0;0.21;2.26;;;;;;
2019;152;225_001;SSM1-0019;mil;mil_precarachide;SEMIS;0.19;0.0;;;;;;;;;;;;;;;;;;;;;;
2019;121;225_001;SSM1-0019;mil;mil_precarachide;TRAVAIL_SOL;6.36;0.0;;;;;;;;;;;;;;;;;;;;;;
2019;258;226_001;SSM1-0019;mil;mil_precarachide;RECOLTE;36.1;0.0;0.2;;;;;;;;;;;;;0.0;0.21;2.26;;;;;;
2019;152;226_001;SSM1-0019;mil;mil_precarachide;SEMIS;0.46;0.0;;;;;;;;;;;;;;;;;;;;;;
2019;121;226_001;SSM1-0019;mil;mil_precarachide;TRAVAIL_SOL;15.5;0.0;;;;;;;;;;;;;;;;;;;;;;
2019;258;227_001;SSM1-0019;mil;mil_precarachide;RECOLTE;31.03;0.0;0.2;;;;;;;;;;;;;0.0;0.21;2.26;;;;;;
2019;152;227_001;SSM1-0019;mil;mil_precarachide;SEMIS;0.4;0.0;;;;;;;;;;;;;;;;;;;;;;
2019;121;227_001;SSM1-0019;mil;mil_precarachide;TRAVAIL_SOL;13.32;0.0;;;;;;;;;;;;;;;;;;;;;;
2019;258;228_001;SSM1-0017;mil;mil_precarachide;RECOLTE;87.16;0.0;0.2;;;;;;;;;;;;;0.0;0.21;2.26;;;;;;
2019;152;228_001;SSM1-0017;mil;mil_precarachide;SEMIS;1.11;0.0;;;;;;;;;;;;;;;;;;;;;;
2019;121;228_001;SSM1-0017;mil;mil_precarachide;TRAVAIL_SOL;37.41;0.0;;;;;;;;;;;;;;;;;;;;;;
2019;258;229_001;SSM1-0017;mil;mil_precarachide;RECOLTE;20.44;0.0;0.2;;;;;;;;;;;;;0.0;0.21;2.26;;;;;;
2019;152;229_001;SSM1-0017;mil;mil_precarachide;SEMIS;0.26;0.0;;;;;;;;;;;;;;;;;;;;;;
2019;121;229_001;SSM1-0017;mil;mil_precarachide;TRAVAIL_SOL;8.77;0.0;;;;;;;;;;;;;;;;;;;;;;
2019;258;230_001;SSM1-0017;mil;mil_precarachide;RECOLTE;21.07;0.0;0.2;;;;;;;;;;;;;0.0;0.21;2.26;;;;;;
2019;152;230_001;SSM1-0017;mil;mil_precarachide;SEMIS;0.27;0.0;;;;;;;;;;;;;;;;;;;;;;
2019;121;230_001;SSM1-0017;mil;mil_precarachide;TRAVAIL_SOL;9.05;0.0;;;;;;;;;;;;;;;;;;;;;;
2019;258;231_001;SSM1-0017;mil;mil_precarachide;RECOLTE;8.57;0.0;0.2;;;;;;;;;;;;;0.0;0.21;2.26;;;;;;
2019;152;231_001;SSM1-0017;mil;mil_precarachide;SEMIS;0.11;0.0;;;;;;;;;;;;;;;;;;;;;;
2019;121;231_001;SSM1-0017;mil;mil_precarachide;TRAVAIL_SOL;3.68;0.0;;;;;;;;;;;;;;;;;;;;;;
2019;258;232_001;SSM1-0017;mil;mil_precarachide;RECOLTE;35.33;0.0;0.2;;;;;;;;;;;;;0.0;0.21;2.26;;;;;;
2019;152;232_001;SSM1-0017;mil;mil_precarachide;SEMIS;0.45;0.0;;;;;;;;;;;;;;;;;;;;;;
2019;121;232_001;SSM1-0017;mil;mil_precarachide;TRAVAIL_SOL;15.17;0.0;;;;;;;;;;;;;;;;;;;;;;
2019;258;233_001;SSM1-0017;mil;mil_precarachide;RECOLTE;3.96;0.0;0.2;;;;;;;;;;;;;0.0;0.21;2.26;;;;;;
2019;152;233_001;SSM1-0017;mil;mil_precarachide;SEMIS;0.05;0.0;;;;;;;;;;;;;;;;;;;;;;
2019;121;233_001;SSM1-0017;mil;mil_precarachide;TRAVAIL_SOL;1.7;0.0;;;;;;;;;;;;;;;;;;;;;;
2019;258;234_001;SSM1-0020;mil;mil_precarachide;RECOLTE;4.86;0.0;0.2;;;;;;;;;;;;;0.0;0.21;2.26;;;;;;
2019;152;234_001;SSM1-0020;mil;mil_precarachide;SEMIS;0.06;0.0;;;;;;;;;;;;;;;;;;;;;;
2019;121;234_001;SSM1-0020;mil;mil_precarachide;TRAVAIL_SOL;2.09;0.0;;;;;;;;;;;;;;;;;;;;;;
2019;258;235_001;SSM1-0020;mil;mil_precarachide;RECOLTE;0.85;0.0;0.2;;;;;;;;;;;;;0.0;0.21;2.26;;;;;;
2019;152;235_001;SSM1-0020;mil;mil_precarachide;SEMIS;0.01;0.0;;;;;;;;;;;;;;;;;;;;;;
2019;121;235_001;SSM1-0020;mil;mil_precarachide;TRAVAIL_SOL;0.37;0.0;;;;;;;;;;;;;;;;;;;;;;
2019;258;236_001;SSM1-0020;mil;mil_precarachide;RECOLTE;19.54;0.0;0.2;;;;;;;;;;;;;0.0;0.21;2.26;;;;;;
2019;152;236_001;SSM1-0020;mil;mil_precarachide;SEMIS;0.25;0.0;;;;;;;;;;;;;;;;;;;;;;
2019;121;236_001;SSM1-0020;mil;mil_precarachide;TRAVAIL_SOL;8.39;0.0;;;;;;;;;;;;;;;;;;;;;;
2019;258;237_001;SSM1-0020;mil;mil_precarachide;RECOLTE;17.33;0.0;0.2;;;;;;;;;;;;;0.0;0.21;2.26;;;;;;
2019;152;237_001;SSM1-0020;mil;mil_precarachide;SEMIS;0.22;0.0;;;;;;;;;;;;;;;;;;;;;;
2019;121;237_001;SSM1-0020;mil;mil_precarachide;TRAVAIL_SOL;7.44;0.0;;;;;;;;;;;;;;;;;;;;;;
2019;258;238_001;SSM1-0020;mil;mil_precarachide;RECOLTE;11.24;0.0;0.2;;;;;;;;;;;;;0.0;0.21;2.26;;;;;;
2019;152;238_001;SSM1-0020;mil;mil_precarachide;SEMIS;0.14;0.0;;;;;;;;;;;;;;;;;;;;;;
2019;121;238_001;SSM1-0020;mil;mil_precarachide;TRAVAIL_SOL;4.82;0.0;;;;;;;;;;;;;;;;;;;;;;
2019;258;239_001;SSM1-0020;mil;mil_precarachide;RECOLTE;9.39;0.0;0.2;;;;;;;;;;;;;0.0;0.21;2.26;;;;;;
2019;152;239_001;SSM1-0020;mil;mil_precarachide;SEMIS;0.12;0.0;;;;;;;;;;;;;;;;;;;;;;
2019;121;239_001;SSM1-0020;mil;mil_precarachide;TRAVAIL_SOL;4.03;0.0;;;;;;;;;;;;;;;;;;;;;;
2019;258;240_001;SSM1-0020;mil;mil_precarachide;RECOLTE;16.99;0.0;0.2;;;;;;;;;;;;;0.0;0.21;2.26;;;;;;
2019;152;240_001;SSM1-0020;mil;mil_precarachide;SEMIS;0.22;0.0;;;;;;;;;;;;;;;;;;;;;;
2019;121;240_001;SSM1-0020;mil;mil_precarachide;TRAVAIL_SOL;7.29;0.0;;;;;;;;;;;;;;;;;;;;;;
2019;258;241_001;SSM1-0020;mil;mil_precarachide;RECOLTE;8.95;0.0;0.2;;;;;;;;;;;;;0.0;0.21;2.26;;;;;;
2019;152;241_001;SSM1-0020;mil;mil_precarachide;SEMIS;0.11;0.0;;;;;;;;;;;;;;;;;;;;;;
2019;121;241_001;SSM1-0020;mil;mil_precarachide;TRAVAIL_SOL;3.84;0.0;;;;;;;;;;;;;;;;;;;;;;
2019;258;242_001;SSM1-0020;mil;mil_precarachide;RECOLTE;19.68;0.0;0.2;;;;;;;;;;;;;0.0;0.21;2.26;;;;;;
2019;152;242_001;SSM1-0020;mil;mil_precarachide;SEMIS;0.25;0.0;;;;;;;;;;;;;;;;;;;;;;
2019;121;242_001;SSM1-0020;mil;mil_precarachide;TRAVAIL_SOL;8.45;0.0;;;;;;;;;;;;;;;;;;;;;;
2019;258;243_001;SSM1-0020;mil;mil_precarachide;RECOLTE;5.22;0.0;0.2;;;;;;;;;;;;;0.0;0.21;2.26;;;;;;
2019;152;243_001;SSM1-0020;mil;mil_precarachide;SEMIS;0.07;0.0;;;;;;;;;;;;;;;;;;;;;;
2019;121;243_001;SSM1-0020;mil;mil_precarachide;TRAVAIL_SOL;2.24;0.0;;;;;;;;;;;;;;;;;;;;;;
2019;258;244_001;SSM1-0020;mil;mil_precarachide;RECOLTE;14.58;0.0;0.2;;;;;;;;;;;;;0.0;0.21;2.26;;;;;;
2019;152;244_001;SSM1-0020;mil;mil_precarachide;SEMIS;0.19;0.0;;;;;;;;;;;;;;;;;;;;;;
2019;121;244_001;SSM1-0020;mil;mil_precarachide;TRAVAIL_SOL;6.26;0.0;;;;;;;;;;;;;;;;;;;;;;
2019;258;245_001;SSM1-0020;mil;mil_precarachide;RECOLTE;21.17;0.0;0.2;;;;;;;;;;;;;0.0;0.21;2.26;;;;;;
2019;152;245_001;SSM1-0020;mil;mil_precarachide;SEMIS;0.27;0.0;;;;;;;;;;;;;;;;;;;;;;
2019;121;245_001;SSM1-0020;mil;mil_precarachide;TRAVAIL_SOL;9.09;0.0;;;;;;;;;;;;;;;;;;;;;;
2019;258;246_001;SSM1-0020;mil;mil_precarachide;RECOLTE;29.56;0.0;0.2;;;;;;;;;;;;;0.0;0.21;2.26;;;;;;
2019;152;246_001;SSM1-0020;mil;mil_precarachide;SEMIS;0.38;0.0;;;;;;;;;;;;;;;;;;;;;;
2019;121;246_001;SSM1-0020;mil;mil_precarachide;TRAVAIL_SOL;12.69;0.0;;;;;;;;;;;;;;;;;;;;;;
2019;258;247_001;SSM1-0020;mil;mil_precarachide;RECOLTE;7.02;0.0;0.2;;;;;;;;;;;;;0.0;0.21;2.26;;;;;;
2019;152;247_001;SSM1-0020;mil;mil_precarachide;SEMIS;0.09;0.0;;;;;;;;;;;;;;;;;;;;;;
2019;121;247_001;SSM1-0020;mil;mil_precarachide;TRAVAIL_SOL;3.01;0.0;;;;;;;;;;;;;;;;;;;;;;
2019;258;248_001;SSM1-0020;mil;mil_precarachide;RECOLTE;29.81;0.0;0.2;;;;;;;;;;;;;0.0;0.21;2.26;;;;;;
2019;152;248_001;SSM1-0020;mil;mil_precarachide;SEMIS;0.38;0.0;;;;;;;;;;;;;;;;;;;;;;
2019;121;248_001;SSM1-0020;mil;mil_precarachide;TRAVAIL_SOL;12.8;0.0;;;;;;;;;;;;;;;;;;;;;;
2019;258;249_001;SSM1-0020;mil;mil_precarachide;RECOLTE;9.31;0.0;0.2;;;;;;;;;;;;;0.0;0.21;2.26;;;;;;
2019;152;249_001;SSM1-0020;mil;mil_precarachide;SEMIS;0.12;0.0;;;;;;;;;;;;;;;;;;;;;;
2019;121;249_001;SSM1-0020;mil;mil_precarachide;TRAVAIL_SOL;4.0;0.0;;;;;;;;;;;;;;;;;;;;;;
2019;258;250_001;SSM1-0020;mil;mil_precarachide;RECOLTE;26.12;0.0;0.2;;;;;;;;;;;;;0.0;0.21;2.26;;;;;;
2019;152;250_001;SSM1-0020;mil;mil_precarachide;SEMIS;0.33;0.0;;;;;;;;;;;;;;;;;;;;;;
2019;121;250_001;SSM1-0020;mil;mil_precarachide;TRAVAIL_SOL;11.21;0.0;;;;;;;;;;;;;;;;;;;;;;
2019;258;251_001;SSM1-0020;mil;mil_precarachide;RECOLTE;1.67;0.0;0.2;;;;;;;;;;;;;0.0;0.21;2.26;;;;;;
2019;152;251_001;SSM1-0020;mil;mil_precarachide;SEMIS;0.02;0.0;;;;;;;;;;;;;;;;;;;;;;
2019;121;251_001;SSM1-0020;mil;mil_precarachide;TRAVAIL_SOL;0.72;0.0;;;;;;;;;;;;;;;;;;;;;;
2019;258;252_001;SSM1-0020;mil;mil_precarachide;RECOLTE;32.42;0.0;0.2;;;;;;;;;;;;;0.0;0.21;2.26;;;;;;
2019;152;252_001;SSM1-0020;mil;mil_precarachide;SEMIS;0.41;0.0;;;;;;;;;;;;;;;;;;;;;;
2019;121;252_001;SSM1-0020;mil;mil_precarachide;TRAVAIL_SOL;13.92;0.0;;;;;;;;;;;;;;;;;;;;;;
2019;258;253_001;SSM1-0020;mil;mil_precarachide;RECOLTE;5.06;0.0;0.2;;;;;;;;;;;;;0.0;0.21;2.26;;;;;;
2019;152;253_001;SSM1-0020;mil;mil_precarachide;SEMIS;0.06;0.0;;;;;;;;;;;;;;;;;;;;;;
2019;121;253_001;SSM1-0020;mil;mil_precarachide;TRAVAIL_SOL;2.17;0.0;;;;;;;;;;;;;;;;;;;;;;
2019;258;255_001;SSM1-0021;mil;mil_precarachide;RECOLTE;3.96;0.0;0.2;;;;;;;;;;;;;0.0;0.21;2.26;;;;;;
2019;152;255_001;SSM1-0021;mil;mil_precarachide;SEMIS;0.05;0.0;;;;;;;;;;;;;;;;;;;;;;
2019;121;255_001;SSM1-0021;mil;mil_precarachide;TRAVAIL_SOL;1.7;0.0;;;;;;;;;;;;;;;;;;;;;;
2019;258;256_001;SSM1-0021;mil;mil_precarachide;RECOLTE;26.52;0.0;0.2;;;;;;;;;;;;;0.0;0.21;2.26;;;;;;
2019;152;256_001;SSM1-0021;mil;mil_precarachide;SEMIS;0.34;0.0;;;;;;;;;;;;;;;;;;;;;;
2019;121;256_001;SSM1-0021;mil;mil_precarachide;TRAVAIL_SOL;11.38;0.0;;;;;;;;;;;;;;;;;;;;;;
2019;258;257_001;SSM1-0021;mil;mil_precarachide;RECOLTE;35.16;0.0;0.2;;;;;;;;;;;;;0.0;0.21;2.26;;;;;;
2019;152;257_001;SSM1-0021;mil;mil_precarachide;SEMIS;0.45;0.0;;;;;;;;;;;;;;;;;;;;;;
2019;121;257_001;SSM1-0021;mil;mil_precarachide;TRAVAIL_SOL;15.09;0.0;;;;;;;;;;;;;;;;;;;;;;
2019;258;258_001;SSM1-0021;mil;mil_precarachide;RECOLTE;9.95;0.0;0.2;;;;;;;;;;;;;0.0;0.21;2.26;;;;;;
2019;152;258_001;SSM1-0021;mil;mil_precarachide;SEMIS;0.13;0.0;;;;;;;;;;;;;;;;;;;;;;
2019;121;258_001;SSM1-0021;mil;mil_precarachide;TRAVAIL_SOL;4.27;0.0;;;;;;;;;;;;;;;;;;;;;;
2019;258;259_001;SSM1-0004;mil;mil_precarachide;RECOLTE;31.83;0.0;0.2;;;;;;;;;;;;;0.0;0.21;2.26;;;;;;
2019;152;259_001;SSM1-0004;mil;mil_precarachide;SEMIS;0.41;0.0;;;;;;;;;;;;;;;;;;;;;;
2019;121;259_001;SSM1-0004;mil;mil_precarachide;TRAVAIL_SOL;13.66;0.0;;;;;;;;;;;;;;;;;;;;;;
2019;258;260_001;SSM1-0004;mil;mil_precarachide;RECOLTE;0.71;0.0;0.2;;;;;;;;;;;;;0.0;0.21;2.26;;;;;;
2019;152;260_001;SSM1-0004;mil;mil_precarachide;SEMIS;0.01;0.0;;;;;;;;;;;;;;;;;;;;;;
2019;121;260_001;SSM1-0004;mil;mil_precarachide;TRAVAIL_SOL;0.31;0.0;;;;;;;;;;;;;;;;;;;;;;
2019;258;261_001;SSM1-0004;mil;mil_precarachide;RECOLTE;43.58;0.0;0.2;;;;;;;;;;;;;0.0;0.21;2.26;;;;;;
2019;152;261_001;SSM1-0004;mil;mil_precarachide;SEMIS;0.56;0.0;;;;;;;;;;;;;;;;;;;;;;
2019;121;261_001;SSM1-0004;mil;mil_precarachide;TRAVAIL_SOL;18.71;0.0;;;;;;;;;;;;;;;;;;;;;;
2019;258;262_001;SSM1-0022;mil;mil_precarachide;RECOLTE;3.15;0.0;0.2;;;;;;;;;;;;;0.0;0.21;2.26;;;;;;
2019;152;262_001;SSM1-0022;mil;mil_precarachide;SEMIS;0.04;0.0;;;;;;;;;;;;;;;;;;;;;;
2019;121;262_001;SSM1-0022;mil;mil_precarachide;TRAVAIL_SOL;1.35;0.0;;;;;;;;;;;;;;;;;;;;;;
2019;258;263_001;SSM1-0013;mil;mil_precarachide;RECOLTE;20.96;0.0;0.2;;;;;;;;;;;;;0.0;0.21;2.26;;;;;;
2019;152;263_001;SSM1-0013;mil;mil_precarachide;SEMIS;0.27;0.0;;;;;;;;;;;;;;;;;;;;;;
2019;121;263_001;SSM1-0013;mil;mil_precarachide;TRAVAIL_SOL;9.0;0.0;;;;;;;;;;;;;;;;;;;;;;
2019;258;264_001;SSM1-0013;mil;mil_precarachide;RECOLTE;17.28;0.0;0.2;;;;;;;;;;;;;0.0;0.21;2.26;;;;;;
2019;152;264_001;SSM1-0013;mil;mil_precarachide;SEMIS;0.22;0.0;;;;;;;;;;;;;;;;;;;;;;
2019;121;264_001;SSM1-0013;mil;mil_precarachide;TRAVAIL_SOL;7.42;0.0;;;;;;;;;;;;;;;;;;;;;;
2019;258;265_001;SSM1-0019;mil;mil_precarachide;RECOLTE;33.09;0.0;0.2;;;;;;;;;;;;;0.0;0.21;2.26;;;;;;
2019;152;265_001;SSM1-0019;mil;mil_precarachide;SEMIS;0.42;0.0;;;;;;;;;;;;;;;;;;;;;;
2019;121;265_001;SSM1-0019;mil;mil_precarachide;TRAVAIL_SOL;14.21;0.0;;;;;;;;;;;;;;;;;;;;;;
2019;258;266_001;SSM1-0019;mil;mil_precarachide;RECOLTE;17.54;0.0;0.2;;;;;;;;;;;;;0.0;0.21;2.26;;;;;;
2019;152;266_001;SSM1-0019;mil;mil_precarachide;SEMIS;0.22;0.0;;;;;;;;;;;;;;;;;;;;;;
2019;121;266_001;SSM1-0019;mil;mil_precarachide;TRAVAIL_SOL;7.53;0.0;;;;;;;;;;;;;;;;;;;;;;
2019;258;267_001;SSM1-0023;mil;mil_precarachide;RECOLTE;30.74;0.0;0.2;;;;;;;;;;;;;0.0;0.21;2.26;;;;;;
2019;152;267_001;SSM1-0023;mil;mil_precarachide;SEMIS;0.39;0.0;;;;;;;;;;;;;;;;;;;;;;
2019;121;267_001;SSM1-0023;mil;mil_precarachide;TRAVAIL_SOL;13.2;0.0;;;;;;;;;;;;;;;;;;;;;;
2019;258;268_001;SSM1-0023;mil;mil_precarachide;RECOLTE;3.67;0.0;0.2;;;;;;;;;;;;;0.0;0.21;2.26;;;;;;
2019;152;268_001;SSM1-0023;mil;mil_precarachide;SEMIS;0.05;0.0;;;;;;;;;;;;;;;;;;;;;;
2019;121;268_001;SSM1-0023;mil;mil_precarachide;TRAVAIL_SOL;1.58;0.0;;;;;;;;;;;;;;;;;;;;;;
2019;258;269_001;SSM1-0023;mil;mil_precarachide;RECOLTE;14.69;0.0;0.2;;;;;;;;;;;;;0.0;0.21;2.26;;;;;;
2019;152;269_001;SSM1-0023;mil;mil_precarachide;SEMIS;0.19;0.0;;;;;;;;;;;;;;;;;;;;;;
2019;121;269_001;SSM1-0023;mil;mil_precarachide;TRAVAIL_SOL;6.31;0.0;;;;;;;;;;;;;;;;;;;;;;
2019;258;270_001;SSM1-0023;mil;mil_precarachide;RECOLTE;9.72;0.0;0.2;;;;;;;;;;;;;0.0;0.21;2.26;;;;;;
2019;152;270_001;SSM1-0023;mil;mil_precarachide;SEMIS;0.12;0.0;;;;;;;;;;;;;;;;;;;;;;
2019;121;270_001;SSM1-0023;mil;mil_precarachide;TRAVAIL_SOL;4.17;0.0;;;;;;;;;;;;;;;;;;;;;;
2019;258;271_001;SSM1-0023;mil;mil_precarachide;RECOLTE;10.05;0.0;0.2;;;;;;;;;;;;;0.0;0.21;2.26;;;;;;
2019;152;271_001;SSM1-0023;mil;mil_precarachide;SEMIS;0.13;0.0;;;;;;;;;;;;;;;;;;;;;;
2019;121;271_001;SSM1-0023;mil;mil_precarachide;TRAVAIL_SOL;4.31;0.0;;;;;;;;;;;;;;;;;;;;;;
2019;258;272_001;SSM1-0023;mil;mil_precarachide;RECOLTE;43.3;0.0;0.2;;;;;;;;;;;;;0.0;0.21;2.26;;;;;;
2019;152;272_001;SSM1-0023;mil;mil_precarachide;SEMIS;0.55;0.0;;;;;;;;;;;;;;;;;;;;;;
2019;121;272_001;SSM1-0023;mil;mil_precarachide;TRAVAIL_SOL;18.59;0.0;;;;;;;;;;;;;;;;;;;;;;
2019;258;275_001;SSM1-0023;mil;mil_precarachide;RECOLTE;14.93;0.0;0.2;;;;;;;;;;;;;0.0;0.21;2.26;;;;;;
2019;152;275_001;SSM1-0023;mil;mil_precarachide;SEMIS;0.19;0.0;;;;;;;;;;;;;;;;;;;;;;
2019;121;275_001;SSM1-0023;mil;mil_precarachide;TRAVAIL_SOL;6.41;0.0;;;;;;;;;;;;;;;;;;;;;;
2019;258;276_001;SSM1-0023;mil;mil_precarachide;RECOLTE;13.99;0.0;0.2;;;;;;;;;;;;;0.0;0.21;2.26;;;;;;
2019;152;276_001;SSM1-0023;mil;mil_precarachide;SEMIS;0.18;0.0;;;;;;;;;;;;;;;;;;;;;;
2019;121;276_001;SSM1-0023;mil;mil_precarachide;TRAVAIL_SOL;6.0;0.0;;;;;;;;;;;;;;;;;;;;;;
2019;258;277_001;SSM1-0023;mil;mil_precarachide;RECOLTE;3.01;0.0;0.2;;;;;;;;;;;;;0.0;0.21;2.26;;;;;;
2019;152;277_001;SSM1-0023;mil;mil_precarachide;SEMIS;0.04;0.0;;;;;;;;;;;;;;;;;;;;;;
2019;121;277_001;SSM1-0023;mil;mil_precarachide;TRAVAIL_SOL;1.29;0.0;;;;;;;;;;;;;;;;;;;;;;
2019;258;278_001;SSM1-0023;mil;mil_precarachide;RECOLTE;27.09;0.0;0.2;;;;;;;;;;;;;0.0;0.21;2.26;;;;;;
2019;152;278_001;SSM1-0023;mil;mil_precarachide;SEMIS;0.35;0.0;;;;;;;;;;;;;;;;;;;;;;
2019;121;278_001;SSM1-0023;mil;mil_precarachide;TRAVAIL_SOL;11.63;0.0;;;;;;;;;;;;;;;;;;;;;;
2019;258;279_001;SSM1-0023;mil;mil_precarachide;RECOLTE;6.62;0.0;0.2;;;;;;;;;;;;;0.0;0.21;2.26;;;;;;
2019;152;279_001;SSM1-0023;mil;mil_precarachide;SEMIS;0.08;0.0;;;;;;;;;;;;;;;;;;;;;;
2019;121;279_001;SSM1-0023;mil;mil_precarachide;TRAVAIL_SOL;2.84;0.0;;;;;;;;;;;;;;;;;;;;;;
2019;258;280_001;SSM1-0023;mil;mil_precarachide;RECOLTE;10.42;0.0;0.2;;;;;;;;;;;;;0.0;0.21;2.26;;;;;;
2019;152;280_001;SSM1-0023;mil;mil_precarachide;SEMIS;0.13;0.0;;;;;;;;;;;;;;;;;;;;;;
2019;121;280_001;SSM1-0023;mil;mil_precarachide;TRAVAIL_SOL;4.47;0.0;;;;;;;;;;;;;;;;;;;;;;
2019;258;281_001;SSM1-0023;mil;mil_precarachide;RECOLTE;3.56;0.0;0.2;;;;;;;;;;;;;0.0;0.21;2.26;;;;;;
2019;152;281_001;SSM1-0023;mil;mil_precarachide;SEMIS;0.05;0.0;;;;;;;;;;;;;;;;;;;;;;
2019;121;281_001;SSM1-0023;mil;mil_precarachide;TRAVAIL_SOL;1.53;0.0;;;;;;;;;;;;;;;;;;;;;;
2019;258;282_001;SSM1-0023;mil;mil_precarachide;RECOLTE;12.66;0.0;0.2;;;;;;;;;;;;;0.0;0.21;2.26;;;;;;
2019;152;282_001;SSM1-0023;mil;mil_precarachide;SEMIS;0.16;0.0;;;;;;;;;;;;;;;;;;;;;;
2019;121;282_001;SSM1-0023;mil;mil_precarachide;TRAVAIL_SOL;5.43;0.0;;;;;;;;;;;;;;;;;;;;;;
2019;258;283_001;SSM1-0023;mil;mil_precarachide;RECOLTE;2.86;0.0;0.2;;;;;;;;;;;;;0.0;0.21;2.26;;;;;;
2019;152;283_001;SSM1-0023;mil;mil_precarachide;SEMIS;0.04;0.0;;;;;;;;;;;;;;;;;;;;;;
2019;121;283_001;SSM1-0023;mil;mil_precarachide;TRAVAIL_SOL;1.23;0.0;;;;;;;;;;;;;;;;;;;;;;
2019;258;284_001;SSM1-0021;mil;mil_precarachide;RECOLTE;6.19;0.0;0.2;;;;;;;;;;;;;0.0;0.21;2.26;;;;;;
2019;152;284_001;SSM1-0021;mil;mil_precarachide;SEMIS;0.08;0.0;;;;;;;;;;;;;;;;;;;;;;
2019;121;284_001;SSM1-0021;mil;mil_precarachide;TRAVAIL_SOL;2.66;0.0;;;;;;;;;;;;;;;;;;;;;;
2019;258;285_001;SSM1-0021;mil;mil_precarachide;RECOLTE;3.08;0.0;0.2;;;;;;;;;;;;;0.0;0.21;2.26;;;;;;
2019;152;285_001;SSM1-0021;mil;mil_precarachide;SEMIS;0.04;0.0;;;;;;;;;;;;;;;;;;;;;;
2019;121;285_001;SSM1-0021;mil;mil_precarachide;TRAVAIL_SOL;1.32;0.0;;;;;;;;;;;;;;;;;;;;;;
2019;258;286_001;SSM1-0021;mil;mil_precarachide;RECOLTE;5.51;0.0;0.2;;;;;;;;;;;;;0.0;0.21;2.26;;;;;;
2019;152;286_001;SSM1-0021;mil;mil_precarachide;SEMIS;0.07;0.0;;;;;;;;;;;;;;;;;;;;;;
2019;121;286_001;SSM1-0021;mil;mil_precarachide;TRAVAIL_SOL;2.36;0.0;;;;;;;;;;;;;;;;;;;;;;
2019;258;287_001;SSM1-0021;mil;mil_precarachide;RECOLTE;3.4;0.0;0.2;;;;;;;;;;;;;0.0;0.21;2.26;;;;;;
2019;152;287_001;SSM1-0021;mil;mil_precarachide;SEMIS;0.04;0.0;;;;;;;;;;;;;;;;;;;;;;
2019;121;287_001;SSM1-0021;mil;mil_precarachide;TRAVAIL_SOL;1.46;0.0;;;;;;;;;;;;;;;;;;;;;;
2019;258;288_001;SSM1-0021;mil;mil_precarachide;RECOLTE;7.3;0.0;0.2;;;;;;;;;;;;;0.0;0.21;2.26;;;;;;
2019;152;288_001;SSM1-0021;mil;mil_precarachide;SEMIS;0.09;0.0;;;;;;;;;;;;;;;;;;;;;;
2019;121;288_001;SSM1-0021;mil;mil_precarachide;TRAVAIL_SOL;3.13;0.0;;;;;;;;;;;;;;;;;;;;;;
2019;258;289_001;SSM1-0021;mil;mil_precarachide;RECOLTE;21.62;0.0;0.2;;;;;;;;;;;;;0.0;0.21;2.26;;;;;;
2019;152;289_001;SSM1-0021;mil;mil_precarachide;SEMIS;0.28;0.0;;;;;;;;;;;;;;;;;;;;;;
2019;121;289_001;SSM1-0021;mil;mil_precarachide;TRAVAIL_SOL;9.28;0.0;;;;;;;;;;;;;;;;;;;;;;
2019;258;290_001;SSM1-0021;mil;mil_precarachide;RECOLTE;0.96;0.0;0.2;;;;;;;;;;;;;0.0;0.21;2.26;;;;;;
2019;152;290_001;SSM1-0021;mil;mil_precarachide;SEMIS;0.01;0.0;;;;;;;;;;;;;;;;;;;;;;
2019;121;290_001;SSM1-0021;mil;mil_precarachide;TRAVAIL_SOL;0.41;0.0;;;;;;;;;;;;;;;;;;;;;;
2019;258;291_001;SSM1-0021;mil;mil_precarachide;RECOLTE;11.82;0.0;0.2;;;;;;;;;;;;;0.0;0.21;2.26;;;;;;
2019;152;291_001;SSM1-0021;mil;mil_precarachide;SEMIS;0.15;0.0;;;;;;;;;;;;;;;;;;;;;;
2019;121;291_001;SSM1-0021;mil;mil_precarachide;TRAVAIL_SOL;5.07;0.0;;;;;;;;;;;;;;;;;;;;;;
2019;258;292_001;SSM1-0021;mil;mil_precarachide;RECOLTE;3.48;0.0;0.2;;;;;;;;;;;;;0.0;0.21;2.26;;;;;;
2019;152;292_001;SSM1-0021;mil;mil_precarachide;SEMIS;0.04;0.0;;;;;;;;;;;;;;;;;;;;;;
2019;121;292_001;SSM1-0021;mil;mil_precarachide;TRAVAIL_SOL;1.49;0.0;;;;;;;;;;;;;;;;;;;;;;
2019;258;293_001;SSM1-0021;mil;mil_precarachide;RECOLTE;13.98;0.0;0.2;;;;;;;;;;;;;0.0;0.21;2.26;;;;;;
2019;152;293_001;SSM1-0021;mil;mil_precarachide;SEMIS;0.18;0.0;;;;;;;;;;;;;;;;;;;;;;
2019;121;293_001;SSM1-0021;mil;mil_precarachide;TRAVAIL_SOL;6.0;0.0;;;;;;;;;;;;;;;;;;;;;;
2019;258;294_001;SSM1-0021;mil;mil_precarachide;RECOLTE;5.51;0.0;0.2;;;;;;;;;;;;;0.0;0.21;2.26;;;;;;
2019;152;294_001;SSM1-0021;mil;mil_precarachide;SEMIS;0.07;0.0;;;;;;;;;;;;;;;;;;;;;;
2019;121;294_001;SSM1-0021;mil;mil_precarachide;TRAVAIL_SOL;2.37;0.0;;;;;;;;;;;;;;;;;;;;;;
2019;258;295_001;SSM1-0021;mil;mil_precarachide;RECOLTE;69.79;0.0;0.2;;;;;;;;;;;;;0.0;0.21;2.26;;;;;;
2019;152;295_001;SSM1-0021;mil;mil_precarachide;SEMIS;0.89;0.0;;;;;;;;;;;;;;;;;;;;;;
2019;121;295_001;SSM1-0021;mil;mil_precarachide;TRAVAIL_SOL;29.96;0.0;;;;;;;;;;;;;;;;;;;;;;
2019;258;296_001;SSM1-0018;mil;mil_precarachide;RECOLTE;9.4;0.0;0.2;;;;;;;;;;;;;0.0;0.21;2.26;;;;;;
2019;152;296_001;SSM1-0018;mil;mil_precarachide;SEMIS;0.12;0.0;;;;;;;;;;;;;;;;;;;;;;
2019;121;296_001;SSM1-0018;mil;mil_precarachide;TRAVAIL_SOL;4.04;0.0;;;;;;;;;;;;;;;;;;;;;;
2019;258;297_001;SSM1-0018;mil;mil_precarachide;RECOLTE;12.86;0.0;0.2;;;;;;;;;;;;;0.0;0.21;2.26;;;;;;
2019;152;297_001;SSM1-0018;mil;mil_precarachide;SEMIS;0.16;0.0;;;;;;;;;;;;;;;;;;;;;;
2019;121;297_001;SSM1-0018;mil;mil_precarachide;TRAVAIL_SOL;5.52;0.0;;;;;;;;;;;;;;;;;;;;;;
2019;258;298_001;SSM1-0018;mil;mil_precarachide;RECOLTE;4.69;0.0;0.2;;;;;;;;;;;;;0.0;0.21;2.26;;;;;;
2019;152;298_001;SSM1-0018;mil;mil_precarachide;SEMIS;0.06;0.0;;;;;;;;;;;;;;;;;;;;;;
2019;121;298_001;SSM1-0018;mil;mil_precarachide;TRAVAIL_SOL;2.01;0.0;;;;;;;;;;;;;;;;;;;;;;
2019;258;299_001;SSM1-0018;mil;mil_precarachide;RECOLTE;13.31;0.0;0.2;;;;;;;;;;;;;0.0;0.21;2.26;;;;;;
2019;152;299_001;SSM1-0018;mil;mil_precarachide;SEMIS;0.17;0.0;;;;;;;;;;;;;;;;;;;;;;
2019;121;299_001;SSM1-0018;mil;mil_precarachide;TRAVAIL_SOL;5.71;0.0;;;;;;;;;;;;;;;;;;;;;;
2019;258;300_001;SSM1-0018;mil;mil_precarachide;RECOLTE;15.59;0.0;0.2;;;;;;;;;;;;;0.0;0.21;2.26;;;;;;
2019;152;300_001;SSM1-0018;mil;mil_precarachide;SEMIS;0.2;0.0;;;;;;;;;;;;;;;;;;;;;;
2019;121;300_001;SSM1-0018;mil;mil_precarachide;TRAVAIL_SOL;6.69;0.0;;;;;;;;;;;;;;;;;;;;;;
2019;258;301_001;SSM1-0018;mil;mil_precarachide;RECOLTE;34.48;0.0;0.2;;;;;;;;;;;;;0.0;0.21;2.26;;;;;;
2019;152;301_001;SSM1-0018;mil;mil_precarachide;SEMIS;0.44;0.0;;;;;;;;;;;;;;;;;;;;;;
2019;121;301_001;SSM1-0018;mil;mil_precarachide;TRAVAIL_SOL;14.8;0.0;;;;;;;;;;;;;;;;;;;;;;
2019;258;302_001;SSM1-0018;mil;mil_precarachide;RECOLTE;5.02;0.0;0.2;;;;;;;;;;;;;0.0;0.21;2.26;;;;;;
2019;152;302_001;SSM1-0018;mil;mil_precarachide;SEMIS;0.06;0.0;;;;;;;;;;;;;;;;;;;;;;
2019;121;302_001;SSM1-0018;mil;mil_precarachide;TRAVAIL_SOL;2.16;0.0;;;;;;;;;;;;;;;;;;;;;;
2019;258;303_001;SSM1-0018;mil;mil_precarachide;RECOLTE;45.28;0.0;0.2;;;;;;;;;;;;;0.0;0.21;2.26;;;;;;
2019;152;303_001;SSM1-0018;mil;mil_precarachide;SEMIS;0.58;0.0;;;;;;;;;;;;;;;;;;;;;;
2019;121;303_001;SSM1-0018;mil;mil_precarachide;TRAVAIL_SOL;19.44;0.0;;;;;;;;;;;;;;;;;;;;;;
2019;258;304_001;SSM1-0018;mil;mil_precarachide;RECOLTE;11.17;0.0;0.2;;;;;;;;;;;;;0.0;0.21;2.26;;;;;;
2019;152;304_001;SSM1-0018;mil;mil_precarachide;SEMIS;0.14;0.0;;;;;;;;;;;;;;;;;;;;;;
2019;121;304_001;SSM1-0018;mil;mil_precarachide;TRAVAIL_SOL;4.8;0.0;;;;;;;;;;;;;;;;;;;;;;
2019;258;305_001;SSM1-0009;mil;mil_precarachide;RECOLTE;51.93;0.0;0.2;;;;;;;;;;;;;0.0;0.21;2.26;;;;;;
2019;152;305_001;SSM1-0009;mil;mil_precarachide;SEMIS;0.66;0.0;;;;;;;;;;;;;;;;;;;;;;
2019;121;305_001;SSM1-0009;mil;mil_precarachide;TRAVAIL_SOL;22.29;0.0;;;;;;;;;;;;;;;;;;;;;;
2019;258;306_001;SSM1-0009;mil;mil_precarachide;RECOLTE;6.02;0.0;0.2;;;;;;;;;;;;;0.0;0.21;2.26;;;;;;
2019;152;306_001;SSM1-0009;mil;mil_precarachide;SEMIS;0.08;0.0;;;;;;;;;;;;;;;;;;;;;;
2019;121;306_001;SSM1-0009;mil;mil_precarachide;TRAVAIL_SOL;2.58;0.0;;;;;;;;;;;;;;;;;;;;;;
2019;258;307_001;SSM1-0009;mil;mil_precarachide;RECOLTE;54.37;0.0;0.2;;;;;;;;;;;;;0.0;0.21;2.26;;;;;;
2019;152;307_001;SSM1-0009;mil;mil_precarachide;SEMIS;0.7;0.0;;;;;;;;;;;;;;;;;;;;;;
2019;121;307_001;SSM1-0009;mil;mil_precarachide;TRAVAIL_SOL;23.34;0.0;;;;;;;;;;;;;;;;;;;;;;
2019;258;308_001;SSM1-0009;mil;mil_precarachide;RECOLTE;27.42;0.0;0.2;;;;;;;;;;;;;0.0;0.21;2.26;;;;;;
2019;152;308_001;SSM1-0009;mil;mil_precarachide;SEMIS;0.35;0.0;;;;;;;;;;;;;;;;;;;;;;
2019;121;308_001;SSM1-0009;mil;mil_precarachide;TRAVAIL_SOL;11.77;0.0;;;;;;;;;;;;;;;;;;;;;;
2019;258;309_001;SSM1-0009;mil;mil_precarachide;RECOLTE;22.92;0.0;0.2;;;;;;;;;;;;;0.0;0.21;2.26;;;;;;
2019;152;309_001;SSM1-0009;mil;mil_precarachide;SEMIS;0.29;0.0;;;;;;;;;;;;;;;;;;;;;;
2019;121;309_001;SSM1-0009;mil;mil_precarachide;TRAVAIL_SOL;9.84;0.0;;;;;;;;;;;;;;;;;;;;;;
2019;258;310_001;SSM1-0009;mil;mil_precarachide;RECOLTE;4.38;0.0;0.2;;;;;;;;;;;;;0.0;0.21;2.26;;;;;;
2019;152;310_001;SSM1-0009;mil;mil_precarachide;SEMIS;0.06;0.0;;;;;;;;;;;;;;;;;;;;;;
2019;121;310_001;SSM1-0009;mil;mil_precarachide;TRAVAIL_SOL;1.88;0.0;;;;;;;;;;;;;;;;;;;;;;
2019;258;311_001;SSM1-0009;mil;mil_precarachide;RECOLTE;5.06;0.0;0.2;;;;;;;;;;;;;0.0;0.21;2.26;;;;;;
2019;152;311_001;SSM1-0009;mil;mil_precarachide;SEMIS;0.06;0.0;;;;;;;;;;;;;;;;;;;;;;
2019;121;311_001;SSM1-0009;mil;mil_precarachide;TRAVAIL_SOL;2.17;0.0;;;;;;;;;;;;;;;;;;;;;;
2019;258;312_001;SSM1-0009;mil;mil_precarachide;RECOLTE;65.11;0.0;0.2;;;;;;;;;;;;;0.0;0.21;2.26;;;;;;
2019;152;312_001;SSM1-0009;mil;mil_precarachide;SEMIS;0.83;0.0;;;;;;;;;;;;;;;;;;;;;;
2019;121;312_001;SSM1-0009;mil;mil_precarachide;TRAVAIL_SOL;27.95;0.0;;;;;;;;;;;;;;;;;;;;;;
2019;258;313_001;SSM1-0009;mil;mil_precarachide;RECOLTE;6.39;0.0;0.2;;;;;;;;;;;;;0.0;0.21;2.26;;;;;;
2019;152;313_001;SSM1-0009;mil;mil_precarachide;SEMIS;0.08;0.0;;;;;;;;;;;;;;;;;;;;;;
2019;121;313_001;SSM1-0009;mil;mil_precarachide;TRAVAIL_SOL;2.74;0.0;;;;;;;;;;;;;;;;;;;;;;
2019;258;314_001;SSM1-0009;mil;mil_precarachide;RECOLTE;55.69;0.0;0.2;;;;;;;;;;;;;0.0;0.21;2.26;;;;;;
2019;152;314_001;SSM1-0009;mil;mil_precarachide;SEMIS;0.71;0.0;;;;;;;;;;;;;;;;;;;;;;
2019;121;314_001;SSM1-0009;mil;mil_precarachide;TRAVAIL_SOL;23.9;0.0;;;;;;;;;;;;;;;;;;;;;;
2019;258;315_001;SSM1-0009;mil;mil_precarachide;RECOLTE;4.17;0.0;0.2;;;;;;;;;;;;;0.0;0.21;2.26;;;;;;
2019;152;315_001;SSM1-0009;mil;mil_precarachide;SEMIS;0.05;0.0;;;;;;;;;;;;;;;;;;;;;;
2019;121;315_001;SSM1-0009;mil;mil_precarachide;TRAVAIL_SOL;1.79;0.0;;;;;;;;;;;;;;;;;;;;;;
2019;258;316_001;SSM1-0009;mil;mil_precarachide;RECOLTE;7.23;0.0;0.2;;;;;;;;;;;;;0.0;0.21;2.26;;;;;;
2019;152;316_001;SSM1-0009;mil;mil_precarachide;SEMIS;0.09;0.0;;;;;;;;;;;;;;;;;;;;;;
2019;121;316_001;SSM1-0009;mil;mil_precarachide;TRAVAIL_SOL;3.1;0.0;;;;;;;;;;;;;;;;;;;;;;
2019;258;317_001;SSM1-0009;mil;mil_precarachide;RECOLTE;7.29;0.0;0.2;;;;;;;;;;;;;0.0;0.21;2.26;;;;;;
2019;152;317_001;SSM1-0009;mil;mil_precarachide;SEMIS;0.09;0.0;;;;;;;;;;;;;;;;;;;;;;
2019;121;317_001;SSM1-0009;mil;mil_precarachide;TRAVAIL_SOL;3.13;0.0;;;;;;;;;;;;;;;;;;;;;;
2019;258;318_001;SSM1-0009;mil;mil_precarachide;RECOLTE;46.21;0.0;0.2;;;;;;;;;;;;;0.0;0.21;2.26;;;;;;
2019;152;318_001;SSM1-0009;mil;mil_precarachide;SEMIS;0.59;0.0;;;;;;;;;;;;;;;;;;;;;;
2019;121;318_001;SSM1-0009;mil;mil_precarachide;TRAVAIL_SOL;19.84;0.0;;;;;;;;;;;;;;;;;;;;;;
2019;258;319_001;SSM1-0009;mil;mil_precarachide;RECOLTE;6.71;0.0;0.2;;;;;;;;;;;;;0.0;0.21;2.26;;;;;;
2019;152;319_001;SSM1-0009;mil;mil_precarachide;SEMIS;0.09;0.0;;;;;;;;;;;;;;;;;;;;;;
2019;121;319_001;SSM1-0009;mil;mil_precarachide;TRAVAIL_SOL;2.88;0.0;;;;;;;;;;;;;;;;;;;;;;
2019;258;320_001;SSM1-0009;mil;mil_precarachide;RECOLTE;87.89;0.0;0.2;;;;;;;;;;;;;0.0;0.21;2.26;;;;;;
2019;152;320_001;SSM1-0009;mil;mil_precarachide;SEMIS;1.12;0.0;;;;;;;;;;;;;;;;;;;;;;
2019;121;320_001;SSM1-0009;mil;mil_precarachide;TRAVAIL_SOL;37.73;0.0;;;;;;;;;;;;;;;;;;;;;;
2019;258;321_001;SSM1-0009;mil;mil_precarachide;RECOLTE;5.06;0.0;0.2;;;;;;;;;;;;;0.0;0.21;2.26;;;;;;
2019;152;321_001;SSM1-0009;mil;mil_precarachide;SEMIS;0.06;0.0;;;;;;;;;;;;;;;;;;;;;;
2019;121;321_001;SSM1-0009;mil;mil_precarachide;TRAVAIL_SOL;2.17;0.0;;;;;;;;;;;;;;;;;;;;;;
2019;258;322_001;SSM1-0009;mil;mil_precarachide;RECOLTE;57.48;0.0;0.2;;;;;;;;;;;;;0.0;0.21;2.26;;;;;;
2019;152;322_001;SSM1-0009;mil;mil_precarachide;SEMIS;0.73;0.0;;;;;;;;;;;;;;;;;;;;;;
2019;121;322_001;SSM1-0009;mil;mil_precarachide;TRAVAIL_SOL;24.67;0.0;;;;;;;;;;;;;;;;;;;;;;
2019;258;323_001;SSM1-0009;mil;mil_precarachide;RECOLTE;4.42;0.0;0.2;;;;;;;;;;;;;0.0;0.21;2.26;;;;;;
2019;152;323_001;SSM1-0009;mil;mil_precarachide;SEMIS;0.06;0.0;;;;;;;;;;;;;;;;;;;;;;
2019;121;323_001;SSM1-0009;mil;mil_precarachide;TRAVAIL_SOL;1.9;0.0;;;;;;;;;;;;;;;;;;;;;;
2019;258;324_001;SSM1-0009;mil;mil_precarachide;RECOLTE;24.66;0.0;0.2;;;;;;;;;;;;;0.0;0.21;2.26;;;;;;
2019;152;324_001;SSM1-0009;mil;mil_precarachide;SEMIS;0.32;0.0;;;;;;;;;;;;;;;;;;;;;;
2019;121;324_001;SSM1-0009;mil;mil_precarachide;TRAVAIL_SOL;10.59;0.0;;;;;;;;;;;;;;;;;;;;;;
2019;258;325_001;SSM1-0024;mil;mil_precarachide;RECOLTE;18.07;0.0;0.2;;;;;;;;;;;;;0.0;0.21;2.26;;;;;;
2019;152;325_001;SSM1-0024;mil;mil_precarachide;SEMIS;0.23;0.0;;;;;;;;;;;;;;;;;;;;;;
2019;121;325_001;SSM1-0024;mil;mil_precarachide;TRAVAIL_SOL;7.75;0.0;;;;;;;;;;;;;;;;;;;;;;
2019;258;326_001;SSM1-0024;mil;mil_precarachide;RECOLTE;6.01;0.0;0.2;;;;;;;;;;;;;0.0;0.21;2.26;;;;;;
2019;152;326_001;SSM1-0024;mil;mil_precarachide;SEMIS;0.08;0.0;;;;;;;;;;;;;;;;;;;;;;
2019;121;326_001;SSM1-0024;mil;mil_precarachide;TRAVAIL_SOL;2.58;0.0;;;;;;;;;;;;;;;;;;;;;;
2019;258;327_001;SSM1-0024;mil;mil_precarachide;RECOLTE;4.71;0.0;0.2;;;;;;;;;;;;;0.0;0.21;2.26;;;;;;
2019;152;327_001;SSM1-0024;mil;mil_precarachide;SEMIS;0.06;0.0;;;;;;;;;;;;;;;;;;;;;;
2019;121;327_001;SSM1-0024;mil;mil_precarachide;TRAVAIL_SOL;2.02;0.0;;;;;;;;;;;;;;;;;;;;;;
2019;258;328_001;SSM1-0024;mil;mil_precarachide;RECOLTE;4.04;0.0;0.2;;;;;;;;;;;;;0.0;0.21;2.26;;;;;;
2019;152;328_001;SSM1-0024;mil;mil_precarachide;SEMIS;0.05;0.0;;;;;;;;;;;;;;;;;;;;;;
2019;121;328_001;SSM1-0024;mil;mil_precarachide;TRAVAIL_SOL;1.73;0.0;;;;;;;;;;;;;;;;;;;;;;
2019;258;329_001;SSM1-0024;mil;mil_precarachide;RECOLTE;1.48;0.0;0.2;;;;;;;;;;;;;0.0;0.21;2.26;;;;;;
2019;152;329_001;SSM1-0024;mil;mil_precarachide;SEMIS;0.02;0.0;;;;;;;;;;;;;;;;;;;;;;
2019;121;329_001;SSM1-0024;mil;mil_precarachide;TRAVAIL_SOL;0.64;0.0;;;;;;;;;;;;;;;;;;;;;;
2019;258;330_001;SSM1-0024;mil;mil_precarachide;RECOLTE;22.53;0.0;0.2;;;;;;;;;;;;;0.0;0.21;2.26;;;;;;
2019;152;330_001;SSM1-0024;mil;mil_precarachide;SEMIS;0.29;0.0;;;;;;;;;;;;;;;;;;;;;;
2019;121;330_001;SSM1-0024;mil;mil_precarachide;TRAVAIL_SOL;9.67;0.0;;;;;;;;;;;;;;;;;;;;;;
2019;258;331_001;SSM1-0024;mil;mil_precarachide;RECOLTE;2.33;0.0;0.2;;;;;;;;;;;;;0.0;0.21;2.26;;;;;;
2019;152;331_001;SSM1-0024;mil;mil_precarachide;SEMIS;0.03;0.0;;;;;;;;;;;;;;;;;;;;;;
2019;121;331_001;SSM1-0024;mil;mil_precarachide;TRAVAIL_SOL;1.0;0.0;;;;;;;;;;;;;;;;;;;;;;
2019;258;332_001;SSM1-0024;mil;mil_precarachide;RECOLTE;45.27;0.0;0.2;;;;;;;;;;;;;0.0;0.21;2.26;;;;;;
2019;152;332_001;SSM1-0024;mil;mil_precarachide;SEMIS;0.58;0.0;;;;;;;;;;;;;;;;;;;;;;
2019;121;332_001;SSM1-0024;mil;mil_precarachide;TRAVAIL_SOL;19.43;0.0;;;;;;;;;;;;;;;;;;;;;;
2019;258;333_001;SSM1-0004;mil;mil_precarachide;RECOLTE;12.74;0.0;0.2;;;;;;;;;;;;;0.0;0.21;2.26;;;;;;
2019;152;333_001;SSM1-0004;mil;mil_precarachide;SEMIS;0.16;0.0;;;;;;;;;;;;;;;;;;;;;;
2019;121;333_001;SSM1-0004;mil;mil_precarachide;TRAVAIL_SOL;5.47;0.0;;;;;;;;;;;;;;;;;;;;;;
2019;258;334_001;SSM1-0004;mil;mil_precarachide;RECOLTE;8.99;0.0;0.2;;;;;;;;;;;;;0.0;0.21;2.26;;;;;;
2019;152;334_001;SSM1-0004;mil;mil_precarachide;SEMIS;0.11;0.0;;;;;;;;;;;;;;;;;;;;;;
2019;121;334_001;SSM1-0004;mil;mil_precarachide;TRAVAIL_SOL;3.86;0.0;;;;;;;;;;;;;;;;;;;;;;
2019;258;335_001;SSM1-0025;mil;mil_precarachide;RECOLTE;10.38;0.0;0.2;;;;;;;;;;;;;0.0;0.21;2.26;;;;;;
2019;152;335_001;SSM1-0025;mil;mil_precarachide;SEMIS;0.13;0.0;;;;;;;;;;;;;;;;;;;;;;
2019;121;335_001;SSM1-0025;mil;mil_precarachide;TRAVAIL_SOL;4.45;0.0;;;;;;;;;;;;;;;;;;;;;;
2019;258;336_001;SSM1-0025;mil;mil_precarachide;RECOLTE;5.06;0.0;0.2;;;;;;;;;;;;;0.0;0.21;2.26;;;;;;
2019;152;336_001;SSM1-0025;mil;mil_precarachide;SEMIS;0.06;0.0;;;;;;;;;;;;;;;;;;;;;;
2019;121;336_001;SSM1-0025;mil;mil_precarachide;TRAVAIL_SOL;2.17;0.0;;;;;;;;;;;;;;;;;;;;;;
2019;258;337_001;SSM1-0025;mil;mil_precarachide;RECOLTE;13.95;0.0;0.2;;;;;;;;;;;;;0.0;0.21;2.26;;;;;;
2019;152;337_001;SSM1-0025;mil;mil_precarachide;SEMIS;0.18;0.0;;;;;;;;;;;;;;;;;;;;;;
2019;121;337_001;SSM1-0025;mil;mil_precarachide;TRAVAIL_SOL;5.99;0.0;;;;;;;;;;;;;;;;;;;;;;
2019;258;338_001;SSM1-0025;mil;mil_precarachide;RECOLTE;0.48;0.0;0.2;;;;;;;;;;;;;0.0;0.21;2.26;;;;;;
2019;152;338_001;SSM1-0025;mil;mil_precarachide;SEMIS;0.01;0.0;;;;;;;;;;;;;;;;;;;;;;
2019;121;338_001;SSM1-0025;mil;mil_precarachide;TRAVAIL_SOL;0.21;0.0;;;;;;;;;;;;;;;;;;;;;;
2019;258;339_001;SSM1-0025;mil;mil_precarachide;RECOLTE;10.68;0.0;0.2;;;;;;;;;;;;;0.0;0.21;2.26;;;;;;
2019;152;339_001;SSM1-0025;mil;mil_precarachide;SEMIS;0.14;0.0;;;;;;;;;;;;;;;;;;;;;;
2019;121;339_001;SSM1-0025;mil;mil_precarachide;TRAVAIL_SOL;4.59;0.0;;;;;;;;;;;;;;;;;;;;;;
2019;258;340_001;SSM1-0025;mil;mil_precarachide;RECOLTE;27.37;0.0;0.2;;;;;;;;;;;;;0.0;0.21;2.26;;;;;;
2019;152;340_001;SSM1-0025;mil;mil_precarachide;SEMIS;0.35;0.0;;;;;;;;;;;;;;;;;;;;;;
2019;121;340_001;SSM1-0025;mil;mil_precarachide;TRAVAIL_SOL;11.75;0.0;;;;;;;;;;;;;;;;;;;;;;
2019;258;341_001;SSM1-0025;mil;mil_precarachide;RECOLTE;38.01;0.0;0.2;;;;;;;;;;;;;0.0;0.21;2.26;;;;;;
2019;152;341_001;SSM1-0025;mil;mil_precarachide;SEMIS;0.49;0.0;;;;;;;;;;;;;;;;;;;;;;
2019;121;341_001;SSM1-0025;mil;mil_precarachide;TRAVAIL_SOL;16.31;0.0;;;;;;;;;;;;;;;;;;;;;;
2019;258;342_001;SSM1-0025;mil;mil_precarachide;RECOLTE;5.03;0.0;0.2;;;;;;;;;;;;;0.0;0.21;2.26;;;;;;
2019;152;342_001;SSM1-0025;mil;mil_precarachide;SEMIS;0.06;0.0;;;;;;;;;;;;;;;;;;;;;;
2019;121;342_001;SSM1-0025;mil;mil_precarachide;TRAVAIL_SOL;2.16;0.0;;;;;;;;;;;;;;;;;;;;;;
2019;258;343_001;SSM1-0025;mil;mil_precarachide;RECOLTE;11.95;0.0;0.2;;;;;;;;;;;;;0.0;0.21;2.26;;;;;;
2019;152;343_001;SSM1-0025;mil;mil_precarachide;SEMIS;0.15;0.0;;;;;;;;;;;;;;;;;;;;;;
2019;121;343_001;SSM1-0025;mil;mil_precarachide;TRAVAIL_SOL;5.13;0.0;;;;;;;;;;;;;;;;;;;;;;
2019;258;344_001;SSM1-0025;mil;mil_precarachide;RECOLTE;2.04;0.0;0.2;;;;;;;;;;;;;0.0;0.21;2.26;;;;;;
2019;152;344_001;SSM1-0025;mil;mil_precarachide;SEMIS;0.03;0.0;;;;;;;;;;;;;;;;;;;;;;
2019;121;344_001;SSM1-0025;mil;mil_precarachide;TRAVAIL_SOL;0.88;0.0;;;;;;;;;;;;;;;;;;;;;;
2019;258;345_001;SSM1-0025;mil;mil_precarachide;RECOLTE;14.71;0.0;0.2;;;;;;;;;;;;;0.0;0.21;2.26;;;;;;
2019;152;345_001;SSM1-0025;mil;mil_precarachide;SEMIS;0.19;0.0;;;;;;;;;;;;;;;;;;;;;;
2019;121;345_001;SSM1-0025;mil;mil_precarachide;TRAVAIL_SOL;6.31;0.0;;;;;;;;;;;;;;;;;;;;;;
2019;258;346_001;SSM1-0004;mil;mil_precarachide;RECOLTE;17.08;0.0;0.2;;;;;;;;;;;;;0.0;0.21;2.26;;;;;;
2019;152;346_001;SSM1-0004;mil;mil_precarachide;SEMIS;0.22;0.0;;;;;;;;;;;;;;;;;;;;;;
2019;121;346_001;SSM1-0004;mil;mil_precarachide;TRAVAIL_SOL;7.33;0.0;;;;;;;;;;;;;;;;;;;;;;
2019;258;347_001;SSM1-0004;mil;mil_precarachide;RECOLTE;5.09;0.0;0.2;;;;;;;;;;;;;0.0;0.21;2.26;;;;;;
2019;152;347_001;SSM1-0004;mil;mil_precarachide;SEMIS;0.07;0.0;;;;;;;;;;;;;;;;;;;;;;
2019;121;347_001;SSM1-0004;mil;mil_precarachide;TRAVAIL_SOL;2.19;0.0;;;;;;;;;;;;;;;;;;;;;;
2019;258;352_001;SSM1-0026;mil;mil_precarachide;RECOLTE;16.69;0.0;0.2;;;;;;;;;;;;;0.0;0.21;2.26;;;;;;
2019;152;352_001;SSM1-0026;mil;mil_precarachide;SEMIS;0.21;0.0;;;;;;;;;;;;;;;;;;;;;;
2019;121;352_001;SSM1-0026;mil;mil_precarachide;TRAVAIL_SOL;7.17;0.0;;;;;;;;;;;;;;;;;;;;;;
2019;258;353_001;SSM1-0004;mil;mil_precarachide;RECOLTE;2.38;0.0;0.2;;;;;;;;;;;;;0.0;0.21;2.26;;;;;;
2019;152;353_001;SSM1-0004;mil;mil_precarachide;SEMIS;0.03;0.0;;;;;;;;;;;;;;;;;;;;;;
2019;121;353_001;SSM1-0004;mil;mil_precarachide;TRAVAIL_SOL;1.02;0.0;;;;;;;;;;;;;;;;;;;;;;
2019;258;354_001;SSM1-0004;mil;mil_precarachide;RECOLTE;2.64;0.0;0.2;;;;;;;;;;;;;0.0;0.21;2.26;;;;;;
2019;152;354_001;SSM1-0004;mil;mil_precarachide;SEMIS;0.03;0.0;;;;;;;;;;;;;;;;;;;;;;
2019;121;354_001;SSM1-0004;mil;mil_precarachide;TRAVAIL_SOL;1.13;0.0;;;;;;;;;;;;;;;;;;;;;;
2019;258;355_001;SSM1-0004;mil;mil_precarachide;RECOLTE;13.29;0.0;0.2;;;;;;;;;;;;;0.0;0.21;2.26;;;;;;
2019;152;355_001;SSM1-0004;mil;mil_precarachide;SEMIS;0.17;0.0;;;;;;;;;;;;;;;;;;;;;;
2019;121;355_001;SSM1-0004;mil;mil_precarachide;TRAVAIL_SOL;5.7;0.0;;;;;;;;;;;;;;;;;;;;;;
2019;258;356_001;SSM1-0004;mil;mil_precarachide;RECOLTE;8.95;0.0;0.2;;;;;;;;;;;;;0.0;0.21;2.26;;;;;;
2019;152;356_001;SSM1-0004;mil;mil_precarachide;SEMIS;0.11;0.0;;;;;;;;;;;;;;;;;;;;;;
2019;121;356_001;SSM1-0004;mil;mil_precarachide;TRAVAIL_SOL;3.84;0.0;;;;;;;;;;;;;;;;;;;;;;
2019;258;357_001;SSM1-0008;mil;mil_precarachide;RECOLTE;9.39;0.0;0.2;;;;;;;;;;;;;0.0;0.21;2.26;;;;;;
2019;152;357_001;SSM1-0008;mil;mil_precarachide;SEMIS;0.12;0.0;;;;;;;;;;;;;;;;;;;;;;
2019;121;357_001;SSM1-0008;mil;mil_precarachide;TRAVAIL_SOL;4.03;0.0;;;;;;;;;;;;;;;;;;;;;;
2019;258;358_001;SSM1-0008;mil;mil_precarachide;RECOLTE;14.7;0.0;0.2;;;;;;;;;;;;;0.0;0.21;2.26;;;;;;
2019;152;358_001;SSM1-0008;mil;mil_precarachide;SEMIS;0.19;0.0;;;;;;;;;;;;;;;;;;;;;;
2019;121;358_001;SSM1-0008;mil;mil_precarachide;TRAVAIL_SOL;6.31;0.0;;;;;;;;;;;;;;;;;;;;;;
2019;258;359_001;SSM1-0008;mil;mil_precarachide;RECOLTE;26.97;0.0;0.2;;;;;;;;;;;;;0.0;0.21;2.26;;;;;;
2019;152;359_001;SSM1-0008;mil;mil_precarachide;SEMIS;0.34;0.0;;;;;;;;;;;;;;;;;;;;;;
2019;121;359_001;SSM1-0008;mil;mil_precarachide;TRAVAIL_SOL;11.58;0.0;;;;;;;;;;;;;;;;;;;;;;
2019;258;360_001;SSM1-0008;mil;mil_precarachide;RECOLTE;3.78;0.0;0.2;;;;;;;;;;;;;0.0;0.21;2.26;;;;;;
2019;152;360_001;SSM1-0008;mil;mil_precarachide;SEMIS;0.05;0.0;;;;;;;;;;;;;;;;;;;;;;
2019;121;360_001;SSM1-0008;mil;mil_precarachide;TRAVAIL_SOL;1.62;0.0;;;;;;;;;;;;;;;;;;;;;;
2019;258;361_001;SSM1-0008;mil;mil_precarachide;RECOLTE;26.41;0.0;0.2;;;;;;;;;;;;;0.0;0.21;2.26;;;;;;
2019;152;361_001;SSM1-0008;mil;mil_precarachide;SEMIS;0.34;0.0;;;;;;;;;;;;;;;;;;;;;;
2019;121;361_001;SSM1-0008;mil;mil_precarachide;TRAVAIL_SOL;11.34;0.0;;;;;;;;;;;;;;;;;;;;;;
2019;258;362_001;SSM1-0008;mil;mil_precarachide;RECOLTE;12.1;0.0;0.2;;;;;;;;;;;;;0.0;0.21;2.26;;;;;;
2019;152;362_001;SSM1-0008;mil;mil_precarachide;SEMIS;0.15;0.0;;;;;;;;;;;;;;;;;;;;;;
2019;121;362_001;SSM1-0008;mil;mil_precarachide;TRAVAIL_SOL;5.19;0.0;;;;;;;;;;;;;;;;;;;;;;
2019;258;363_001;SSM1-0008;mil;mil_precarachide;RECOLTE;25.36;0.0;0.2;;;;;;;;;;;;;0.0;0.21;2.26;;;;;;
2019;152;363_001;SSM1-0008;mil;mil_precarachide;SEMIS;0.32;0.0;;;;;;;;;;;;;;;;;;;;;;
2019;121;363_001;SSM1-0008;mil;mil_precarachide;TRAVAIL_SOL;10.88;0.0;;;;;;;;;;;;;;;;;;;;;;
2019;258;364_001;SSM1-0008;mil;mil_precarachide;RECOLTE;24.43;0.0;0.2;;;;;;;;;;;;;0.0;0.21;2.26;;;;;;
2019;152;364_001;SSM1-0008;mil;mil_precarachide;SEMIS;0.31;0.0;;;;;;;;;;;;;;;;;;;;;;
2019;121;364_001;SSM1-0008;mil;mil_precarachide;TRAVAIL_SOL;10.49;0.0;;;;;;;;;;;;;;;;;;;;;;
2019;258;365_001;SSM1-0008;mil;mil_precarachide;RECOLTE;10.25;0.0;0.2;;;;;;;;;;;;;0.0;0.21;2.26;;;;;;
2019;152;365_001;SSM1-0008;mil;mil_precarachide;SEMIS;0.13;0.0;;;;;;;;;;;;;;;;;;;;;;
2019;121;365_001;SSM1-0008;mil;mil_precarachide;TRAVAIL_SOL;4.4;0.0;;;;;;;;;;;;;;;;;;;;;;
2019;258;366_001;SSM1-0008;mil;mil_precarachide;RECOLTE;16.53;0.0;0.2;;;;;;;;;;;;;0.0;0.21;2.26;;;;;;
2019;152;366_001;SSM1-0008;mil;mil_precarachide;SEMIS;0.21;0.0;;;;;;;;;;;;;;;;;;;;;;
2019;121;366_001;SSM1-0008;mil;mil_precarachide;TRAVAIL_SOL;7.1;0.0;;;;;;;;;;;;;;;;;;;;;;
2019;258;367_001;SSM1-0008;mil;mil_precarachide;RECOLTE;24.99;0.0;0.2;;;;;;;;;;;;;0.0;0.21;2.26;;;;;;
2019;152;367_001;SSM1-0008;mil;mil_precarachide;SEMIS;0.32;0.0;;;;;;;;;;;;;;;;;;;;;;
2019;121;367_001;SSM1-0008;mil;mil_precarachide;TRAVAIL_SOL;10.73;0.0;;;;;;;;;;;;;;;;;;;;;;
2019;258;368_001;SSM1-0025;mil;mil_precarachide;RECOLTE;33.07;0.0;0.2;;;;;;;;;;;;;0.0;0.21;2.26;;;;;;
2019;152;368_001;SSM1-0025;mil;mil_precarachide;SEMIS;0.42;0.0;;;;;;;;;;;;;;;;;;;;;;
2019;121;368_001;SSM1-0025;mil;mil_precarachide;TRAVAIL_SOL;14.2;0.0;;;;;;;;;;;;;;;;;;;;;;
2019;258;369_001;SSM1-0025;mil;mil_precarachide;RECOLTE;7.12;0.0;0.2;;;;;;;;;;;;;0.0;0.21;2.26;;;;;;
2019;152;369_001;SSM1-0025;mil;mil_precarachide;SEMIS;0.09;0.0;;;;;;;;;;;;;;;;;;;;;;
2019;121;369_001;SSM1-0025;mil;mil_precarachide;TRAVAIL_SOL;3.06;0.0;;;;;;;;;;;;;;;;;;;;;;
2019;258;370_001;SSM1-0014;mil;mil_precarachide;RECOLTE;19.36;0.0;0.2;;;;;;;;;;;;;0.0;0.21;2.26;;;;;;
2019;152;370_001;SSM1-0014;mil;mil_precarachide;SEMIS;0.25;0.0;;;;;;;;;;;;;;;;;;;;;;
2019;121;370_001;SSM1-0014;mil;mil_precarachide;TRAVAIL_SOL;8.31;0.0;;;;;;;;;;;;;;;;;;;;;;
2019;258;371_001;SSM1-0014;mil;mil_precarachide;RECOLTE;12.66;0.0;0.2;;;;;;;;;;;;;0.0;0.21;2.26;;;;;;
2019;152;371_001;SSM1-0014;mil;mil_precarachide;SEMIS;0.16;0.0;;;;;;;;;;;;;;;;;;;;;;
2019;121;371_001;SSM1-0014;mil;mil_precarachide;TRAVAIL_SOL;5.44;0.0;;;;;;;;;;;;;;;;;;;;;;
2019;258;372_001;SSM1-0014;mil;mil_precarachide;RECOLTE;49.14;0.0;0.2;;;;;;;;;;;;;0.0;0.21;2.26;;;;;;
2019;152;372_001;SSM1-0014;mil;mil_precarachide;SEMIS;0.63;0.0;;;;;;;;;;;;;;;;;;;;;;
2019;121;372_001;SSM1-0014;mil;mil_precarachide;TRAVAIL_SOL;21.09;0.0;;;;;;;;;;;;;;;;;;;;;;
2019;258;373_001;SSM1-0014;mil;mil_precarachide;RECOLTE;4.62;0.0;0.2;;;;;;;;;;;;;0.0;0.21;2.26;;;;;;
2019;152;373_001;SSM1-0014;mil;mil_precarachide;SEMIS;0.06;0.0;;;;;;;;;;;;;;;;;;;;;;
2019;121;373_001;SSM1-0014;mil;mil_precarachide;TRAVAIL_SOL;1.98;0.0;;;;;;;;;;;;;;;;;;;;;;
2019;258;374_001;SSM1-0014;mil;mil_precarachide;RECOLTE;30.99;0.0;0.2;;;;;;;;;;;;;0.0;0.21;2.26;;;;;;
2019;152;374_001;SSM1-0014;mil;mil_precarachide;SEMIS;0.4;0.0;;;;;;;;;;;;;;;;;;;;;;
2019;121;374_001;SSM1-0014;mil;mil_precarachide;TRAVAIL_SOL;13.3;0.0;;;;;;;;;;;;;;;;;;;;;;
2019;258;375_001;SSM1-0014;mil;mil_precarachide;RECOLTE;0.44;0.0;0.2;;;;;;;;;;;;;0.0;0.21;2.26;;;;;;
2019;152;375_001;SSM1-0014;mil;mil_precarachide;SEMIS;0.01;0.0;;;;;;;;;;;;;;;;;;;;;;
2019;121;375_001;SSM1-0014;mil;mil_precarachide;TRAVAIL_SOL;0.19;0.0;;;;;;;;;;;;;;;;;;;;;;
2019;258;376_001;SSM1-0014;mil;mil_precarachide;RECOLTE;9.44;0.0;0.2;;;;;;;;;;;;;0.0;0.21;2.26;;;;;;
2019;152;376_001;SSM1-0014;mil;mil_precarachide;SEMIS;0.12;0.0;;;;;;;;;;;;;;;;;;;;;;
2019;121;376_001;SSM1-0014;mil;mil_precarachide;TRAVAIL_SOL;4.05;0.0;;;;;;;;;;;;;;;;;;;;;;
2019;258;377_001;SSM1-0014;mil;mil_precarachide;RECOLTE;17.61;0.0;0.2;;;;;;;;;;;;;0.0;0.21;2.26;;;;;;
2019;152;377_001;SSM1-0014;mil;mil_precarachide;SEMIS;0.23;0.0;;;;;;;;;;;;;;;;;;;;;;
2019;121;377_001;SSM1-0014;mil;mil_precarachide;TRAVAIL_SOL;7.56;0.0;;;;;;;;;;;;;;;;;;;;;;
2019;258;378_001;SSM1-0014;mil;mil_precarachide;RECOLTE;49.75;0.0;0.2;;;;;;;;;;;;;0.0;0.21;2.26;;;;;;
2019;152;378_001;SSM1-0014;mil;mil_precarachide;SEMIS;0.64;0.0;;;;;;;;;;;;;;;;;;;;;;
2019;121;378_001;SSM1-0014;mil;mil_precarachide;TRAVAIL_SOL;21.35;0.0;;;;;;;;;;;;;;;;;;;;;;
2019;258;379_001;SSM1-0014;mil;mil_precarachide;RECOLTE;3.52;0.0;0.2;;;;;;;;;;;;;0.0;0.21;2.26;;;;;;
2019;152;379_001;SSM1-0014;mil;mil_precarachide;SEMIS;0.05;0.0;;;;;;;;;;;;;;;;;;;;;;
2019;121;379_001;SSM1-0014;mil;mil_precarachide;TRAVAIL_SOL;1.51;0.0;;;;;;;;;;;;;;;;;;;;;;
2019;258;380_001;SSM1-0014;mil;mil_precarachide;RECOLTE;23.57;0.0;0.2;;;;;;;;;;;;;0.0;0.21;2.26;;;;;;
2019;152;380_001;SSM1-0014;mil;mil_precarachide;SEMIS;0.3;0.0;;;;;;;;;;;;;;;;;;;;;;
2019;121;380_001;SSM1-0014;mil;mil_precarachide;TRAVAIL_SOL;10.12;0.0;;;;;;;;;;;;;;;;;;;;;;
2019;258;381_001;SSM1-0014;mil;mil_precarachide;RECOLTE;3.79;0.0;0.2;;;;;;;;;;;;;0.0;0.21;2.26;;;;;;
2019;152;381_001;SSM1-0014;mil;mil_precarachide;SEMIS;0.05;0.0;;;;;;;;;;;;;;;;;;;;;;
2019;121;381_001;SSM1-0014;mil;mil_precarachide;TRAVAIL_SOL;1.63;0.0;;;;;;;;;;;;;;;;;;;;;;
2019;258;382_001;SSM1-0014;mil;mil_precarachide;RECOLTE;3.57;0.0;0.2;;;;;;;;;;;;;0.0;0.21;2.26;;;;;;
2019;152;382_001;SSM1-0014;mil;mil_precarachide;SEMIS;0.05;0.0;;;;;;;;;;;;;;;;;;;;;;
2019;121;382_001;SSM1-0014;mil;mil_precarachide;TRAVAIL_SOL;1.53;0.0;;;;;;;;;;;;;;;;;;;;;;
2019;258;383_001;SSM1-0014;mil;mil_precarachide;RECOLTE;34.12;0.0;0.2;;;;;;;;;;;;;0.0;0.21;2.26;;;;;;
2019;152;383_001;SSM1-0014;mil;mil_precarachide;SEMIS;0.44;0.0;;;;;;;;;;;;;;;;;;;;;;
2019;121;383_001;SSM1-0014;mil;mil_precarachide;TRAVAIL_SOL;14.64;0.0;;;;;;;;;;;;;;;;;;;;;;
2019;258;384_001;SSM1-0014;mil;mil_precarachide;RECOLTE;17.11;0.0;0.2;;;;;;;;;;;;;0.0;0.21;2.26;;;;;;
2019;152;384_001;SSM1-0014;mil;mil_precarachide;SEMIS;0.22;0.0;;;;;;;;;;;;;;;;;;;;;;
2019;121;384_001;SSM1-0014;mil;mil_precarachide;TRAVAIL_SOL;7.35;0.0;;;;;;;;;;;;;;;;;;;;;;
2019;258;385_001;SSM1-0014;mil;mil_precarachide;RECOLTE;8.86;0.0;0.2;;;;;;;;;;;;;0.0;0.21;2.26;;;;;;
2019;152;385_001;SSM1-0014;mil;mil_precarachide;SEMIS;0.11;0.0;;;;;;;;;;;;;;;;;;;;;;
2019;121;385_001;SSM1-0014;mil;mil_precarachide;TRAVAIL_SOL;3.8;0.0;;;;;;;;;;;;;;;;;;;;;;
2019;258;386_001;SSM1-0014;mil;mil_precarachide;RECOLTE;23.05;0.0;0.2;;;;;;;;;;;;;0.0;0.21;2.26;;;;;;
2019;152;386_001;SSM1-0014;mil;mil_precarachide;SEMIS;0.29;0.0;;;;;;;;;;;;;;;;;;;;;;
2019;121;386_001;SSM1-0014;mil;mil_precarachide;TRAVAIL_SOL;9.89;0.0;;;;;;;;;;;;;;;;;;;;;;
2019;258;387_001;SSM1-0014;mil;mil_precarachide;RECOLTE;19.83;0.0;0.2;;;;;;;;;;;;;0.0;0.21;2.26;;;;;;
2019;152;387_001;SSM1-0014;mil;mil_precarachide;SEMIS;0.25;0.0;;;;;;;;;;;;;;;;;;;;;;
2019;121;387_001;SSM1-0014;mil;mil_precarachide;TRAVAIL_SOL;8.51;0.0;;;;;;;;;;;;;;;;;;;;;;
2019;258;388_001;SSM1-0014;mil;mil_precarachide;RECOLTE;80.56;0.0;0.2;;;;;;;;;;;;;0.0;0.21;2.26;;;;;;
2019;152;388_001;SSM1-0014;mil;mil_precarachide;SEMIS;1.03;0.0;;;;;;;;;;;;;;;;;;;;;;
2019;121;388_001;SSM1-0014;mil;mil_precarachide;TRAVAIL_SOL;34.58;0.0;;;;;;;;;;;;;;;;;;;;;;
2019;258;389_001;SSM1-0017;mil;mil_precarachide;RECOLTE;6.11;0.0;0.2;;;;;;;;;;;;;0.0;0.21;2.26;;;;;;
2019;152;389_001;SSM1-0017;mil;mil_precarachide;SEMIS;0.08;0.0;;;;;;;;;;;;;;;;;;;;;;
2019;121;389_001;SSM1-0017;mil;mil_precarachide;TRAVAIL_SOL;2.62;0.0;;;;;;;;;;;;;;;;;;;;;;
2019;258;390_001;SSM1-0017;mil;mil_precarachide;RECOLTE;25.33;0.0;0.2;;;;;;;;;;;;;0.0;0.21;2.26;;;;;;
2019;152;390_001;SSM1-0017;mil;mil_precarachide;SEMIS;0.32;0.0;;;;;;;;;;;;;;;;;;;;;;
2019;121;390_001;SSM1-0017;mil;mil_precarachide;TRAVAIL_SOL;10.87;0.0;;;;;;;;;;;;;;;;;;;;;;
2019;258;391_001;SSM1-0010;mil;mil_precarachide;RECOLTE;9.17;0.0;0.2;;;;;;;;;;;;;0.0;0.21;2.26;;;;;;
2019;152;391_001;SSM1-0010;mil;mil_precarachide;SEMIS;0.12;0.0;;;;;;;;;;;;;;;;;;;;;;
2019;121;391_001;SSM1-0010;mil;mil_precarachide;TRAVAIL_SOL;3.94;0.0;;;;;;;;;;;;;;;;;;;;;;
2019;258;392_001;SSM1-0007;mil;mil_precarachide;RECOLTE;20.66;0.0;0.2;;;;;;;;;;;;;0.0;0.21;2.26;;;;;;
2019;152;392_001;SSM1-0007;mil;mil_precarachide;SEMIS;0.26;0.0;;;;;;;;;;;;;;;;;;;;;;
2019;121;392_001;SSM1-0007;mil;mil_precarachide;TRAVAIL_SOL;8.87;0.0;;;;;;;;;;;;;;;;;;;;;;
2019;258;393_001;SSM1-0007;mil;mil_precarachide;RECOLTE;4.31;0.0;0.2;;;;;;;;;;;;;0.0;0.21;2.26;;;;;;
2019;152;393_001;SSM1-0007;mil;mil_precarachide;SEMIS;0.06;0.0;;;;;;;;;;;;;;;;;;;;;;
2019;121;393_001;SSM1-0007;mil;mil_precarachide;TRAVAIL_SOL;1.85;0.0;;;;;;;;;;;;;;;;;;;;;;
2019;258;394_001;SSM1-0007;mil;mil_precarachide;RECOLTE;16.76;0.0;0.2;;;;;;;;;;;;;0.0;0.21;2.26;;;;;;
2019;152;394_001;SSM1-0007;mil;mil_precarachide;SEMIS;0.21;0.0;;;;;;;;;;;;;;;;;;;;;;
2019;121;394_001;SSM1-0007;mil;mil_precarachide;TRAVAIL_SOL;7.19;0.0;;;;;;;;;;;;;;;;;;;;;;
2019;258;395_001;SSM1-0007;mil;mil_precarachide;RECOLTE;20.37;0.0;0.2;;;;;;;;;;;;;0.0;0.21;2.26;;;;;;
2019;152;395_001;SSM1-0007;mil;mil_precarachide;SEMIS;0.26;0.0;;;;;;;;;;;;;;;;;;;;;;
2019;121;395_001;SSM1-0007;mil;mil_precarachide;TRAVAIL_SOL;8.74;0.0;;;;;;;;;;;;;;;;;;;;;;
2019;258;396_001;SSM1-0007;mil;mil_precarachide;RECOLTE;0.69;0.0;0.2;;;;;;;;;;;;;0.0;0.21;2.26;;;;;;
2019;152;396_001;SSM1-0007;mil;mil_precarachide;SEMIS;0.01;0.0;;;;;;;;;;;;;;;;;;;;;;
2019;121;396_001;SSM1-0007;mil;mil_precarachide;TRAVAIL_SOL;0.3;0.0;;;;;;;;;;;;;;;;;;;;;;
2019;258;397_001;SSM1-0007;mil;mil_precarachide;RECOLTE;6.52;0.0;0.2;;;;;;;;;;;;;0.0;0.21;2.26;;;;;;
2019;152;397_001;SSM1-0007;mil;mil_precarachide;SEMIS;0.08;0.0;;;;;;;;;;;;;;;;;;;;;;
2019;121;397_001;SSM1-0007;mil;mil_precarachide;TRAVAIL_SOL;2.8;0.0;;;;;;;;;;;;;;;;;;;;;;
2019;258;398_001;SSM1-0007;mil;mil_precarachide;RECOLTE;10.82;0.0;0.2;;;;;;;;;;;;;0.0;0.21;2.26;;;;;;
2019;152;398_001;SSM1-0007;mil;mil_precarachide;SEMIS;0.14;0.0;;;;;;;;;;;;;;;;;;;;;;
2019;121;398_001;SSM1-0007;mil;mil_precarachide;TRAVAIL_SOL;4.64;0.0;;;;;;;;;;;;;;;;;;;;;;
2019;258;399_001;SSM1-0007;mil;mil_precarachide;RECOLTE;0.34;0.0;0.2;;;;;;;;;;;;;0.0;0.21;2.26;;;;;;
2019;152;399_001;SSM1-0007;mil;mil_precarachide;SEMIS;0.0;0.0;;;;;;;;;;;;;;;;;;;;;;
2019;121;399_001;SSM1-0007;mil;mil_precarachide;TRAVAIL_SOL;0.14;0.0;;;;;;;;;;;;;;;;;;;;;;
2019;258;400_001;SSM1-0007;mil;mil_precarachide;RECOLTE;10.34;0.0;0.2;;;;;;;;;;;;;0.0;0.21;2.26;;;;;;
2019;152;400_001;SSM1-0007;mil;mil_precarachide;SEMIS;0.13;0.0;;;;;;;;;;;;;;;;;;;;;;
2019;121;400_001;SSM1-0007;mil;mil_precarachide;TRAVAIL_SOL;4.44;0.0;;;;;;;;;;;;;;;;;;;;;;
2019;258;401_001;SSM1-0007;mil;mil_precarachide;RECOLTE;25.69;0.0;0.2;;;;;;;;;;;;;0.0;0.21;2.26;;;;;;
2019;152;401_001;SSM1-0007;mil;mil_precarachide;SEMIS;0.33;0.0;;;;;;;;;;;;;;;;;;;;;;
2019;121;401_001;SSM1-0007;mil;mil_precarachide;TRAVAIL_SOL;11.03;0.0;;;;;;;;;;;;;;;;;;;;;;
2019;258;402_001;SSM1-0007;mil;mil_precarachide;RECOLTE;10.23;0.0;0.2;;;;;;;;;;;;;0.0;0.21;2.26;;;;;;
2019;152;402_001;SSM1-0007;mil;mil_precarachide;SEMIS;0.13;0.0;;;;;;;;;;;;;;;;;;;;;;
2019;121;402_001;SSM1-0007;mil;mil_precarachide;TRAVAIL_SOL;4.39;0.0;;;;;;;;;;;;;;;;;;;;;;
2019;258;403_001;SSM1-0007;mil;mil_precarachide;RECOLTE;17.74;0.0;0.2;;;;;;;;;;;;;0.0;0.21;2.26;;;;;;
2019;152;403_001;SSM1-0007;mil;mil_precarachide;SEMIS;0.23;0.0;;;;;;;;;;;;;;;;;;;;;;
2019;121;403_001;SSM1-0007;mil;mil_precarachide;TRAVAIL_SOL;7.62;0.0;;;;;;;;;;;;;;;;;;;;;;
2019;258;404_001;SSM1-0022;mil;mil_precarachide;RECOLTE;20.8;0.0;0.2;;;;;;;;;;;;;0.0;0.21;2.26;;;;;;
2019;152;404_001;SSM1-0022;mil;mil_precarachide;SEMIS;0.27;0.0;;;;;;;;;;;;;;;;;;;;;;
2019;121;404_001;SSM1-0022;mil;mil_precarachide;TRAVAIL_SOL;8.93;0.0;;;;;;;;;;;;;;;;;;;;;;
2019;258;405_001;SSM1-0022;mil;mil_precarachide;RECOLTE;12.67;0.0;0.2;;;;;;;;;;;;;0.0;0.21;2.26;;;;;;
2019;152;405_001;SSM1-0022;mil;mil_precarachide;SEMIS;0.16;0.0;;;;;;;;;;;;;;;;;;;;;;
2019;121;405_001;SSM1-0022;mil;mil_precarachide;TRAVAIL_SOL;5.44;0.0;;;;;;;;;;;;;;;;;;;;;;
2019;258;406_001;SSM1-0022;mil;mil_precarachide;RECOLTE;27.71;0.0;0.2;;;;;;;;;;;;;0.0;0.21;2.26;;;;;;
2019;152;406_001;SSM1-0022;mil;mil_precarachide;SEMIS;0.35;0.0;;;;;;;;;;;;;;;;;;;;;;
2019;121;406_001;SSM1-0022;mil;mil_precarachide;TRAVAIL_SOL;11.89;0.0;;;;;;;;;;;;;;;;;;;;;;
2019;258;407_001;SSM1-0022;mil;mil_precarachide;RECOLTE;6.38;0.0;0.2;;;;;;;;;;;;;0.0;0.21;2.26;;;;;;
2019;152;407_001;SSM1-0022;mil;mil_precarachide;SEMIS;0.08;0.0;;;;;;;;;;;;;;;;;;;;;;
2019;121;407_001;SSM1-0022;mil;mil_precarachide;TRAVAIL_SOL;2.74;0.0;;;;;;;;;;;;;;;;;;;;;;
2019;258;408_001;SSM1-0022;mil;mil_precarachide;RECOLTE;39.88;0.0;0.2;;;;;;;;;;;;;0.0;0.21;2.26;;;;;;
2019;152;408_001;SSM1-0022;mil;mil_precarachide;SEMIS;0.51;0.0;;;;;;;;;;;;;;;;;;;;;;
2019;121;408_001;SSM1-0022;mil;mil_precarachide;TRAVAIL_SOL;17.12;0.0;;;;;;;;;;;;;;;;;;;;;;
2019;258;409_001;SSM1-0022;mil;mil_precarachide;RECOLTE;4.68;0.0;0.2;;;;;;;;;;;;;0.0;0.21;2.26;;;;;;
2019;152;409_001;SSM1-0022;mil;mil_precarachide;SEMIS;0.06;0.0;;;;;;;;;;;;;;;;;;;;;;
2019;121;409_001;SSM1-0022;mil;mil_precarachide;TRAVAIL_SOL;2.01;0.0;;;;;;;;;;;;;;;;;;;;;;
2019;258;410_001;SSM1-0022;mil;mil_precarachide;RECOLTE;7.61;0.0;0.2;;;;;;;;;;;;;0.0;0.21;2.26;;;;;;
2019;152;410_001;SSM1-0022;mil;mil_precarachide;SEMIS;0.1;0.0;;;;;;;;;;;;;;;;;;;;;;
2019;121;410_001;SSM1-0022;mil;mil_precarachide;TRAVAIL_SOL;3.27;0.0;;;;;;;;;;;;;;;;;;;;;;
2019;258;411_001;SSM1-0022;mil;mil_precarachide;RECOLTE;1.91;0.0;0.2;;;;;;;;;;;;;0.0;0.21;2.26;;;;;;
2019;152;411_001;SSM1-0022;mil;mil_precarachide;SEMIS;0.02;0.0;;;;;;;;;;;;;;;;;;;;;;
2019;121;411_001;SSM1-0022;mil;mil_precarachide;TRAVAIL_SOL;0.82;0.0;;;;;;;;;;;;;;;;;;;;;;
2019;258;412_001;SSM1-0022;mil;mil_precarachide;RECOLTE;6.43;0.0;0.2;;;;;;;;;;;;;0.0;0.21;2.26;;;;;;
2019;152;412_001;SSM1-0022;mil;mil_precarachide;SEMIS;0.08;0.0;;;;;;;;;;;;;;;;;;;;;;
2019;121;412_001;SSM1-0022;mil;mil_precarachide;TRAVAIL_SOL;2.76;0.0;;;;;;;;;;;;;;;;;;;;;;
2019;258;413_001;SSM1-0013;mil;mil_precarachide;RECOLTE;5.96;0.0;0.2;;;;;;;;;;;;;0.0;0.21;2.26;;;;;;
2019;152;413_001;SSM1-0013;mil;mil_precarachide;SEMIS;0.08;0.0;;;;;;;;;;;;;;;;;;;;;;
2019;121;413_001;SSM1-0013;mil;mil_precarachide;TRAVAIL_SOL;2.56;0.0;;;;;;;;;;;;;;;;;;;;;;
2019;258;414_001;SSM1-0013;mil;mil_precarachide;RECOLTE;24.77;0.0;0.2;;;;;;;;;;;;;0.0;0.21;2.26;;;;;;
2019;152;414_001;SSM1-0013;mil;mil_precarachide;SEMIS;0.32;0.0;;;;;;;;;;;;;;;;;;;;;;
2019;121;414_001;SSM1-0013;mil;mil_precarachide;TRAVAIL_SOL;10.63;0.0;;;;;;;;;;;;;;;;;;;;;;
2019;258;415_001;SSM1-0013;mil;mil_precarachide;RECOLTE;2.45;0.0;0.2;;;;;;;;;;;;;0.0;0.21;2.26;;;;;;
2019;152;415_001;SSM1-0013;mil;mil_precarachide;SEMIS;0.03;0.0;;;;;;;;;;;;;;;;;;;;;;
2019;121;415_001;SSM1-0013;mil;mil_precarachide;TRAVAIL_SOL;1.05;0.0;;;;;;;;;;;;;;;;;;;;;;
2019;258;416_001;SSM1-0013;mil;mil_precarachide;RECOLTE;0.17;0.0;0.2;;;;;;;;;;;;;0.0;0.21;2.26;;;;;;
2019;152;416_001;SSM1-0013;mil;mil_precarachide;SEMIS;0.0;0.0;;;;;;;;;;;;;;;;;;;;;;
2019;121;416_001;SSM1-0013;mil;mil_precarachide;TRAVAIL_SOL;0.07;0.0;;;;;;;;;;;;;;;;;;;;;;
2019;258;417_001;SSM1-0013;mil;mil_precarachide;RECOLTE;14.62;0.0;0.2;;;;;;;;;;;;;0.0;0.21;2.26;;;;;;
2019;152;417_001;SSM1-0013;mil;mil_precarachide;SEMIS;0.19;0.0;;;;;;;;;;;;;;;;;;;;;;
2019;121;417_001;SSM1-0013;mil;mil_precarachide;TRAVAIL_SOL;6.28;0.0;;;;;;;;;;;;;;;;;;;;;;
2019;258;418_001;SSM1-0013;mil;mil_precarachide;RECOLTE;3.88;0.0;0.2;;;;;;;;;;;;;0.0;0.21;2.26;;;;;;
2019;152;418_001;SSM1-0013;mil;mil_precarachide;SEMIS;0.05;0.0;;;;;;;;;;;;;;;;;;;;;;
2019;121;418_001;SSM1-0013;mil;mil_precarachide;TRAVAIL_SOL;1.67;0.0;;;;;;;;;;;;;;;;;;;;;;
2019;258;419_001;SSM1-0013;mil;mil_precarachide;RECOLTE;18.03;0.0;0.2;;;;;;;;;;;;;0.0;0.21;2.26;;;;;;
2019;152;419_001;SSM1-0013;mil;mil_precarachide;SEMIS;0.23;0.0;;;;;;;;;;;;;;;;;;;;;;
2019;121;419_001;SSM1-0013;mil;mil_precarachide;TRAVAIL_SOL;7.74;0.0;;;;;;;;;;;;;;;;;;;;;;
2019;258;420_001;SSM1-0013;mil;mil_precarachide;RECOLTE;3.2;0.0;0.2;;;;;;;;;;;;;0.0;0.21;2.26;;;;;;
2019;152;420_001;SSM1-0013;mil;mil_precarachide;SEMIS;0.04;0.0;;;;;;;;;;;;;;;;;;;;;;
2019;121;420_001;SSM1-0013;mil;mil_precarachide;TRAVAIL_SOL;1.37;0.0;;;;;;;;;;;;;;;;;;;;;;
2019;258;421_001;SSM1-0013;mil;mil_precarachide;RECOLTE;6.66;0.0;0.2;;;;;;;;;;;;;0.0;0.21;2.26;;;;;;
2019;152;421_001;SSM1-0013;mil;mil_precarachide;SEMIS;0.09;0.0;;;;;;;;;;;;;;;;;;;;;;
2019;121;421_001;SSM1-0013;mil;mil_precarachide;TRAVAIL_SOL;2.86;0.0;;;;;;;;;;;;;;;;;;;;;;
2019;258;422_001;SSM1-0003;mil;mil_precarachide;RECOLTE;43.62;0.0;0.2;;;;;;;;;;;;;0.0;0.21;2.26;;;;;;
2019;152;422_001;SSM1-0003;mil;mil_precarachide;SEMIS;0.56;0.0;;;;;;;;;;;;;;;;;;;;;;
2019;121;422_001;SSM1-0003;mil;mil_precarachide;TRAVAIL_SOL;18.72;0.0;;;;;;;;;;;;;;;;;;;;;;
2019;258;423_001;SSM1-0027;mil;mil_precarachide;RECOLTE;3.96;0.0;0.2;;;;;;;;;;;;;0.0;0.21;2.26;;;;;;
2019;152;423_001;SSM1-0027;mil;mil_precarachide;SEMIS;0.05;0.0;;;;;;;;;;;;;;;;;;;;;;
2019;121;423_001;SSM1-0027;mil;mil_precarachide;TRAVAIL_SOL;1.7;0.0;;;;;;;;;;;;;;;;;;;;;;
2019;258;424_001;SSM1-0027;mil;mil_precarachide;RECOLTE;16.88;0.0;0.2;;;;;;;;;;;;;0.0;0.21;2.26;;;;;;
2019;152;424_001;SSM1-0027;mil;mil_precarachide;SEMIS;0.22;0.0;;;;;;;;;;;;;;;;;;;;;;
2019;121;424_001;SSM1-0027;mil;mil_precarachide;TRAVAIL_SOL;7.25;0.0;;;;;;;;;;;;;;;;;;;;;;
2019;258;425_001;SSM1-0027;mil;mil_precarachide;RECOLTE;0.66;0.0;0.2;;;;;;;;;;;;;0.0;0.21;2.26;;;;;;
2019;152;425_001;SSM1-0027;mil;mil_precarachide;SEMIS;0.01;0.0;;;;;;;;;;;;;;;;;;;;;;
2019;121;425_001;SSM1-0027;mil;mil_precarachide;TRAVAIL_SOL;0.29;0.0;;;;;;;;;;;;;;;;;;;;;;
2019;258;426_001;SSM1-0027;mil;mil_precarachide;RECOLTE;22.96;0.0;0.2;;;;;;;;;;;;;0.0;0.21;2.26;;;;;;
2019;152;426_001;SSM1-0027;mil;mil_precarachide;SEMIS;0.29;0.0;;;;;;;;;;;;;;;;;;;;;;
2019;121;426_001;SSM1-0027;mil;mil_precarachide;TRAVAIL_SOL;9.86;0.0;;;;;;;;;;;;;;;;;;;;;;
2019;258;427_001;SSM1-0027;mil;mil_precarachide;RECOLTE;0.4;0.0;0.2;;;;;;;;;;;;;0.0;0.21;2.26;;;;;;
2019;152;427_001;SSM1-0027;mil;mil_precarachide;SEMIS;0.01;0.0;;;;;;;;;;;;;;;;;;;;;;
2019;121;427_001;SSM1-0027;mil;mil_precarachide;TRAVAIL_SOL;0.17;0.0;;;;;;;;;;;;;;;;;;;;;;
2019;258;428_001;SSM1-0027;mil;mil_precarachide;RECOLTE;17.63;0.0;0.2;;;;;;;;;;;;;0.0;0.21;2.26;;;;;;
2019;152;428_001;SSM1-0027;mil;mil_precarachide;SEMIS;0.23;0.0;;;;;;;;;;;;;;;;;;;;;;
2019;121;428_001;SSM1-0027;mil;mil_precarachide;TRAVAIL_SOL;7.57;0.0;;;;;;;;;;;;;;;;;;;;;;
2019;258;429_001;SSM1-0027;mil;mil_precarachide;RECOLTE;2.36;0.0;0.2;;;;;;;;;;;;;0.0;0.21;2.26;;;;;;
2019;152;429_001;SSM1-0027;mil;mil_precarachide;SEMIS;0.03;0.0;;;;;;;;;;;;;;;;;;;;;;
2019;121;429_001;SSM1-0027;mil;mil_precarachide;TRAVAIL_SOL;1.01;0.0;;;;;;;;;;;;;;;;;;;;;;
2019;258;430_001;SSM1-0027;mil;mil_precarachide;RECOLTE;21.52;0.0;0.2;;;;;;;;;;;;;0.0;0.21;2.26;;;;;;
2019;152;430_001;SSM1-0027;mil;mil_precarachide;SEMIS;0.28;0.0;;;;;;;;;;;;;;;;;;;;;;
2019;121;430_001;SSM1-0027;mil;mil_precarachide;TRAVAIL_SOL;9.24;0.0;;;;;;;;;;;;;;;;;;;;;;
2019;258;431_001;SSM1-0027;mil;mil_precarachide;RECOLTE;25.53;0.0;0.2;;;;;;;;;;;;;0.0;0.21;2.26;;;;;;
2019;152;431_001;SSM1-0027;mil;mil_precarachide;SEMIS;0.33;0.0;;;;;;;;;;;;;;;;;;;;;;
2019;121;431_001;SSM1-0027;mil;mil_precarachide;TRAVAIL_SOL;10.96;0.0;;;;;;;;;;;;;;;;;;;;;;
2019;258;432_001;SSM1-0027;mil;mil_precarachide;RECOLTE;14.46;0.0;0.2;;;;;;;;;;;;;0.0;0.21;2.26;;;;;;
2019;152;432_001;SSM1-0027;mil;mil_precarachide;SEMIS;0.18;0.0;;;;;;;;;;;;;;;;;;;;;;
2019;121;432_001;SSM1-0027;mil;mil_precarachide;TRAVAIL_SOL;6.21;0.0;;;;;;;;;;;;;;;;;;;;;;
2019;258;433_001;SSM1-0027;mil;mil_precarachide;RECOLTE;15.3;0.0;0.2;;;;;;;;;;;;;0.0;0.21;2.26;;;;;;
2019;152;433_001;SSM1-0027;mil;mil_precarachide;SEMIS;0.2;0.0;;;;;;;;;;;;;;;;;;;;;;
2019;121;433_001;SSM1-0027;mil;mil_precarachide;TRAVAIL_SOL;6.57;0.0;;;;;;;;;;;;;;;;;;;;;;
2019;258;434_001;SSM1-0027;mil;mil_precarachide;RECOLTE;5.68;0.0;0.2;;;;;;;;;;;;;0.0;0.21;2.26;;;;;;
2019;152;434_001;SSM1-0027;mil;mil_precarachide;SEMIS;0.07;0.0;;;;;;;;;;;;;;;;;;;;;;
2019;121;434_001;SSM1-0027;mil;mil_precarachide;TRAVAIL_SOL;2.44;0.0;;;;;;;;;;;;;;;;;;;;;;
2019;258;435_001;SSM1-0027;mil;mil_precarachide;RECOLTE;45.25;0.0;0.2;;;;;;;;;;;;;0.0;0.21;2.26;;;;;;
2019;152;435_001;SSM1-0027;mil;mil_precarachide;SEMIS;0.58;0.0;;;;;;;;;;;;;;;;;;;;;;
2019;121;435_001;SSM1-0027;mil;mil_precarachide;TRAVAIL_SOL;19.43;0.0;;;;;;;;;;;;;;;;;;;;;;
2019;258;436_001;SSM1-0027;mil;mil_precarachide;RECOLTE;5.06;0.0;0.2;;;;;;;;;;;;;0.0;0.21;2.26;;;;;;
2019;152;436_001;SSM1-0027;mil;mil_precarachide;SEMIS;0.06;0.0;;;;;;;;;;;;;;;;;;;;;;
2019;121;436_001;SSM1-0027;mil;mil_precarachide;TRAVAIL_SOL;2.17;0.0;;;;;;;;;;;;;;;;;;;;;;
2019;258;437_001;SSM1-0027;mil;mil_precarachide;RECOLTE;13.87;0.0;0.2;;;;;;;;;;;;;0.0;0.21;2.26;;;;;;
2019;152;437_001;SSM1-0027;mil;mil_precarachide;SEMIS;0.18;0.0;;;;;;;;;;;;;;;;;;;;;;
2019;121;437_001;SSM1-0027;mil;mil_precarachide;TRAVAIL_SOL;5.96;0.0;;;;;;;;;;;;;;;;;;;;;;
2019;258;438_001;SSM1-0027;mil;mil_precarachide;RECOLTE;8.68;0.0;0.2;;;;;;;;;;;;;0.0;0.21;2.26;;;;;;
2019;152;438_001;SSM1-0027;mil;mil_precarachide;SEMIS;0.11;0.0;;;;;;;;;;;;;;;;;;;;;;
2019;121;438_001;SSM1-0027;mil;mil_precarachide;TRAVAIL_SOL;3.73;0.0;;;;;;;;;;;;;;;;;;;;;;
2019;258;439_001;SSM1-0027;mil;mil_precarachide;RECOLTE;68.01;0.0;0.2;;;;;;;;;;;;;0.0;0.21;2.26;;;;;;
2019;152;439_001;SSM1-0027;mil;mil_precarachide;SEMIS;0.87;0.0;;;;;;;;;;;;;;;;;;;;;;
2019;121;439_001;SSM1-0027;mil;mil_precarachide;TRAVAIL_SOL;29.19;0.0;;;;;;;;;;;;;;;;;;;;;;
2019;258;440_001;SSM1-0027;mil;mil_precarachide;RECOLTE;12.35;0.0;0.2;;;;;;;;;;;;;0.0;0.21;2.26;;;;;;
2019;152;440_001;SSM1-0027;mil;mil_precarachide;SEMIS;0.16;0.0;;;;;;;;;;;;;;;;;;;;;;
2019;121;440_001;SSM1-0027;mil;mil_precarachide;TRAVAIL_SOL;5.3;0.0;;;;;;;;;;;;;;;;;;;;;;
2019;258;441_001;SSM1-0028;mil;mil_precarachide;RECOLTE;23.56;0.0;0.2;;;;;;;;;;;;;0.0;0.21;2.26;;;;;;
2019;152;441_001;SSM1-0028;mil;mil_precarachide;SEMIS;0.3;0.0;;;;;;;;;;;;;;;;;;;;;;
2019;121;441_001;SSM1-0028;mil;mil_precarachide;TRAVAIL_SOL;10.11;0.0;;;;;;;;;;;;;;;;;;;;;;
2019;258;442_001;SSM1-0028;mil;mil_precarachide;RECOLTE;7.85;0.0;0.2;;;;;;;;;;;;;0.0;0.21;2.26;;;;;;
2019;152;442_001;SSM1-0028;mil;mil_precarachide;SEMIS;0.1;0.0;;;;;;;;;;;;;;;;;;;;;;
2019;121;442_001;SSM1-0028;mil;mil_precarachide;TRAVAIL_SOL;3.37;0.0;;;;;;;;;;;;;;;;;;;;;;
2019;258;443_001;SSM1-0028;mil;mil_precarachide;RECOLTE;38.64;0.0;0.2;;;;;;;;;;;;;0.0;0.21;2.26;;;;;;
2019;152;443_001;SSM1-0028;mil;mil_precarachide;SEMIS;0.49;0.0;;;;;;;;;;;;;;;;;;;;;;
2019;121;443_001;SSM1-0028;mil;mil_precarachide;TRAVAIL_SOL;16.59;0.0;;;;;;;;;;;;;;;;;;;;;;
2019;258;444_001;SSM1-0028;mil;mil_precarachide;RECOLTE;7.52;0.0;0.2;;;;;;;;;;;;;0.0;0.21;2.26;;;;;;
2019;152;444_001;SSM1-0028;mil;mil_precarachide;SEMIS;0.1;0.0;;;;;;;;;;;;;;;;;;;;;;
2019;121;444_001;SSM1-0028;mil;mil_precarachide;TRAVAIL_SOL;3.23;0.0;;;;;;;;;;;;;;;;;;;;;;
2019;258;445_001;SSM1-0028;mil;mil_precarachide;RECOLTE;14.26;0.0;0.2;;;;;;;;;;;;;0.0;0.21;2.26;;;;;;
2019;152;445_001;SSM1-0028;mil;mil_precarachide;SEMIS;0.18;0.0;;;;;;;;;;;;;;;;;;;;;;
2019;121;445_001;SSM1-0028;mil;mil_precarachide;TRAVAIL_SOL;6.12;0.0;;;;;;;;;;;;;;;;;;;;;;
2019;258;446_001;SSM1-0028;mil;mil_precarachide;RECOLTE;4.83;0.0;0.2;;;;;;;;;;;;;0.0;0.21;2.26;;;;;;
2019;152;446_001;SSM1-0028;mil;mil_precarachide;SEMIS;0.06;0.0;;;;;;;;;;;;;;;;;;;;;;
2019;121;446_001;SSM1-0028;mil;mil_precarachide;TRAVAIL_SOL;2.07;0.0;;;;;;;;;;;;;;;;;;;;;;
2019;258;447_001;SSM1-0028;mil;mil_precarachide;RECOLTE;13.41;0.0;0.2;;;;;;;;;;;;;0.0;0.21;2.26;;;;;;
2019;152;447_001;SSM1-0028;mil;mil_precarachide;SEMIS;0.17;0.0;;;;;;;;;;;;;;;;;;;;;;
2019;121;447_001;SSM1-0028;mil;mil_precarachide;TRAVAIL_SOL;5.75;0.0;;;;;;;;;;;;;;;;;;;;;;
2019;258;448_001;SSM1-0028;mil;mil_precarachide;RECOLTE;5.02;0.0;0.2;;;;;;;;;;;;;0.0;0.21;2.26;;;;;;
2019;152;448_001;SSM1-0028;mil;mil_precarachide;SEMIS;0.06;0.0;;;;;;;;;;;;;;;;;;;;;;
2019;121;448_001;SSM1-0028;mil;mil_precarachide;TRAVAIL_SOL;2.15;0.0;;;;;;;;;;;;;;;;;;;;;;
2019;258;449_001;SSM1-0028;mil;mil_precarachide;RECOLTE;16.27;0.0;0.2;;;;;;;;;;;;;0.0;0.21;2.26;;;;;;
2019;152;449_001;SSM1-0028;mil;mil_precarachide;SEMIS;0.21;0.0;;;;;;;;;;;;;;;;;;;;;;
2019;121;449_001;SSM1-0028;mil;mil_precarachide;TRAVAIL_SOL;6.99;0.0;;;;;;;;;;;;;;;;;;;;;;
2019;258;450_001;SSM1-0028;mil;mil_precarachide;RECOLTE;8.67;0.0;0.2;;;;;;;;;;;;;0.0;0.21;2.26;;;;;;
2019;152;450_001;SSM1-0028;mil;mil_precarachide;SEMIS;0.11;0.0;;;;;;;;;;;;;;;;;;;;;;
2019;121;450_001;SSM1-0028;mil;mil_precarachide;TRAVAIL_SOL;3.72;0.0;;;;;;;;;;;;;;;;;;;;;;
2019;258;451_001;SSM1-0028;mil;mil_precarachide;RECOLTE;6.81;0.0;0.2;;;;;;;;;;;;;0.0;0.21;2.26;;;;;;
2019;152;451_001;SSM1-0028;mil;mil_precarachide;SEMIS;0.09;0.0;;;;;;;;;;;;;;;;;;;;;;
2019;121;451_001;SSM1-0028;mil;mil_precarachide;TRAVAIL_SOL;2.92;0.0;;;;;;;;;;;;;;;;;;;;;;
2019;258;452_001;SSM1-0028;mil;mil_precarachide;RECOLTE;13.81;0.0;0.2;;;;;;;;;;;;;0.0;0.21;2.26;;;;;;
2019;152;452_001;SSM1-0028;mil;mil_precarachide;SEMIS;0.18;0.0;;;;;;;;;;;;;;;;;;;;;;
2019;121;452_001;SSM1-0028;mil;mil_precarachide;TRAVAIL_SOL;5.93;0.0;;;;;;;;;;;;;;;;;;;;;;
2019;258;453_001;SSM1-0028;mil;mil_precarachide;RECOLTE;5.23;0.0;0.2;;;;;;;;;;;;;0.0;0.21;2.26;;;;;;
2019;152;453_001;SSM1-0028;mil;mil_precarachide;SEMIS;0.07;0.0;;;;;;;;;;;;;;;;;;;;;;
2019;121;453_001;SSM1-0028;mil;mil_precarachide;TRAVAIL_SOL;2.24;0.0;;;;;;;;;;;;;;;;;;;;;;
2019;258;454_001;SSM1-0028;mil;mil_precarachide;RECOLTE;3.65;0.0;0.2;;;;;;;;;;;;;0.0;0.21;2.26;;;;;;
2019;152;454_001;SSM1-0028;mil;mil_precarachide;SEMIS;0.05;0.0;;;;;;;;;;;;;;;;;;;;;;
2019;121;454_001;SSM1-0028;mil;mil_precarachide;TRAVAIL_SOL;1.57;0.0;;;;;;;;;;;;;;;;;;;;;;
2019;258;455_001;SSM1-0028;mil;mil_precarachide;RECOLTE;0.81;0.0;0.2;;;;;;;;;;;;;0.0;0.21;2.26;;;;;;
2019;152;455_001;SSM1-0028;mil;mil_precarachide;SEMIS;0.01;0.0;;;;;;;;;;;;;;;;;;;;;;
2019;121;455_001;SSM1-0028;mil;mil_precarachide;TRAVAIL_SOL;0.35;0.0;;;;;;;;;;;;;;;;;;;;;;
2019;258;456_001;SSM1-0028;mil;mil_precarachide;RECOLTE;41.21;0.0;0.2;;;;;;;;;;;;;0.0;0.21;2.26;;;;;;
2019;152;456_001;SSM1-0028;mil;mil_precarachide;SEMIS;0.53;0.0;;;;;;;;;;;;;;;;;;;;;;
2019;121;456_001;SSM1-0028;mil;mil_precarachide;TRAVAIL_SOL;17.69;0.0;;;;;;;;;;;;;;;;;;;;;;
2019;258;457_001;SSM1-0028;mil;mil_precarachide;RECOLTE;4.26;0.0;0.2;;;;;;;;;;;;;0.0;0.21;2.26;;;;;;
2019;152;457_001;SSM1-0028;mil;mil_precarachide;SEMIS;0.05;0.0;;;;;;;;;;;;;;;;;;;;;;
2019;121;457_001;SSM1-0028;mil;mil_precarachide;TRAVAIL_SOL;1.83;0.0;;;;;;;;;;;;;;;;;;;;;;
2019;258;458_001;SSM1-0028;mil;mil_precarachide;RECOLTE;32.09;0.0;0.2;;;;;;;;;;;;;0.0;0.21;2.26;;;;;;
2019;152;458_001;SSM1-0028;mil;mil_precarachide;SEMIS;0.41;0.0;;;;;;;;;;;;;;;;;;;;;;
2019;121;458_001;SSM1-0028;mil;mil_precarachide;TRAVAIL_SOL;13.78;0.0;;;;;;;;;;;;;;;;;;;;;;
2019;258;459_001;SSM1-0028;mil;mil_precarachide;RECOLTE;22.51;0.0;0.2;;;;;;;;;;;;;0.0;0.21;2.26;;;;;;
2019;152;459_001;SSM1-0028;mil;mil_precarachide;SEMIS;0.29;0.0;;;;;;;;;;;;;;;;;;;;;;
2019;121;459_001;SSM1-0028;mil;mil_precarachide;TRAVAIL_SOL;9.66;0.0;;;;;;;;;;;;;;;;;;;;;;
2019;258;460_001;SSM1-0029;mil;mil_precarachide;RECOLTE;42.29;0.0;0.2;;;;;;;;;;;;;0.0;0.21;2.26;;;;;;
2019;152;460_001;SSM1-0029;mil;mil_precarachide;SEMIS;0.54;0.0;;;;;;;;;;;;;;;;;;;;;;
2019;121;460_001;SSM1-0029;mil;mil_precarachide;TRAVAIL_SOL;18.15;0.0;;;;;;;;;;;;;;;;;;;;;;
2019;258;461_001;SSM1-0029;mil;mil_precarachide;RECOLTE;4.27;0.0;0.2;;;;;;;;;;;;;0.0;0.21;2.26;;;;;;
2019;152;461_001;SSM1-0029;mil;mil_precarachide;SEMIS;0.05;0.0;;;;;;;;;;;;;;;;;;;;;;
2019;121;461_001;SSM1-0029;mil;mil_precarachide;TRAVAIL_SOL;1.83;0.0;;;;;;;;;;;;;;;;;;;;;;
2019;258;462_001;SSM1-0029;mil;mil_precarachide;RECOLTE;23.4;0.0;0.2;;;;;;;;;;;;;0.0;0.21;2.26;;;;;;
2019;152;462_001;SSM1-0029;mil;mil_precarachide;SEMIS;0.3;0.0;;;;;;;;;;;;;;;;;;;;;;
2019;121;462_001;SSM1-0029;mil;mil_precarachide;TRAVAIL_SOL;10.04;0.0;;;;;;;;;;;;;;;;;;;;;;
2019;258;463_001;SSM1-0029;mil;mil_precarachide;RECOLTE;24.26;0.0;0.2;;;;;;;;;;;;;0.0;0.21;2.26;;;;;;
2019;152;463_001;SSM1-0029;mil;mil_precarachide;SEMIS;0.31;0.0;;;;;;;;;;;;;;;;;;;;;;
2019;121;463_001;SSM1-0029;mil;mil_precarachide;TRAVAIL_SOL;10.41;0.0;;;;;;;;;;;;;;;;;;;;;;
2019;258;464_001;SSM1-0029;mil;mil_precarachide;RECOLTE;73.0;0.0;0.2;;;;;;;;;;;;;0.0;0.21;2.26;;;;;;
2019;152;464_001;SSM1-0029;mil;mil_precarachide;SEMIS;0.93;0.0;;;;;;;;;;;;;;;;;;;;;;
2019;121;464_001;SSM1-0029;mil;mil_precarachide;TRAVAIL_SOL;31.34;0.0;;;;;;;;;;;;;;;;;;;;;;
2019;258;465_001;SSM1-0029;mil;mil_precarachide;RECOLTE;8.06;0.0;0.2;;;;;;;;;;;;;0.0;0.21;2.26;;;;;;
2019;152;465_001;SSM1-0029;mil;mil_precarachide;SEMIS;0.1;0.0;;;;;;;;;;;;;;;;;;;;;;
2019;121;465_001;SSM1-0029;mil;mil_precarachide;TRAVAIL_SOL;3.46;0.0;;;;;;;;;;;;;;;;;;;;;;
2019;258;466_001;SSM1-0029;mil;mil_precarachide;RECOLTE;37.77;0.0;0.2;;;;;;;;;;;;;0.0;0.21;2.26;;;;;;
2019;152;466_001;SSM1-0029;mil;mil_precarachide;SEMIS;0.48;0.0;;;;;;;;;;;;;;;;;;;;;;
2019;121;466_001;SSM1-0029;mil;mil_precarachide;TRAVAIL_SOL;16.21;0.0;;;;;;;;;;;;;;;;;;;;;;
2019;258;467_001;SSM1-0029;mil;mil_precarachide;RECOLTE;0.01;0.0;0.2;;;;;;;;;;;;;0.0;0.21;2.26;;;;;;
2019;152;467_001;SSM1-0029;mil;mil_precarachide;SEMIS;0.0;0.0;;;;;;;;;;;;;;;;;;;;;;
2019;121;467_001;SSM1-0029;mil;mil_precarachide;TRAVAIL_SOL;0.0;0.0;;;;;;;;;;;;;;;;;;;;;;
2019;258;468_001;SSM1-0029;mil;mil_precarachide;RECOLTE;5.22;0.0;0.2;;;;;;;;;;;;;0.0;0.21;2.26;;;;;;
2019;152;468_001;SSM1-0029;mil;mil_precarachide;SEMIS;0.07;0.0;;;;;;;;;;;;;;;;;;;;;;
2019;121;468_001;SSM1-0029;mil;mil_precarachide;TRAVAIL_SOL;2.24;0.0;;;;;;;;;;;;;;;;;;;;;;
2019;258;469_001;SSM1-0029;mil;mil_precarachide;RECOLTE;9.45;0.0;0.2;;;;;;;;;;;;;0.0;0.21;2.26;;;;;;
2019;152;469_001;SSM1-0029;mil;mil_precarachide;SEMIS;0.12;0.0;;;;;;;;;;;;;;;;;;;;;;
2019;121;469_001;SSM1-0029;mil;mil_precarachide;TRAVAIL_SOL;4.06;0.0;;;;;;;;;;;;;;;;;;;;;;
2019;258;470_001;SSM1-0029;mil;mil_precarachide;RECOLTE;4.3;0.0;0.2;;;;;;;;;;;;;0.0;0.21;2.26;;;;;;
2019;152;470_001;SSM1-0029;mil;mil_precarachide;SEMIS;0.05;0.0;;;;;;;;;;;;;;;;;;;;;;
2019;121;470_001;SSM1-0029;mil;mil_precarachide;TRAVAIL_SOL;1.85;0.0;;;;;;;;;;;;;;;;;;;;;;
2019;258;471_001;SSM1-0029;mil;mil_precarachide;RECOLTE;5.71;0.0;0.2;;;;;;;;;;;;;0.0;0.21;2.26;;;;;;
2019;152;471_001;SSM1-0029;mil;mil_precarachide;SEMIS;0.07;0.0;;;;;;;;;;;;;;;;;;;;;;
2019;121;471_001;SSM1-0029;mil;mil_precarachide;TRAVAIL_SOL;2.45;0.0;;;;;;;;;;;;;;;;;;;;;;
2019;258;472_001;SSM1-0029;mil;mil_precarachide;RECOLTE;0.25;0.0;0.2;;;;;;;;;;;;;0.0;0.21;2.26;;;;;;
2019;152;472_001;SSM1-0029;mil;mil_precarachide;SEMIS;0.0;0.0;;;;;;;;;;;;;;;;;;;;;;
2019;121;472_001;SSM1-0029;mil;mil_precarachide;TRAVAIL_SOL;0.11;0.0;;;;;;;;;;;;;;;;;;;;;;
2019;258;473_001;SSM1-0029;mil;mil_precarachide;RECOLTE;13.19;0.0;0.2;;;;;;;;;;;;;0.0;0.21;2.26;;;;;;
2019;152;473_001;SSM1-0029;mil;mil_precarachide;SEMIS;0.17;0.0;;;;;;;;;;;;;;;;;;;;;;
2019;121;473_001;SSM1-0029;mil;mil_precarachide;TRAVAIL_SOL;5.66;0.0;;;;;;;;;;;;;;;;;;;;;;
2019;258;474_001;SSM1-0030;mil;mil_precarachide;RECOLTE;3.36;0.0;0.2;;;;;;;;;;;;;0.0;0.21;2.26;;;;;;
2019;152;474_001;SSM1-0030;mil;mil_precarachide;SEMIS;0.04;0.0;;;;;;;;;;;;;;;;;;;;;;
2019;121;474_001;SSM1-0030;mil;mil_precarachide;TRAVAIL_SOL;1.44;0.0;;;;;;;;;;;;;;;;;;;;;;
2019;258;475_001;SSM1-0030;mil;mil_precarachide;RECOLTE;10.52;0.0;0.2;;;;;;;;;;;;;0.0;0.21;2.26;;;;;;
2019;152;475_001;SSM1-0030;mil;mil_precarachide;SEMIS;0.13;0.0;;;;;;;;;;;;;;;;;;;;;;
2019;121;475_001;SSM1-0030;mil;mil_precarachide;TRAVAIL_SOL;4.52;0.0;;;;;;;;;;;;;;;;;;;;;;
2019;258;476_001;SSM1-0030;mil;mil_precarachide;RECOLTE;19.21;0.0;0.2;;;;;;;;;;;;;0.0;0.21;2.26;;;;;;
2019;152;476_001;SSM1-0030;mil;mil_precarachide;SEMIS;0.25;0.0;;;;;;;;;;;;;;;;;;;;;;
2019;121;476_001;SSM1-0030;mil;mil_precarachide;TRAVAIL_SOL;8.25;0.0;;;;;;;;;;;;;;;;;;;;;;
2019;258;477_001;SSM1-0030;mil;mil_precarachide;RECOLTE;28.82;0.0;0.2;;;;;;;;;;;;;0.0;0.21;2.26;;;;;;
2019;152;477_001;SSM1-0030;mil;mil_precarachide;SEMIS;0.37;0.0;;;;;;;;;;;;;;;;;;;;;;
2019;121;477_001;SSM1-0030;mil;mil_precarachide;TRAVAIL_SOL;12.37;0.0;;;;;;;;;;;;;;;;;;;;;;
2019;258;478_001;SSM1-0030;mil;mil_precarachide;RECOLTE;10.94;0.0;0.2;;;;;;;;;;;;;0.0;0.21;2.26;;;;;;
2019;152;478_001;SSM1-0030;mil;mil_precarachide;SEMIS;0.14;0.0;;;;;;;;;;;;;;;;;;;;;;
2019;121;478_001;SSM1-0030;mil;mil_precarachide;TRAVAIL_SOL;4.69;0.0;;;;;;;;;;;;;;;;;;;;;;
2019;258;479_001;SSM1-0030;mil;mil_precarachide;RECOLTE;10.72;0.0;0.2;;;;;;;;;;;;;0.0;0.21;2.26;;;;;;
2019;152;479_001;SSM1-0030;mil;mil_precarachide;SEMIS;0.14;0.0;;;;;;;;;;;;;;;;;;;;;;
2019;121;479_001;SSM1-0030;mil;mil_precarachide;TRAVAIL_SOL;4.6;0.0;;;;;;;;;;;;;;;;;;;;;;
2019;258;480_001;SSM1-0030;mil;mil_precarachide;RECOLTE;15.46;0.0;0.2;;;;;;;;;;;;;0.0;0.21;2.26;;;;;;
2019;152;480_001;SSM1-0030;mil;mil_precarachide;SEMIS;0.2;0.0;;;;;;;;;;;;;;;;;;;;;;
2019;121;480_001;SSM1-0030;mil;mil_precarachide;TRAVAIL_SOL;6.64;0.0;;;;;;;;;;;;;;;;;;;;;;
2019;258;481_001;SSM1-0030;mil;mil_precarachide;RECOLTE;3.27;0.0;0.2;;;;;;;;;;;;;0.0;0.21;2.26;;;;;;
2019;152;481_001;SSM1-0030;mil;mil_precarachide;SEMIS;0.04;0.0;;;;;;;;;;;;;;;;;;;;;;
2019;121;481_001;SSM1-0030;mil;mil_precarachide;TRAVAIL_SOL;1.41;0.0;;;;;;;;;;;;;;;;;;;;;;
2019;258;482_001;SSM1-0030;mil;mil_precarachide;RECOLTE;0.84;0.0;0.2;;;;;;;;;;;;;0.0;0.21;2.26;;;;;;
2019;152;482_001;SSM1-0030;mil;mil_precarachide;SEMIS;0.01;0.0;;;;;;;;;;;;;;;;;;;;;;
2019;121;482_001;SSM1-0030;mil;mil_precarachide;TRAVAIL_SOL;0.36;0.0;;;;;;;;;;;;;;;;;;;;;;
2019;258;483_001;SSM1-0030;mil;mil_precarachide;RECOLTE;7.68;0.0;0.2;;;;;;;;;;;;;0.0;0.21;2.26;;;;;;
2019;152;483_001;SSM1-0030;mil;mil_precarachide;SEMIS;0.1;0.0;;;;;;;;;;;;;;;;;;;;;;
2019;121;483_001;SSM1-0030;mil;mil_precarachide;TRAVAIL_SOL;3.3;0.0;;;;;;;;;;;;;;;;;;;;;;
2019;258;484_001;SSM1-0030;mil;mil_precarachide;RECOLTE;4.66;0.0;0.2;;;;;;;;;;;;;0.0;0.21;2.26;;;;;;
2019;152;484_001;SSM1-0030;mil;mil_precarachide;SEMIS;0.06;0.0;;;;;;;;;;;;;;;;;;;;;;
2019;121;484_001;SSM1-0030;mil;mil_precarachide;TRAVAIL_SOL;2.0;0.0;;;;;;;;;;;;;;;;;;;;;;
2019;258;485_001;SSM1-0030;mil;mil_precarachide;RECOLTE;15.71;0.0;0.2;;;;;;;;;;;;;0.0;0.21;2.26;;;;;;
2019;152;485_001;SSM1-0030;mil;mil_precarachide;SEMIS;0.2;0.0;;;;;;;;;;;;;;;;;;;;;;
2019;121;485_001;SSM1-0030;mil;mil_precarachide;TRAVAIL_SOL;6.75;0.0;;;;;;;;;;;;;;;;;;;;;;
2019;258;486_001;SSM1-0030;mil;mil_precarachide;RECOLTE;11.07;0.0;0.2;;;;;;;;;;;;;0.0;0.21;2.26;;;;;;
2019;152;486_001;SSM1-0030;mil;mil_precarachide;SEMIS;0.14;0.0;;;;;;;;;;;;;;;;;;;;;;
2019;121;486_001;SSM1-0030;mil;mil_precarachide;TRAVAIL_SOL;4.75;0.0;;;;;;;;;;;;;;;;;;;;;;
2019;258;487_001;SSM1-0030;mil;mil_precarachide;RECOLTE;21.67;0.0;0.2;;;;;;;;;;;;;0.0;0.21;2.26;;;;;;
2019;152;487_001;SSM1-0030;mil;mil_precarachide;SEMIS;0.28;0.0;;;;;;;;;;;;;;;;;;;;;;
2019;121;487_001;SSM1-0030;mil;mil_precarachide;TRAVAIL_SOL;9.3;0.0;;;;;;;;;;;;;;;;;;;;;;
2019;258;488_001;SSM1-0030;mil;mil_precarachide;RECOLTE;12.42;0.0;0.2;;;;;;;;;;;;;0.0;0.21;2.26;;;;;;
2019;152;488_001;SSM1-0030;mil;mil_precarachide;SEMIS;0.16;0.0;;;;;;;;;;;;;;;;;;;;;;
2019;121;488_001;SSM1-0030;mil;mil_precarachide;TRAVAIL_SOL;5.33;0.0;;;;;;;;;;;;;;;;;;;;;;
2019;258;489_001;SSM1-0030;mil;mil_precarachide;RECOLTE;29.57;0.0;0.2;;;;;;;;;;;;;0.0;0.21;2.26;;;;;;
2019;152;489_001;SSM1-0030;mil;mil_precarachide;SEMIS;0.38;0.0;;;;;;;;;;;;;;;;;;;;;;
2019;121;489_001;SSM1-0030;mil;mil_precarachide;TRAVAIL_SOL;12.69;0.0;;;;;;;;;;;;;;;;;;;;;;
2019;258;490_001;SSM1-0030;mil;mil_precarachide;RECOLTE;5.54;0.0;0.2;;;;;;;;;;;;;0.0;0.21;2.26;;;;;;
2019;152;490_001;SSM1-0030;mil;mil_precarachide;SEMIS;0.07;0.0;;;;;;;;;;;;;;;;;;;;;;
2019;121;490_001;SSM1-0030;mil;mil_precarachide;TRAVAIL_SOL;2.38;0.0;;;;;;;;;;;;;;;;;;;;;;
2019;258;491_001;SSM1-0031;mil;mil_precarachide;RECOLTE;22.02;0.0;0.2;;;;;;;;;;;;;0.0;0.21;2.26;;;;;;
2019;152;491_001;SSM1-0031;mil;mil_precarachide;SEMIS;0.28;0.0;;;;;;;;;;;;;;;;;;;;;;
2019;121;491_001;SSM1-0031;mil;mil_precarachide;TRAVAIL_SOL;9.45;0.0;;;;;;;;;;;;;;;;;;;;;;
2019;258;492_001;SSM1-0031;mil;mil_precarachide;RECOLTE;19.65;0.0;0.2;;;;;;;;;;;;;0.0;0.21;2.26;;;;;;
2019;152;492_001;SSM1-0031;mil;mil_precarachide;SEMIS;0.25;0.0;;;;;;;;;;;;;;;;;;;;;;
2019;121;492_001;SSM1-0031;mil;mil_precarachide;TRAVAIL_SOL;8.43;0.0;;;;;;;;;;;;;;;;;;;;;;
2019;258;493_001;SSM1-0031;mil;mil_precarachide;RECOLTE;61.12;0.0;0.2;;;;;;;;;;;;;0.0;0.21;2.26;;;;;;
2019;152;493_001;SSM1-0031;mil;mil_precarachide;SEMIS;0.78;0.0;;;;;;;;;;;;;;;;;;;;;;
2019;121;493_001;SSM1-0031;mil;mil_precarachide;TRAVAIL_SOL;26.24;0.0;;;;;;;;;;;;;;;;;;;;;;
2019;258;494_001;SSM1-0031;mil;mil_precarachide;RECOLTE;5.99;0.0;0.2;;;;;;;;;;;;;0.0;0.21;2.26;;;;;;
2019;152;494_001;SSM1-0031;mil;mil_precarachide;SEMIS;0.08;0.0;;;;;;;;;;;;;;;;;;;;;;
2019;121;494_001;SSM1-0031;mil;mil_precarachide;TRAVAIL_SOL;2.57;0.0;;;;;;;;;;;;;;;;;;;;;;
2019;258;495_001;SSM1-0031;mil;mil_precarachide;RECOLTE;35.57;0.0;0.2;;;;;;;;;;;;;0.0;0.21;2.26;;;;;;
2019;152;495_001;SSM1-0031;mil;mil_precarachide;SEMIS;0.45;0.0;;;;;;;;;;;;;;;;;;;;;;
2019;121;495_001;SSM1-0031;mil;mil_precarachide;TRAVAIL_SOL;15.27;0.0;;;;;;;;;;;;;;;;;;;;;;
2019;258;496_001;SSM1-0031;mil;mil_precarachide;RECOLTE;33.23;0.0;0.2;;;;;;;;;;;;;0.0;0.21;2.26;;;;;;
2019;152;496_001;SSM1-0031;mil;mil_precarachide;SEMIS;0.42;0.0;;;;;;;;;;;;;;;;;;;;;;
2019;121;496_001;SSM1-0031;mil;mil_precarachide;TRAVAIL_SOL;14.26;0.0;;;;;;;;;;;;;;;;;;;;;;
2019;258;497_001;SSM1-0026;mil;mil_precarachide;RECOLTE;3.79;0.0;0.2;;;;;;;;;;;;;0.0;0.21;2.26;;;;;;
2019;152;497_001;SSM1-0026;mil;mil_precarachide;SEMIS;0.05;0.0;;;;;;;;;;;;;;;;;;;;;;
2019;121;497_001;SSM1-0026;mil;mil_precarachide;TRAVAIL_SOL;1.63;0.0;;;;;;;;;;;;;;;;;;;;;;
2019;258;498_001;SSM1-0026;mil;mil_precarachide;RECOLTE;41.09;0.0;0.2;;;;;;;;;;;;;0.0;0.21;2.26;;;;;;
2019;152;498_001;SSM1-0026;mil;mil_precarachide;SEMIS;0.53;0.0;;;;;;;;;;;;;;;;;;;;;;
2019;121;498_001;SSM1-0026;mil;mil_precarachide;TRAVAIL_SOL;17.64;0.0;;;;;;;;;;;;;;;;;;;;;;
2019;258;499_001;SSM1-0026;mil;mil_precarachide;RECOLTE;4.39;0.0;0.2;;;;;;;;;;;;;0.0;0.21;2.26;;;;;;
2019;152;499_001;SSM1-0026;mil;mil_precarachide;SEMIS;0.06;0.0;;;;;;;;;;;;;;;;;;;;;;
2019;121;499_001;SSM1-0026;mil;mil_precarachide;TRAVAIL_SOL;1.88;0.0;;;;;;;;;;;;;;;;;;;;;;
2019;258;500_001;SSM1-0026;mil;mil_precarachide;RECOLTE;38.01;0.0;0.2;;;;;;;;;;;;;0.0;0.21;2.26;;;;;;
2019;152;500_001;SSM1-0026;mil;mil_precarachide;SEMIS;0.49;0.0;;;;;;;;;;;;;;;;;;;;;;
2019;121;500_001;SSM1-0026;mil;mil_precarachide;TRAVAIL_SOL;16.31;0.0;;;;;;;;;;;;;;;;;;;;;;
2019;258;501_001;SSM1-0026;mil;mil_precarachide;RECOLTE;33.41;0.0;0.2;;;;;;;;;;;;;0.0;0.21;2.26;;;;;;
2019;152;501_001;SSM1-0026;mil;mil_precarachide;SEMIS;0.43;0.0;;;;;;;;;;;;;;;;;;;;;;
2019;121;501_001;SSM1-0026;mil;mil_precarachide;TRAVAIL_SOL;14.34;0.0;;;;;;;;;;;;;;;;;;;;;;
2019;258;502_001;SSM1-0026;mil;mil_precarachide;RECOLTE;32.51;0.0;0.2;;;;;;;;;;;;;0.0;0.21;2.26;;;;;;
2019;152;502_001;SSM1-0026;mil;mil_precarachide;SEMIS;0.42;0.0;;;;;;;;;;;;;;;;;;;;;;
2019;121;502_001;SSM1-0026;mil;mil_precarachide;TRAVAIL_SOL;13.96;0.0;;;;;;;;;;;;;;;;;;;;;;
2019;258;503_001;SSM1-0026;mil;mil_precarachide;RECOLTE;20.92;0.0;0.2;;;;;;;;;;;;;0.0;0.21;2.26;;;;;;
2019;152;503_001;SSM1-0026;mil;mil_precarachide;SEMIS;0.27;0.0;;;;;;;;;;;;;;;;;;;;;;
2019;121;503_001;SSM1-0026;mil;mil_precarachide;TRAVAIL_SOL;8.98;0.0;;;;;;;;;;;;;;;;;;;;;;
2019;258;504_001;SSM1-0026;mil;mil_precarachide;RECOLTE;4.06;0.0;0.2;;;;;;;;;;;;;0.0;0.21;2.26;;;;;;
2019;152;504_001;SSM1-0026;mil;mil_precarachide;SEMIS;0.05;0.0;;;;;;;;;;;;;;;;;;;;;;
2019;121;504_001;SSM1-0026;mil;mil_precarachide;TRAVAIL_SOL;1.74;0.0;;;;;;;;;;;;;;;;;;;;;;
2019;258;505_001;SSM1-0026;mil;mil_precarachide;RECOLTE;6.72;0.0;0.2;;;;;;;;;;;;;0.0;0.21;2.26;;;;;;
2019;152;505_001;SSM1-0026;mil;mil_precarachide;SEMIS;0.09;0.0;;;;;;;;;;;;;;;;;;;;;;
2019;121;505_001;SSM1-0026;mil;mil_precarachide;TRAVAIL_SOL;2.88;0.0;;;;;;;;;;;;;;;;;;;;;;
2019;258;506_001;SSM1-0026;mil;mil_precarachide;RECOLTE;1.23;0.0;0.2;;;;;;;;;;;;;0.0;0.21;2.26;;;;;;
2019;152;506_001;SSM1-0026;mil;mil_precarachide;SEMIS;0.02;0.0;;;;;;;;;;;;;;;;;;;;;;
2019;121;506_001;SSM1-0026;mil;mil_precarachide;TRAVAIL_SOL;0.53;0.0;;;;;;;;;;;;;;;;;;;;;;
2019;258;507_001;SSM1-0026;mil;mil_precarachide;RECOLTE;26.78;0.0;0.2;;;;;;;;;;;;;0.0;0.21;2.26;;;;;;
2019;152;507_001;SSM1-0026;mil;mil_precarachide;SEMIS;0.34;0.0;;;;;;;;;;;;;;;;;;;;;;
2019;121;507_001;SSM1-0026;mil;mil_precarachide;TRAVAIL_SOL;11.5;0.0;;;;;;;;;;;;;;;;;;;;;;
2019;258;508_001;SSM1-0026;mil;mil_precarachide;RECOLTE;20.34;0.0;0.2;;;;;;;;;;;;;0.0;0.21;2.26;;;;;;
2019;152;508_001;SSM1-0026;mil;mil_precarachide;SEMIS;0.26;0.0;;;;;;;;;;;;;;;;;;;;;;
2019;121;508_001;SSM1-0026;mil;mil_precarachide;TRAVAIL_SOL;8.73;0.0;;;;;;;;;;;;;;;;;;;;;;
2019;258;509_001;SSM1-0026;mil;mil_precarachide;RECOLTE;28.91;0.0;0.2;;;;;;;;;;;;;0.0;0.21;2.26;;;;;;
2019;152;509_001;SSM1-0026;mil;mil_precarachide;SEMIS;0.37;0.0;;;;;;;;;;;;;;;;;;;;;;
2019;121;509_001;SSM1-0026;mil;mil_precarachide;TRAVAIL_SOL;12.41;0.0;;;;;;;;;;;;;;;;;;;;;;
2019;258;510_001;SSM1-0026;mil;mil_precarachide;RECOLTE;9.82;0.0;0.2;;;;;;;;;;;;;0.0;0.21;2.26;;;;;;
2019;152;510_001;SSM1-0026;mil;mil_precarachide;SEMIS;0.13;0.0;;;;;;;;;;;;;;;;;;;;;;
2019;121;510_001;SSM1-0026;mil;mil_precarachide;TRAVAIL_SOL;4.21;0.0;;;;;;;;;;;;;;;;;;;;;;
2019;258;511_001;SSM1-0026;mil;mil_precarachide;RECOLTE;14.75;0.0;0.2;;;;;;;;;;;;;0.0;0.21;2.26;;;;;;
2019;152;511_001;SSM1-0026;mil;mil_precarachide;SEMIS;0.19;0.0;;;;;;;;;;;;;;;;;;;;;;
2019;121;511_001;SSM1-0026;mil;mil_precarachide;TRAVAIL_SOL;6.33;0.0;;;;;;;;;;;;;;;;;;;;;;
2019;258;512_001;SSM1-0026;mil;mil_precarachide;RECOLTE;8.82;0.0;0.2;;;;;;;;;;;;;0.0;0.21;2.26;;;;;;
2019;152;512_001;SSM1-0026;mil;mil_precarachide;SEMIS;0.11;0.0;;;;;;;;;;;;;;;;;;;;;;
2019;121;512_001;SSM1-0026;mil;mil_precarachide;TRAVAIL_SOL;3.79;0.0;;;;;;;;;;;;;;;;;;;;;;
2019;258;513_001;SSM1-0026;mil;mil_precarachide;RECOLTE;0.47;0.0;0.2;;;;;;;;;;;;;0.0;0.21;2.26;;;;;;
2019;152;513_001;SSM1-0026;mil;mil_precarachide;SEMIS;0.01;0.0;;;;;;;;;;;;;;;;;;;;;;
2019;121;513_001;SSM1-0026;mil;mil_precarachide;TRAVAIL_SOL;0.2;0.0;;;;;;;;;;;;;;;;;;;;;;
2019;258;514_001;SSM1-0026;mil;mil_precarachide;RECOLTE;34.88;0.0;0.2;;;;;;;;;;;;;0.0;0.21;2.26;;;;;;
2019;152;514_001;SSM1-0026;mil;mil_precarachide;SEMIS;0.45;0.0;;;;;;;;;;;;;;;;;;;;;;
2019;121;514_001;SSM1-0026;mil;mil_precarachide;TRAVAIL_SOL;14.97;0.0;;;;;;;;;;;;;;;;;;;;;;
2019;258;515_001;SSM1-0026;mil;mil_precarachide;RECOLTE;9.52;0.0;0.2;;;;;;;;;;;;;0.0;0.21;2.26;;;;;;
2019;152;515_001;SSM1-0026;mil;mil_precarachide;SEMIS;0.12;0.0;;;;;;;;;;;;;;;;;;;;;;
2019;121;515_001;SSM1-0026;mil;mil_precarachide;TRAVAIL_SOL;4.09;0.0;;;;;;;;;;;;;;;;;;;;;;
2019;258;516_001;SSM1-0032;mil;mil_precarachide;RECOLTE;23.46;0.0;0.2;;;;;;;;;;;;;0.0;0.21;2.26;;;;;;
2019;152;516_001;SSM1-0032;mil;mil_precarachide;SEMIS;0.3;0.0;;;;;;;;;;;;;;;;;;;;;;
2019;121;516_001;SSM1-0032;mil;mil_precarachide;TRAVAIL_SOL;10.07;0.0;;;;;;;;;;;;;;;;;;;;;;
2019;258;517_001;SSM1-0032;mil;mil_precarachide;RECOLTE;0.85;0.0;0.2;;;;;;;;;;;;;0.0;0.21;2.26;;;;;;
2019;152;517_001;SSM1-0032;mil;mil_precarachide;SEMIS;0.01;0.0;;;;;;;;;;;;;;;;;;;;;;
2019;121;517_001;SSM1-0032;mil;mil_precarachide;TRAVAIL_SOL;0.36;0.0;;;;;;;;;;;;;;;;;;;;;;
2019;258;518_001;SSM1-0032;mil;mil_precarachide;RECOLTE;16.92;0.0;0.2;;;;;;;;;;;;;0.0;0.21;2.26;;;;;;
2019;152;518_001;SSM1-0032;mil;mil_precarachide;SEMIS;0.22;0.0;;;;;;;;;;;;;;;;;;;;;;
2019;121;518_001;SSM1-0032;mil;mil_precarachide;TRAVAIL_SOL;7.26;0.0;;;;;;;;;;;;;;;;;;;;;;
2019;258;519_001;SSM1-0032;mil;mil_precarachide;RECOLTE;10.13;0.0;0.2;;;;;;;;;;;;;0.0;0.21;2.26;;;;;;
2019;152;519_001;SSM1-0032;mil;mil_precarachide;SEMIS;0.13;0.0;;;;;;;;;;;;;;;;;;;;;;
2019;121;519_001;SSM1-0032;mil;mil_precarachide;TRAVAIL_SOL;4.35;0.0;;;;;;;;;;;;;;;;;;;;;;
2019;258;520_001;SSM1-0032;mil;mil_precarachide;RECOLTE;28.82;0.0;0.2;;;;;;;;;;;;;0.0;0.21;2.26;;;;;;
2019;152;520_001;SSM1-0032;mil;mil_precarachide;SEMIS;0.37;0.0;;;;;;;;;;;;;;;;;;;;;;
2019;121;520_001;SSM1-0032;mil;mil_precarachide;TRAVAIL_SOL;12.37;0.0;;;;;;;;;;;;;;;;;;;;;;
2019;258;521_001;SSM1-0032;mil;mil_precarachide;RECOLTE;0.99;0.0;0.2;;;;;;;;;;;;;0.0;0.21;2.26;;;;;;
2019;152;521_001;SSM1-0032;mil;mil_precarachide;SEMIS;0.01;0.0;;;;;;;;;;;;;;;;;;;;;;
2019;121;521_001;SSM1-0032;mil;mil_precarachide;TRAVAIL_SOL;0.43;0.0;;;;;;;;;;;;;;;;;;;;;;
2019;258;522_001;SSM1-0032;mil;mil_precarachide;RECOLTE;20.05;0.0;0.2;;;;;;;;;;;;;0.0;0.21;2.26;;;;;;
2019;152;522_001;SSM1-0032;mil;mil_precarachide;SEMIS;0.26;0.0;;;;;;;;;;;;;;;;;;;;;;
2019;121;522_001;SSM1-0032;mil;mil_precarachide;TRAVAIL_SOL;8.6;0.0;;;;;;;;;;;;;;;;;;;;;;
2019;258;523_001;SSM1-0032;mil;mil_precarachide;RECOLTE;31.5;0.0;0.2;;;;;;;;;;;;;0.0;0.21;2.26;;;;;;
2019;152;523_001;SSM1-0032;mil;mil_precarachide;SEMIS;0.4;0.0;;;;;;;;;;;;;;;;;;;;;;
2019;121;523_001;SSM1-0032;mil;mil_precarachide;TRAVAIL_SOL;13.52;0.0;;;;;;;;;;;;;;;;;;;;;;
2019;258;524_001;SSM1-0032;mil;mil_precarachide;RECOLTE;19.94;0.0;0.2;;;;;;;;;;;;;0.0;0.21;2.26;;;;;;
2019;152;524_001;SSM1-0032;mil;mil_precarachide;SEMIS;0.25;0.0;;;;;;;;;;;;;;;;;;;;;;
2019;121;524_001;SSM1-0032;mil;mil_precarachide;TRAVAIL_SOL;8.56;0.0;;;;;;;;;;;;;;;;;;;;;;
2019;258;525_001;SSM1-0032;mil;mil_precarachide;RECOLTE;5.06;0.0;0.2;;;;;;;;;;;;;0.0;0.21;2.26;;;;;;
2019;152;525_001;SSM1-0032;mil;mil_precarachide;SEMIS;0.06;0.0;;;;;;;;;;;;;;;;;;;;;;
2019;121;525_001;SSM1-0032;mil;mil_precarachide;TRAVAIL_SOL;2.17;0.0;;;;;;;;;;;;;;;;;;;;;;
2019;258;526_001;SSM1-0032;mil;mil_precarachide;RECOLTE;26.39;0.0;0.2;;;;;;;;;;;;;0.0;0.21;2.26;;;;;;
2019;152;526_001;SSM1-0032;mil;mil_precarachide;SEMIS;0.34;0.0;;;;;;;;;;;;;;;;;;;;;;
2019;121;526_001;SSM1-0032;mil;mil_precarachide;TRAVAIL_SOL;11.33;0.0;;;;;;;;;;;;;;;;;;;;;;
2019;258;527_001;SSM1-0032;mil;mil_precarachide;RECOLTE;25.17;0.0;0.2;;;;;;;;;;;;;0.0;0.21;2.26;;;;;;
2019;152;527_001;SSM1-0032;mil;mil_precarachide;SEMIS;0.32;0.0;;;;;;;;;;;;;;;;;;;;;;
2019;121;527_001;SSM1-0032;mil;mil_precarachide;TRAVAIL_SOL;10.81;0.0;;;;;;;;;;;;;;;;;;;;;;
2019;258;528_001;SSM1-0032;mil;mil_precarachide;RECOLTE;15.6;0.0;0.2;;;;;;;;;;;;;0.0;0.21;2.26;;;;;;
2019;152;528_001;SSM1-0032;mil;mil_precarachide;SEMIS;0.2;0.0;;;;;;;;;;;;;;;;;;;;;;
2019;121;528_001;SSM1-0032;mil;mil_precarachide;TRAVAIL_SOL;6.7;0.0;;;;;;;;;;;;;;;;;;;;;;
2019;258;529_001;SSM1-0032;mil;mil_precarachide;RECOLTE;0.07;0.0;0.2;;;;;;;;;;;;;0.0;0.21;2.26;;;;;;
2019;152;529_001;SSM1-0032;mil;mil_precarachide;SEMIS;0.0;0.0;;;;;;;;;;;;;;;;;;;;;;
2019;121;529_001;SSM1-0032;mil;mil_precarachide;TRAVAIL_SOL;0.03;0.0;;;;;;;;;;;;;;;;;;;;;;
2019;258;530_001;SSM1-0032;mil;mil_precarachide;RECOLTE;10.88;0.0;0.2;;;;;;;;;;;;;0.0;0.21;2.26;;;;;;
2019;152;530_001;SSM1-0032;mil;mil_precarachide;SEMIS;0.14;0.0;;;;;;;;;;;;;;;;;;;;;;
2019;121;530_001;SSM1-0032;mil;mil_precarachide;TRAVAIL_SOL;4.67;0.0;;;;;;;;;;;;;;;;;;;;;;
2019;258;531_001;SSM1-0032;mil;mil_precarachide;RECOLTE;4.51;0.0;0.2;;;;;;;;;;;;;0.0;0.21;2.26;;;;;;
2019;152;531_001;SSM1-0032;mil;mil_precarachide;SEMIS;0.06;0.0;;;;;;;;;;;;;;;;;;;;;;
2019;121;531_001;SSM1-0032;mil;mil_precarachide;TRAVAIL_SOL;1.93;0.0;;;;;;;;;;;;;;;;;;;;;;
2019;258;532_001;SSM1-0032;mil;mil_precarachide;RECOLTE;14.18;0.0;0.2;;;;;;;;;;;;;0.0;0.21;2.26;;;;;;
2019;152;532_001;SSM1-0032;mil;mil_precarachide;SEMIS;0.18;0.0;;;;;;;;;;;;;;;;;;;;;;
2019;121;532_001;SSM1-0032;mil;mil_precarachide;TRAVAIL_SOL;6.09;0.0;;;;;;;;;;;;;;;;;;;;;;
2019;258;533_001;SSM1-0032;mil;mil_precarachide;RECOLTE;0.13;0.0;0.2;;;;;;;;;;;;;0.0;0.21;2.26;;;;;;
2019;152;533_001;SSM1-0032;mil;mil_precarachide;SEMIS;0.0;0.0;;;;;;;;;;;;;;;;;;;;;;
2019;121;533_001;SSM1-0032;mil;mil_precarachide;TRAVAIL_SOL;0.05;0.0;;;;;;;;;;;;;;;;;;;;;;
2019;258;534_001;SSM1-0026;mil;mil_precarachide;RECOLTE;17.49;0.0;0.2;;;;;;;;;;;;;0.0;0.21;2.26;;;;;;
2019;152;534_001;SSM1-0026;mil;mil_precarachide;SEMIS;0.22;0.0;;;;;;;;;;;;;;;;;;;;;;
2019;121;534_001;SSM1-0026;mil;mil_precarachide;TRAVAIL_SOL;7.51;0.0;;;;;;;;;;;;;;;;;;;;;;
2019;258;535_001;SSM1-0033;mil;mil_precarachide;RECOLTE;4.56;0.0;0.2;;;;;;;;;;;;;0.0;0.21;2.26;;;;;;
2019;152;535_001;SSM1-0033;mil;mil_precarachide;SEMIS;0.06;0.0;;;;;;;;;;;;;;;;;;;;;;
2019;121;535_001;SSM1-0033;mil;mil_precarachide;TRAVAIL_SOL;1.96;0.0;;;;;;;;;;;;;;;;;;;;;;
2019;258;536_001;SSM1-0033;mil;mil_precarachide;RECOLTE;46.39;0.0;0.2;;;;;;;;;;;;;0.0;0.21;2.26;;;;;;
2019;152;536_001;SSM1-0033;mil;mil_precarachide;SEMIS;0.59;0.0;;;;;;;;;;;;;;;;;;;;;;
2019;121;536_001;SSM1-0033;mil;mil_precarachide;TRAVAIL_SOL;19.91;0.0;;;;;;;;;;;;;;;;;;;;;;
2019;258;537_001;SSM1-0033;mil;mil_precarachide;RECOLTE;14.29;0.0;0.2;;;;;;;;;;;;;0.0;0.21;2.26;;;;;;
2019;152;537_001;SSM1-0033;mil;mil_precarachide;SEMIS;0.18;0.0;;;;;;;;;;;;;;;;;;;;;;
2019;121;537_001;SSM1-0033;mil;mil_precarachide;TRAVAIL_SOL;6.13;0.0;;;;;;;;;;;;;;;;;;;;;;
2019;258;538_001;SSM1-0033;mil;mil_precarachide;RECOLTE;26.31;0.0;0.2;;;;;;;;;;;;;0.0;0.21;2.26;;;;;;
2019;152;538_001;SSM1-0033;mil;mil_precarachide;SEMIS;0.34;0.0;;;;;;;;;;;;;;;;;;;;;;
2019;121;538_001;SSM1-0033;mil;mil_precarachide;TRAVAIL_SOL;11.29;0.0;;;;;;;;;;;;;;;;;;;;;;
2019;258;539_001;SSM1-0033;mil;mil_precarachide;RECOLTE;4.51;0.0;0.2;;;;;;;;;;;;;0.0;0.21;2.26;;;;;;
2019;152;539_001;SSM1-0033;mil;mil_precarachide;SEMIS;0.06;0.0;;;;;;;;;;;;;;;;;;;;;;
2019;121;539_001;SSM1-0033;mil;mil_precarachide;TRAVAIL_SOL;1.93;0.0;;;;;;;;;;;;;;;;;;;;;;
2019;258;540_001;SSM1-0033;mil;mil_precarachide;RECOLTE;35.42;0.0;0.2;;;;;;;;;;;;;0.0;0.21;2.26;;;;;;
2019;152;540_001;SSM1-0033;mil;mil_precarachide;SEMIS;0.45;0.0;;;;;;;;;;;;;;;;;;;;;;
2019;121;540_001;SSM1-0033;mil;mil_precarachide;TRAVAIL_SOL;15.21;0.0;;;;;;;;;;;;;;;;;;;;;;
2019;258;541_001;SSM1-0033;mil;mil_precarachide;RECOLTE;25.25;0.0;0.2;;;;;;;;;;;;;0.0;0.21;2.26;;;;;;
2019;152;541_001;SSM1-0033;mil;mil_precarachide;SEMIS;0.32;0.0;;;;;;;;;;;;;;;;;;;;;;
2019;121;541_001;SSM1-0033;mil;mil_precarachide;TRAVAIL_SOL;10.84;0.0;;;;;;;;;;;;;;;;;;;;;;
2019;258;542_001;SSM1-0033;mil;mil_precarachide;RECOLTE;17.63;0.0;0.2;;;;;;;;;;;;;0.0;0.21;2.26;;;;;;
2019;152;542_001;SSM1-0033;mil;mil_precarachide;SEMIS;0.23;0.0;;;;;;;;;;;;;;;;;;;;;;
2019;121;542_001;SSM1-0033;mil;mil_precarachide;TRAVAIL_SOL;7.57;0.0;;;;;;;;;;;;;;;;;;;;;;
2019;258;543_001;SSM1-0033;mil;mil_precarachide;RECOLTE;43.27;0.0;0.2;;;;;;;;;;;;;0.0;0.21;2.26;;;;;;
2019;152;543_001;SSM1-0033;mil;mil_precarachide;SEMIS;0.55;0.0;;;;;;;;;;;;;;;;;;;;;;
2019;121;543_001;SSM1-0033;mil;mil_precarachide;TRAVAIL_SOL;18.58;0.0;;;;;;;;;;;;;;;;;;;;;;
2019;258;544_001;SSM1-0033;mil;mil_precarachide;RECOLTE;14.53;0.0;0.2;;;;;;;;;;;;;0.0;0.21;2.26;;;;;;
2019;152;544_001;SSM1-0033;mil;mil_precarachide;SEMIS;0.19;0.0;;;;;;;;;;;;;;;;;;;;;;
2019;121;544_001;SSM1-0033;mil;mil_precarachide;TRAVAIL_SOL;6.24;0.0;;;;;;;;;;;;;;;;;;;;;;
2019;258;545_001;SSM1-0033;mil;mil_precarachide;RECOLTE;54.6;0.0;0.2;;;;;;;;;;;;;0.0;0.21;2.26;;;;;;
2019;152;545_001;SSM1-0033;mil;mil_precarachide;SEMIS;0.7;0.0;;;;;;;;;;;;;;;;;;;;;;
2019;121;545_001;SSM1-0033;mil;mil_precarachide;TRAVAIL_SOL;23.44;0.0;;;;;;;;;;;;;;;;;;;;;;
2019;258;546_001;SSM1-0033;mil;mil_precarachide;RECOLTE;0.92;0.0;0.2;;;;;;;;;;;;;0.0;0.21;2.26;;;;;;
2019;152;546_001;SSM1-0033;mil;mil_precarachide;SEMIS;0.01;0.0;;;;;;;;;;;;;;;;;;;;;;
2019;121;546_001;SSM1-0033;mil;mil_precarachide;TRAVAIL_SOL;0.39;0.0;;;;;;;;;;;;;;;;;;;;;;
2019;258;547_001;SSM1-0033;mil;mil_precarachide;RECOLTE;53.57;0.0;0.2;;;;;;;;;;;;;0.0;0.21;2.26;;;;;;
2019;152;547_001;SSM1-0033;mil;mil_precarachide;SEMIS;0.68;0.0;;;;;;;;;;;;;;;;;;;;;;
2019;121;547_001;SSM1-0033;mil;mil_precarachide;TRAVAIL_SOL;23.0;0.0;;;;;;;;;;;;;;;;;;;;;;
2019;258;548_001;SSM1-0033;mil;mil_precarachide;RECOLTE;7.34;0.0;0.2;;;;;;;;;;;;;0.0;0.21;2.26;;;;;;
2019;152;548_001;SSM1-0033;mil;mil_precarachide;SEMIS;0.09;0.0;;;;;;;;;;;;;;;;;;;;;;
2019;121;548_001;SSM1-0033;mil;mil_precarachide;TRAVAIL_SOL;3.15;0.0;;;;;;;;;;;;;;;;;;;;;;
2019;258;549_001;SSM1-0033;mil;mil_precarachide;RECOLTE;16.88;0.0;0.2;;;;;;;;;;;;;0.0;0.21;2.26;;;;;;
2019;152;549_001;SSM1-0033;mil;mil_precarachide;SEMIS;0.22;0.0;;;;;;;;;;;;;;;;;;;;;;
2019;121;549_001;SSM1-0033;mil;mil_precarachide;TRAVAIL_SOL;7.25;0.0;;;;;;;;;;;;;;;;;;;;;;
2019;258;550_001;SSM1-0033;mil;mil_precarachide;RECOLTE;3.62;0.0;0.2;;;;;;;;;;;;;0.0;0.21;2.26;;;;;;
2019;152;550_001;SSM1-0033;mil;mil_precarachide;SEMIS;0.05;0.0;;;;;;;;;;;;;;;;;;;;;;
2019;121;550_001;SSM1-0033;mil;mil_precarachide;TRAVAIL_SOL;1.56;0.0;;;;;;;;;;;;;;;;;;;;;;
2019;258;551_001;SSM1-0033;mil;mil_precarachide;RECOLTE;25.07;0.0;0.2;;;;;;;;;;;;;0.0;0.21;2.26;;;;;;
2019;152;551_001;SSM1-0033;mil;mil_precarachide;SEMIS;0.32;0.0;;;;;;;;;;;;;;;;;;;;;;
2019;121;551_001;SSM1-0033;mil;mil_precarachide;TRAVAIL_SOL;10.76;0.0;;;;;;;;;;;;;;;;;;;;;;
2019;258;552_001;SSM1-0033;mil;mil_precarachide;RECOLTE;13.72;0.0;0.2;;;;;;;;;;;;;0.0;0.21;2.26;;;;;;
2019;152;552_001;SSM1-0033;mil;mil_precarachide;SEMIS;0.18;0.0;;;;;;;;;;;;;;;;;;;;;;
2019;121;552_001;SSM1-0033;mil;mil_precarachide;TRAVAIL_SOL;5.89;0.0;;;;;;;;;;;;;;;;;;;;;;
2019;258;553_001;SSM1-0033;mil;mil_precarachide;RECOLTE;24.28;0.0;0.2;;;;;;;;;;;;;0.0;0.21;2.26;;;;;;
2019;152;553_001;SSM1-0033;mil;mil_precarachide;SEMIS;0.31;0.0;;;;;;;;;;;;;;;;;;;;;;
2019;121;553_001;SSM1-0033;mil;mil_precarachide;TRAVAIL_SOL;10.42;0.0;;;;;;;;;;;;;;;;;;;;;;
2019;258;554_001;SSM1-0032;mil;mil_precarachide;RECOLTE;21.88;0.0;0.2;;;;;;;;;;;;;0.0;0.21;2.26;;;;;;
2019;152;554_001;SSM1-0032;mil;mil_precarachide;SEMIS;0.28;0.0;;;;;;;;;;;;;;;;;;;;;;
2019;121;554_001;SSM1-0032;mil;mil_precarachide;TRAVAIL_SOL;9.39;0.0;;;;;;;;;;;;;;;;;;;;;;
2019;258;555_001;SSM1-0032;mil;mil_precarachide;RECOLTE;13.03;0.0;0.2;;;;;;;;;;;;;0.0;0.21;2.26;;;;;;
2019;152;555_001;SSM1-0032;mil;mil_precarachide;SEMIS;0.17;0.0;;;;;;;;;;;;;;;;;;;;;;
2019;121;555_001;SSM1-0032;mil;mil_precarachide;TRAVAIL_SOL;5.59;0.0;;;;;;;;;;;;;;;;;;;;;;
2019;258;556_001;SSM1-0034;mil;mil_precarachide;RECOLTE;45.04;0.0;0.2;;;;;;;;;;;;;0.0;0.21;2.26;;;;;;
2019;152;556_001;SSM1-0034;mil;mil_precarachide;SEMIS;0.58;0.0;;;;;;;;;;;;;;;;;;;;;;
2019;121;556_001;SSM1-0034;mil;mil_precarachide;TRAVAIL_SOL;19.33;0.0;;;;;;;;;;;;;;;;;;;;;;
2019;258;557_001;SSM1-0034;mil;mil_precarachide;RECOLTE;10.07;0.0;0.2;;;;;;;;;;;;;0.0;0.21;2.26;;;;;;
2019;152;557_001;SSM1-0034;mil;mil_precarachide;SEMIS;0.13;0.0;;;;;;;;;;;;;;;;;;;;;;
2019;121;557_001;SSM1-0034;mil;mil_precarachide;TRAVAIL_SOL;4.32;0.0;;;;;;;;;;;;;;;;;;;;;;
2019;258;558_001;SSM1-0034;mil;mil_precarachide;RECOLTE;22.89;0.0;0.2;;;;;;;;;;;;;0.0;0.21;2.26;;;;;;
2019;152;558_001;SSM1-0034;mil;mil_precarachide;SEMIS;0.29;0.0;;;;;;;;;;;;;;;;;;;;;;
2019;121;558_001;SSM1-0034;mil;mil_precarachide;TRAVAIL_SOL;9.83;0.0;;;;;;;;;;;;;;;;;;;;;;
2019;258;559_001;SSM1-0034;mil;mil_precarachide;RECOLTE;9.84;0.0;0.2;;;;;;;;;;;;;0.0;0.21;2.26;;;;;;
2019;152;559_001;SSM1-0034;mil;mil_precarachide;SEMIS;0.13;0.0;;;;;;;;;;;;;;;;;;;;;;
2019;121;559_001;SSM1-0034;mil;mil_precarachide;TRAVAIL_SOL;4.23;0.0;;;;;;;;;;;;;;;;;;;;;;
2019;258;560_001;SSM1-0034;mil;mil_precarachide;RECOLTE;28.16;0.0;0.2;;;;;;;;;;;;;0.0;0.21;2.26;;;;;;
2019;152;560_001;SSM1-0034;mil;mil_precarachide;SEMIS;0.36;0.0;;;;;;;;;;;;;;;;;;;;;;
2019;121;560_001;SSM1-0034;mil;mil_precarachide;TRAVAIL_SOL;12.09;0.0;;;;;;;;;;;;;;;;;;;;;;
2019;258;561_001;SSM1-0034;mil;mil_precarachide;RECOLTE;5.06;0.0;0.2;;;;;;;;;;;;;0.0;0.21;2.26;;;;;;
2019;152;561_001;SSM1-0034;mil;mil_precarachide;SEMIS;0.06;0.0;;;;;;;;;;;;;;;;;;;;;;
2019;121;561_001;SSM1-0034;mil;mil_precarachide;TRAVAIL_SOL;2.17;0.0;;;;;;;;;;;;;;;;;;;;;;
2019;258;562_001;SSM1-0034;mil;mil_precarachide;RECOLTE;42.16;0.0;0.2;;;;;;;;;;;;;0.0;0.21;2.26;;;;;;
2019;152;562_001;SSM1-0034;mil;mil_precarachide;SEMIS;0.54;0.0;;;;;;;;;;;;;;;;;;;;;;
2019;121;562_001;SSM1-0034;mil;mil_precarachide;TRAVAIL_SOL;18.1;0.0;;;;;;;;;;;;;;;;;;;;;;
2019;258;563_001;SSM1-0034;mil;mil_precarachide;RECOLTE;36.5;0.0;0.2;;;;;;;;;;;;;0.0;0.21;2.26;;;;;;
2019;152;563_001;SSM1-0034;mil;mil_precarachide;SEMIS;0.47;0.0;;;;;;;;;;;;;;;;;;;;;;
2019;121;563_001;SSM1-0034;mil;mil_precarachide;TRAVAIL_SOL;15.67;0.0;;;;;;;;;;;;;;;;;;;;;;
2019;258;564_001;SSM1-0034;mil;mil_precarachide;RECOLTE;11.19;0.0;0.2;;;;;;;;;;;;;0.0;0.21;2.26;;;;;;
2019;152;564_001;SSM1-0034;mil;mil_precarachide;SEMIS;0.14;0.0;;;;;;;;;;;;;;;;;;;;;;
2019;121;564_001;SSM1-0034;mil;mil_precarachide;TRAVAIL_SOL;4.8;0.0;;;;;;;;;;;;;;;;;;;;;;
2019;258;565_001;SSM1-0034;mil;mil_precarachide;RECOLTE;5.65;0.0;0.2;;;;;;;;;;;;;0.0;0.21;2.26;;;;;;
2019;152;565_001;SSM1-0034;mil;mil_precarachide;SEMIS;0.07;0.0;;;;;;;;;;;;;;;;;;;;;;
2019;121;565_001;SSM1-0034;mil;mil_precarachide;TRAVAIL_SOL;2.43;0.0;;;;;;;;;;;;;;;;;;;;;;
2019;258;566_001;SSM1-0034;mil;mil_precarachide;RECOLTE;16.49;0.0;0.2;;;;;;;;;;;;;0.0;0.21;2.26;;;;;;
2019;152;566_001;SSM1-0034;mil;mil_precarachide;SEMIS;0.21;0.0;;;;;;;;;;;;;;;;;;;;;;
2019;121;566_001;SSM1-0034;mil;mil_precarachide;TRAVAIL_SOL;7.08;0.0;;;;;;;;;;;;;;;;;;;;;;
2019;258;567_001;SSM1-0034;mil;mil_precarachide;RECOLTE;15.05;0.0;0.2;;;;;;;;;;;;;0.0;0.21;2.26;;;;;;
2019;152;567_001;SSM1-0034;mil;mil_precarachide;SEMIS;0.19;0.0;;;;;;;;;;;;;;;;;;;;;;
2019;121;567_001;SSM1-0034;mil;mil_precarachide;TRAVAIL_SOL;6.46;0.0;;;;;;;;;;;;;;;;;;;;;;
2019;258;568_001;SSM1-0034;mil;mil_precarachide;RECOLTE;3.55;0.0;0.2;;;;;;;;;;;;;0.0;0.21;2.26;;;;;;
2019;152;568_001;SSM1-0034;mil;mil_precarachide;SEMIS;0.05;0.0;;;;;;;;;;;;;;;;;;;;;;
2019;121;568_001;SSM1-0034;mil;mil_precarachide;TRAVAIL_SOL;1.52;0.0;;;;;;;;;;;;;;;;;;;;;;
2019;258;569_001;SSM1-0034;mil;mil_precarachide;RECOLTE;12.07;0.0;0.2;;;;;;;;;;;;;0.0;0.21;2.26;;;;;;
2019;152;569_001;SSM1-0034;mil;mil_precarachide;SEMIS;0.15;0.0;;;;;;;;;;;;;;;;;;;;;;
2019;121;569_001;SSM1-0034;mil;mil_precarachide;TRAVAIL_SOL;5.18;0.0;;;;;;;;;;;;;;;;;;;;;;
2019;258;570_001;SSM1-0034;mil;mil_precarachide;RECOLTE;1.51;0.0;0.2;;;;;;;;;;;;;0.0;0.21;2.26;;;;;;
2019;152;570_001;SSM1-0034;mil;mil_precarachide;SEMIS;0.02;0.0;;;;;;;;;;;;;;;;;;;;;;
2019;121;570_001;SSM1-0034;mil;mil_precarachide;TRAVAIL_SOL;0.65;0.0;;;;;;;;;;;;;;;;;;;;;;
2019;258;571_001;SSM1-0034;mil;mil_precarachide;RECOLTE;17.43;0.0;0.2;;;;;;;;;;;;;0.0;0.21;2.26;;;;;;
2019;152;571_001;SSM1-0034;mil;mil_precarachide;SEMIS;0.22;0.0;;;;;;;;;;;;;;;;;;;;;;
2019;121;571_001;SSM1-0034;mil;mil_precarachide;TRAVAIL_SOL;7.48;0.0;;;;;;;;;;;;;;;;;;;;;;
2019;258;572_001;SSM1-0034;mil;mil_precarachide;RECOLTE;8.62;0.0;0.2;;;;;;;;;;;;;0.0;0.21;2.26;;;;;;
2019;152;572_001;SSM1-0034;mil;mil_precarachide;SEMIS;0.11;0.0;;;;;;;;;;;;;;;;;;;;;;
2019;121;572_001;SSM1-0034;mil;mil_precarachide;TRAVAIL_SOL;3.7;0.0;;;;;;;;;;;;;;;;;;;;;;
2019;258;573_001;SSM1-0034;mil;mil_precarachide;RECOLTE;64.51;0.0;0.2;;;;;;;;;;;;;0.0;0.21;2.26;;;;;;
2019;152;573_001;SSM1-0034;mil;mil_precarachide;SEMIS;0.82;0.0;;;;;;;;;;;;;;;;;;;;;;
2019;121;573_001;SSM1-0034;mil;mil_precarachide;TRAVAIL_SOL;27.69;0.0;;;;;;;;;;;;;;;;;;;;;;
2019;258;574_001;SSM1-0034;mil;mil_precarachide;RECOLTE;4.76;0.0;0.2;;;;;;;;;;;;;0.0;0.21;2.26;;;;;;
2019;152;574_001;SSM1-0034;mil;mil_precarachide;SEMIS;0.06;0.0;;;;;;;;;;;;;;;;;;;;;;
2019;121;574_001;SSM1-0034;mil;mil_precarachide;TRAVAIL_SOL;2.04;0.0;;;;;;;;;;;;;;;;;;;;;;
2019;258;575_001;SSM1-0034;mil;mil_precarachide;RECOLTE;36.94;0.0;0.2;;;;;;;;;;;;;0.0;0.21;2.26;;;;;;
2019;152;575_001;SSM1-0034;mil;mil_precarachide;SEMIS;0.47;0.0;;;;;;;;;;;;;;;;;;;;;;
2019;121;575_001;SSM1-0034;mil;mil_precarachide;TRAVAIL_SOL;15.86;0.0;;;;;;;;;;;;;;;;;;;;;;
2019;258;576_001;SSM1-0034;mil;mil_precarachide;RECOLTE;7.44;0.0;0.2;;;;;;;;;;;;;0.0;0.21;2.26;;;;;;
2019;152;576_001;SSM1-0034;mil;mil_precarachide;SEMIS;0.1;0.0;;;;;;;;;;;;;;;;;;;;;;
2019;121;576_001;SSM1-0034;mil;mil_precarachide;TRAVAIL_SOL;3.19;0.0;;;;;;;;;;;;;;;;;;;;;;
2019;258;577_001;SSM1-0034;mil;mil_precarachide;RECOLTE;61.03;0.0;0.2;;;;;;;;;;;;;0.0;0.21;2.26;;;;;;
2019;152;577_001;SSM1-0034;mil;mil_precarachide;SEMIS;0.78;0.0;;;;;;;;;;;;;;;;;;;;;;
2019;121;577_001;SSM1-0034;mil;mil_precarachide;TRAVAIL_SOL;26.2;0.0;;;;;;;;;;;;;;;;;;;;;;
2019;258;578_001;SSM1-0034;mil;mil_precarachide;RECOLTE;3.96;0.0;0.2;;;;;;;;;;;;;0.0;0.21;2.26;;;;;;
2019;152;578_001;SSM1-0034;mil;mil_precarachide;SEMIS;0.05;0.0;;;;;;;;;;;;;;;;;;;;;;
2019;121;578_001;SSM1-0034;mil;mil_precarachide;TRAVAIL_SOL;1.7;0.0;;;;;;;;;;;;;;;;;;;;;;
2019;258;579_001;SSM1-0034;mil;mil_precarachide;RECOLTE;40.39;0.0;0.2;;;;;;;;;;;;;0.0;0.21;2.26;;;;;;
2019;152;579_001;SSM1-0034;mil;mil_precarachide;SEMIS;0.52;0.0;;;;;;;;;;;;;;;;;;;;;;
2019;121;579_001;SSM1-0034;mil;mil_precarachide;TRAVAIL_SOL;17.34;0.0;;;;;;;;;;;;;;;;;;;;;;
2019;258;580_001;SSM1-0034;mil;mil_precarachide;RECOLTE;44.25;0.0;0.2;;;;;;;;;;;;;0.0;0.21;2.26;;;;;;
2019;152;580_001;SSM1-0034;mil;mil_precarachide;SEMIS;0.57;0.0;;;;;;;;;;;;;;;;;;;;;;
2019;121;580_001;SSM1-0034;mil;mil_precarachide;TRAVAIL_SOL;18.99;0.0;;;;;;;;;;;;;;;;;;;;;;
2019;258;581_001;SSM1-0034;mil;mil_precarachide;RECOLTE;4.46;0.0;0.2;;;;;;;;;;;;;0.0;0.21;2.26;;;;;;
2019;152;581_001;SSM1-0034;mil;mil_precarachide;SEMIS;0.06;0.0;;;;;;;;;;;;;;;;;;;;;;
2019;121;581_001;SSM1-0034;mil;mil_precarachide;TRAVAIL_SOL;1.91;0.0;;;;;;;;;;;;;;;;;;;;;;
2019;258;582_001;SSM1-0034;mil;mil_precarachide;RECOLTE;13.74;0.0;0.2;;;;;;;;;;;;;0.0;0.21;2.26;;;;;;
2019;152;582_001;SSM1-0034;mil;mil_precarachide;SEMIS;0.18;0.0;;;;;;;;;;;;;;;;;;;;;;
2019;121;582_001;SSM1-0034;mil;mil_precarachide;TRAVAIL_SOL;5.9;0.0;;;;;;;;;;;;;;;;;;;;;;
2019;258;583_001;SSM1-0035;mil;mil_precarachide;RECOLTE;12.81;0.0;0.2;;;;;;;;;;;;;0.0;0.21;2.26;;;;;;
2019;152;583_001;SSM1-0035;mil;mil_precarachide;SEMIS;0.16;0.0;;;;;;;;;;;;;;;;;;;;;;
2019;121;583_001;SSM1-0035;mil;mil_precarachide;TRAVAIL_SOL;5.5;0.0;;;;;;;;;;;;;;;;;;;;;;
2019;258;584_001;SSM1-0035;mil;mil_precarachide;RECOLTE;20.19;0.0;0.2;;;;;;;;;;;;;0.0;0.21;2.26;;;;;;
2019;152;584_001;SSM1-0035;mil;mil_precarachide;SEMIS;0.26;0.0;;;;;;;;;;;;;;;;;;;;;;
2019;121;584_001;SSM1-0035;mil;mil_precarachide;TRAVAIL_SOL;8.67;0.0;;;;;;;;;;;;;;;;;;;;;;
2019;258;585_001;SSM1-0035;mil;mil_precarachide;RECOLTE;6.95;0.0;0.2;;;;;;;;;;;;;0.0;0.21;2.26;;;;;;
2019;152;585_001;SSM1-0035;mil;mil_precarachide;SEMIS;0.09;0.0;;;;;;;;;;;;;;;;;;;;;;
2019;121;585_001;SSM1-0035;mil;mil_precarachide;TRAVAIL_SOL;2.98;0.0;;;;;;;;;;;;;;;;;;;;;;
2019;258;586_001;SSM1-0035;mil;mil_precarachide;RECOLTE;12.94;0.0;0.2;;;;;;;;;;;;;0.0;0.21;2.26;;;;;;
2019;152;586_001;SSM1-0035;mil;mil_precarachide;SEMIS;0.17;0.0;;;;;;;;;;;;;;;;;;;;;;
2019;121;586_001;SSM1-0035;mil;mil_precarachide;TRAVAIL_SOL;5.55;0.0;;;;;;;;;;;;;;;;;;;;;;
2019;258;587_001;SSM1-0035;mil;mil_precarachide;RECOLTE;13.91;0.0;0.2;;;;;;;;;;;;;0.0;0.21;2.26;;;;;;
2019;152;587_001;SSM1-0035;mil;mil_precarachide;SEMIS;0.18;0.0;;;;;;;;;;;;;;;;;;;;;;
2019;121;587_001;SSM1-0035;mil;mil_precarachide;TRAVAIL_SOL;5.97;0.0;;;;;;;;;;;;;;;;;;;;;;
2019;258;588_001;SSM1-0035;mil;mil_precarachide;RECOLTE;27.03;0.0;0.2;;;;;;;;;;;;;0.0;0.21;2.26;;;;;;
2019;152;588_001;SSM1-0035;mil;mil_precarachide;SEMIS;0.35;0.0;;;;;;;;;;;;;;;;;;;;;;
2019;121;588_001;SSM1-0035;mil;mil_precarachide;TRAVAIL_SOL;11.6;0.0;;;;;;;;;;;;;;;;;;;;;;
2019;258;589_001;SSM1-0035;mil;mil_precarachide;RECOLTE;13.88;0.0;0.2;;;;;;;;;;;;;0.0;0.21;2.26;;;;;;
2019;152;589_001;SSM1-0035;mil;mil_precarachide;SEMIS;0.18;0.0;;;;;;;;;;;;;;;;;;;;;;
2019;121;589_001;SSM1-0035;mil;mil_precarachide;TRAVAIL_SOL;5.96;0.0;;;;;;;;;;;;;;;;;;;;;;
2019;258;590_001;SSM1-0035;mil;mil_precarachide;RECOLTE;4.53;0.0;0.2;;;;;;;;;;;;;0.0;0.21;2.26;;;;;;
2019;152;590_001;SSM1-0035;mil;mil_precarachide;SEMIS;0.06;0.0;;;;;;;;;;;;;;;;;;;;;;
2019;121;590_001;SSM1-0035;mil;mil_precarachide;TRAVAIL_SOL;1.95;0.0;;;;;;;;;;;;;;;;;;;;;;
2019;258;591_001;SSM1-0035;mil;mil_precarachide;RECOLTE;8.94;0.0;0.2;;;;;;;;;;;;;0.0;0.21;2.26;;;;;;
2019;152;591_001;SSM1-0035;mil;mil_precarachide;SEMIS;0.11;0.0;;;;;;;;;;;;;;;;;;;;;;
2019;121;591_001;SSM1-0035;mil;mil_precarachide;TRAVAIL_SOL;3.84;0.0;;;;;;;;;;;;;;;;;;;;;;
2019;258;592_001;SSM1-0035;mil;mil_precarachide;RECOLTE;3.66;0.0;0.2;;;;;;;;;;;;;0.0;0.21;2.26;;;;;;
2019;152;592_001;SSM1-0035;mil;mil_precarachide;SEMIS;0.05;0.0;;;;;;;;;;;;;;;;;;;;;;
2019;121;592_001;SSM1-0035;mil;mil_precarachide;TRAVAIL_SOL;1.57;0.0;;;;;;;;;;;;;;;;;;;;;;
2019;258;593_001;SSM1-0035;mil;mil_precarachide;RECOLTE;8.16;0.0;0.2;;;;;;;;;;;;;0.0;0.21;2.26;;;;;;
2019;152;593_001;SSM1-0035;mil;mil_precarachide;SEMIS;0.1;0.0;;;;;;;;;;;;;;;;;;;;;;
2019;121;593_001;SSM1-0035;mil;mil_precarachide;TRAVAIL_SOL;3.5;0.0;;;;;;;;;;;;;;;;;;;;;;
2019;258;594_001;SSM1-0035;mil;mil_precarachide;RECOLTE;8.58;0.0;0.2;;;;;;;;;;;;;0.0;0.21;2.26;;;;;;
2019;152;594_001;SSM1-0035;mil;mil_precarachide;SEMIS;0.11;0.0;;;;;;;;;;;;;;;;;;;;;;
2019;121;594_001;SSM1-0035;mil;mil_precarachide;TRAVAIL_SOL;3.68;0.0;;;;;;;;;;;;;;;;;;;;;;
2019;258;595_001;SSM1-0035;mil;mil_precarachide;RECOLTE;20.74;0.0;0.2;;;;;;;;;;;;;0.0;0.21;2.26;;;;;;
2019;152;595_001;SSM1-0035;mil;mil_precarachide;SEMIS;0.27;0.0;;;;;;;;;;;;;;;;;;;;;;
2019;121;595_001;SSM1-0035;mil;mil_precarachide;TRAVAIL_SOL;8.9;0.0;;;;;;;;;;;;;;;;;;;;;;
2019;258;596_001;SSM1-0035;mil;mil_precarachide;RECOLTE;4.86;0.0;0.2;;;;;;;;;;;;;0.0;0.21;2.26;;;;;;
2019;152;596_001;SSM1-0035;mil;mil_precarachide;SEMIS;0.06;0.0;;;;;;;;;;;;;;;;;;;;;;
2019;121;596_001;SSM1-0035;mil;mil_precarachide;TRAVAIL_SOL;2.09;0.0;;;;;;;;;;;;;;;;;;;;;;
2019;258;597_001;SSM1-0035;mil;mil_precarachide;RECOLTE;50.5;0.0;0.2;;;;;;;;;;;;;0.0;0.21;2.26;;;;;;
2019;152;597_001;SSM1-0035;mil;mil_precarachide;SEMIS;0.65;0.0;;;;;;;;;;;;;;;;;;;;;;
2019;121;597_001;SSM1-0035;mil;mil_precarachide;TRAVAIL_SOL;21.68;0.0;;;;;;;;;;;;;;;;;;;;;;
2019;258;598_001;SSM1-0035;mil;mil_precarachide;RECOLTE;9.54;0.0;0.2;;;;;;;;;;;;;0.0;0.21;2.26;;;;;;
2019;152;598_001;SSM1-0035;mil;mil_precarachide;SEMIS;0.12;0.0;;;;;;;;;;;;;;;;;;;;;;
2019;121;598_001;SSM1-0035;mil;mil_precarachide;TRAVAIL_SOL;4.1;0.0;;;;;;;;;;;;;;;;;;;;;;
2019;258;599_001;SSM1-0036;mil;mil_precarachide;RECOLTE;14.13;0.0;0.2;;;;;;;;;;;;;0.0;0.21;2.26;;;;;;
2019;152;599_001;SSM1-0036;mil;mil_precarachide;SEMIS;0.18;0.0;;;;;;;;;;;;;;;;;;;;;;
2019;121;599_001;SSM1-0036;mil;mil_precarachide;TRAVAIL_SOL;6.07;0.0;;;;;;;;;;;;;;;;;;;;;;
2019;258;600_001;SSM1-0036;mil;mil_precarachide;RECOLTE;20.14;0.0;0.2;;;;;;;;;;;;;0.0;0.21;2.26;;;;;;
2019;152;600_001;SSM1-0036;mil;mil_precarachide;SEMIS;0.26;0.0;;;;;;;;;;;;;;;;;;;;;;
2019;121;600_001;SSM1-0036;mil;mil_precarachide;TRAVAIL_SOL;8.65;0.0;;;;;;;;;;;;;;;;;;;;;;
2019;258;601_001;SSM1-0036;mil;mil_precarachide;RECOLTE;22.99;0.0;0.2;;;;;;;;;;;;;0.0;0.21;2.26;;;;;;
2019;152;601_001;SSM1-0036;mil;mil_precarachide;SEMIS;0.29;0.0;;;;;;;;;;;;;;;;;;;;;;
2019;121;601_001;SSM1-0036;mil;mil_precarachide;TRAVAIL_SOL;9.87;0.0;;;;;;;;;;;;;;;;;;;;;;
2019;258;602_001;SSM1-0036;mil;mil_precarachide;RECOLTE;3.57;0.0;0.2;;;;;;;;;;;;;0.0;0.21;2.26;;;;;;
2019;152;602_001;SSM1-0036;mil;mil_precarachide;SEMIS;0.05;0.0;;;;;;;;;;;;;;;;;;;;;;
2019;121;602_001;SSM1-0036;mil;mil_precarachide;TRAVAIL_SOL;1.53;0.0;;;;;;;;;;;;;;;;;;;;;;
2019;258;603_001;SSM1-0036;mil;mil_precarachide;RECOLTE;54.33;0.0;0.2;;;;;;;;;;;;;0.0;0.21;2.26;;;;;;
2019;152;603_001;SSM1-0036;mil;mil_precarachide;SEMIS;0.69;0.0;;;;;;;;;;;;;;;;;;;;;;
2019;121;603_001;SSM1-0036;mil;mil_precarachide;TRAVAIL_SOL;23.32;0.0;;;;;;;;;;;;;;;;;;;;;;
2019;258;604_001;SSM1-0036;mil;mil_precarachide;RECOLTE;18.08;0.0;0.2;;;;;;;;;;;;;0.0;0.21;2.26;;;;;;
2019;152;604_001;SSM1-0036;mil;mil_precarachide;SEMIS;0.23;0.0;;;;;;;;;;;;;;;;;;;;;;
2019;121;604_001;SSM1-0036;mil;mil_precarachide;TRAVAIL_SOL;7.76;0.0;;;;;;;;;;;;;;;;;;;;;;
2019;258;605_001;SSM1-0036;mil;mil_precarachide;RECOLTE;24.38;0.0;0.2;;;;;;;;;;;;;0.0;0.21;2.26;;;;;;
2019;152;605_001;SSM1-0036;mil;mil_precarachide;SEMIS;0.31;0.0;;;;;;;;;;;;;;;;;;;;;;
2019;121;605_001;SSM1-0036;mil;mil_precarachide;TRAVAIL_SOL;10.47;0.0;;;;;;;;;;;;;;;;;;;;;;
2019;258;606_001;SSM1-0036;mil;mil_precarachide;RECOLTE;11.97;0.0;0.2;;;;;;;;;;;;;0.0;0.21;2.26;;;;;;
2019;152;606_001;SSM1-0036;mil;mil_precarachide;SEMIS;0.15;0.0;;;;;;;;;;;;;;;;;;;;;;
2019;121;606_001;SSM1-0036;mil;mil_precarachide;TRAVAIL_SOL;5.14;0.0;;;;;;;;;;;;;;;;;;;;;;
2019;258;607_001;SSM1-0036;mil;mil_precarachide;RECOLTE;4.32;0.0;0.2;;;;;;;;;;;;;0.0;0.21;2.26;;;;;;
2019;152;607_001;SSM1-0036;mil;mil_precarachide;SEMIS;0.06;0.0;;;;;;;;;;;;;;;;;;;;;;
2019;121;607_001;SSM1-0036;mil;mil_precarachide;TRAVAIL_SOL;1.86;0.0;;;;;;;;;;;;;;;;;;;;;;
2019;258;608_001;SSM1-0036;mil;mil_precarachide;RECOLTE;6.79;0.0;0.2;;;;;;;;;;;;;0.0;0.21;2.26;;;;;;
2019;152;608_001;SSM1-0036;mil;mil_precarachide;SEMIS;0.09;0.0;;;;;;;;;;;;;;;;;;;;;;
2019;121;608_001;SSM1-0036;mil;mil_precarachide;TRAVAIL_SOL;2.92;0.0;;;;;;;;;;;;;;;;;;;;;;
2019;258;609_001;SSM1-0036;mil;mil_precarachide;RECOLTE;15.06;0.0;0.2;;;;;;;;;;;;;0.0;0.21;2.26;;;;;;
2019;152;609_001;SSM1-0036;mil;mil_precarachide;SEMIS;0.19;0.0;;;;;;;;;;;;;;;;;;;;;;
2019;121;609_001;SSM1-0036;mil;mil_precarachide;TRAVAIL_SOL;6.47;0.0;;;;;;;;;;;;;;;;;;;;;;
2019;258;610_001;SSM1-0036;mil;mil_precarachide;RECOLTE;6.49;0.0;0.2;;;;;;;;;;;;;0.0;0.21;2.26;;;;;;
2019;152;610_001;SSM1-0036;mil;mil_precarachide;SEMIS;0.08;0.0;;;;;;;;;;;;;;;;;;;;;;
2019;121;610_001;SSM1-0036;mil;mil_precarachide;TRAVAIL_SOL;2.78;0.0;;;;;;;;;;;;;;;;;;;;;;
2019;258;611_001;SSM1-0018;mil;mil_precarachide;RECOLTE;21.34;0.0;0.2;;;;;;;;;;;;;0.0;0.21;2.26;;;;;;
2019;152;611_001;SSM1-0018;mil;mil_precarachide;SEMIS;0.27;0.0;;;;;;;;;;;;;;;;;;;;;;
2019;121;611_001;SSM1-0018;mil;mil_precarachide;TRAVAIL_SOL;9.16;0.0;;;;;;;;;;;;;;;;;;;;;;
2019;258;612_001;SSM1-0018;mil;mil_precarachide;RECOLTE;13.83;0.0;0.2;;;;;;;;;;;;;0.0;0.21;2.26;;;;;;
2019;152;612_001;SSM1-0018;mil;mil_precarachide;SEMIS;0.18;0.0;;;;;;;;;;;;;;;;;;;;;;
2019;121;612_001;SSM1-0018;mil;mil_precarachide;TRAVAIL_SOL;5.94;0.0;;;;;;;;;;;;;;;;;;;;;;
2019;258;613_001;SSM1-0037;mil;mil_precarachide;RECOLTE;72.44;0.0;0.2;;;;;;;;;;;;;0.0;0.21;2.26;;;;;;
2019;152;613_001;SSM1-0037;mil;mil_precarachide;SEMIS;0.93;0.0;;;;;;;;;;;;;;;;;;;;;;
2019;121;613_001;SSM1-0037;mil;mil_precarachide;TRAVAIL_SOL;31.09;0.0;;;;;;;;;;;;;;;;;;;;;;
2019;258;614_001;SSM1-0037;mil;mil_precarachide;RECOLTE;5.06;0.0;0.2;;;;;;;;;;;;;0.0;0.21;2.26;;;;;;
2019;152;614_001;SSM1-0037;mil;mil_precarachide;SEMIS;0.06;0.0;;;;;;;;;;;;;;;;;;;;;;
2019;121;614_001;SSM1-0037;mil;mil_precarachide;TRAVAIL_SOL;2.17;0.0;;;;;;;;;;;;;;;;;;;;;;
2019;258;615_001;SSM1-0037;mil;mil_precarachide;RECOLTE;14.81;0.0;0.2;;;;;;;;;;;;;0.0;0.21;2.26;;;;;;
2019;152;615_001;SSM1-0037;mil;mil_precarachide;SEMIS;0.19;0.0;;;;;;;;;;;;;;;;;;;;;;
2019;121;615_001;SSM1-0037;mil;mil_precarachide;TRAVAIL_SOL;6.36;0.0;;;;;;;;;;;;;;;;;;;;;;
2019;258;616_001;SSM1-0037;mil;mil_precarachide;RECOLTE;8.25;0.0;0.2;;;;;;;;;;;;;0.0;0.21;2.26;;;;;;
2019;152;616_001;SSM1-0037;mil;mil_precarachide;SEMIS;0.11;0.0;;;;;;;;;;;;;;;;;;;;;;
2019;121;616_001;SSM1-0037;mil;mil_precarachide;TRAVAIL_SOL;3.54;0.0;;;;;;;;;;;;;;;;;;;;;;
2019;258;617_001;SSM1-0037;mil;mil_precarachide;RECOLTE;46.94;0.0;0.2;;;;;;;;;;;;;0.0;0.21;2.26;;;;;;
2019;152;617_001;SSM1-0037;mil;mil_precarachide;SEMIS;0.6;0.0;;;;;;;;;;;;;;;;;;;;;;
2019;121;617_001;SSM1-0037;mil;mil_precarachide;TRAVAIL_SOL;20.15;0.0;;;;;;;;;;;;;;;;;;;;;;
2019;258;618_001;SSM1-0037;mil;mil_precarachide;RECOLTE;0.25;0.0;0.2;;;;;;;;;;;;;0.0;0.21;2.26;;;;;;
2019;152;618_001;SSM1-0037;mil;mil_precarachide;SEMIS;0.0;0.0;;;;;;;;;;;;;;;;;;;;;;
2019;121;618_001;SSM1-0037;mil;mil_precarachide;TRAVAIL_SOL;0.11;0.0;;;;;;;;;;;;;;;;;;;;;;
2019;258;619_001;SSM1-0037;mil;mil_precarachide;RECOLTE;11.42;0.0;0.2;;;;;;;;;;;;;0.0;0.21;2.26;;;;;;
2019;152;619_001;SSM1-0037;mil;mil_precarachide;SEMIS;0.15;0.0;;;;;;;;;;;;;;;;;;;;;;
2019;121;619_001;SSM1-0037;mil;mil_precarachide;TRAVAIL_SOL;4.9;0.0;;;;;;;;;;;;;;;;;;;;;;
2019;258;620_001;SSM1-0037;mil;mil_precarachide;RECOLTE;13.6;0.0;0.2;;;;;;;;;;;;;0.0;0.21;2.26;;;;;;
2019;152;620_001;SSM1-0037;mil;mil_precarachide;SEMIS;0.17;0.0;;;;;;;;;;;;;;;;;;;;;;
2019;121;620_001;SSM1-0037;mil;mil_precarachide;TRAVAIL_SOL;5.84;0.0;;;;;;;;;;;;;;;;;;;;;;
2019;258;621_001;SSM1-0037;mil;mil_precarachide;RECOLTE;10.13;0.0;0.2;;;;;;;;;;;;;0.0;0.21;2.26;;;;;;
2019;152;621_001;SSM1-0037;mil;mil_precarachide;SEMIS;0.13;0.0;;;;;;;;;;;;;;;;;;;;;;
2019;121;621_001;SSM1-0037;mil;mil_precarachide;TRAVAIL_SOL;4.35;0.0;;;;;;;;;;;;;;;;;;;;;;
2019;258;622_001;SSM1-0037;mil;mil_precarachide;RECOLTE;62.48;0.0;0.2;;;;;;;;;;;;;0.0;0.21;2.26;;;;;;
2019;152;622_001;SSM1-0037;mil;mil_precarachide;SEMIS;0.8;0.0;;;;;;;;;;;;;;;;;;;;;;
2019;121;622_001;SSM1-0037;mil;mil_precarachide;TRAVAIL_SOL;26.82;0.0;;;;;;;;;;;;;;;;;;;;;;
2019;258;623_001;SSM1-0037;mil;mil_precarachide;RECOLTE;5.29;0.0;0.2;;;;;;;;;;;;;0.0;0.21;2.26;;;;;;
2019;152;623_001;SSM1-0037;mil;mil_precarachide;SEMIS;0.07;0.0;;;;;;;;;;;;;;;;;;;;;;
2019;121;623_001;SSM1-0037;mil;mil_precarachide;TRAVAIL_SOL;2.27;0.0;;;;;;;;;;;;;;;;;;;;;;
2019;258;624_001;SSM1-0037;mil;mil_precarachide;RECOLTE;20.39;0.0;0.2;;;;;;;;;;;;;0.0;0.21;2.26;;;;;;
2019;152;624_001;SSM1-0037;mil;mil_precarachide;SEMIS;0.26;0.0;;;;;;;;;;;;;;;;;;;;;;
2019;121;624_001;SSM1-0037;mil;mil_precarachide;TRAVAIL_SOL;8.75;0.0;;;;;;;;;;;;;;;;;;;;;;
2019;258;625_001;SSM1-0037;mil;mil_precarachide;RECOLTE;7.91;0.0;0.2;;;;;;;;;;;;;0.0;0.21;2.26;;;;;;
2019;152;625_001;SSM1-0037;mil;mil_precarachide;SEMIS;0.1;0.0;;;;;;;;;;;;;;;;;;;;;;
2019;121;625_001;SSM1-0037;mil;mil_precarachide;TRAVAIL_SOL;3.4;0.0;;;;;;;;;;;;;;;;;;;;;;
2019;258;626_001;SSM1-0037;mil;mil_precarachide;RECOLTE;12.71;0.0;0.2;;;;;;;;;;;;;0.0;0.21;2.26;;;;;;
2019;152;626_001;SSM1-0037;mil;mil_precarachide;SEMIS;0.16;0.0;;;;;;;;;;;;;;;;;;;;;;
2019;121;626_001;SSM1-0037;mil;mil_precarachide;TRAVAIL_SOL;5.46;0.0;;;;;;;;;;;;;;;;;;;;;;
2019;258;627_001;SSM1-0037;mil;mil_precarachide;RECOLTE;3.25;0.0;0.2;;;;;;;;;;;;;0.0;0.21;2.26;;;;;;
2019;152;627_001;SSM1-0037;mil;mil_precarachide;SEMIS;0.04;0.0;;;;;;;;;;;;;;;;;;;;;;
2019;121;627_001;SSM1-0037;mil;mil_precarachide;TRAVAIL_SOL;1.4;0.0;;;;;;;;;;;;;;;;;;;;;;
2019;258;628_001;SSM1-0037;mil;mil_precarachide;RECOLTE;17.06;0.0;0.2;;;;;;;;;;;;;0.0;0.21;2.26;;;;;;
2019;152;628_001;SSM1-0037;mil;mil_precarachide;SEMIS;0.22;0.0;;;;;;;;;;;;;;;;;;;;;;
2019;121;628_001;SSM1-0037;mil;mil_precarachide;TRAVAIL_SOL;7.32;0.0;;;;;;;;;;;;;;;;;;;;;;
2019;258;629_001;SSM1-0037;mil;mil_precarachide;RECOLTE;4.51;0.0;0.2;;;;;;;;;;;;;0.0;0.21;2.26;;;;;;
2019;152;629_001;SSM1-0037;mil;mil_precarachide;SEMIS;0.06;0.0;;;;;;;;;;;;;;;;;;;;;;
2019;121;629_001;SSM1-0037;mil;mil_precarachide;TRAVAIL_SOL;1.93;0.0;;;;;;;;;;;;;;;;;;;;;;
2019;258;630_001;SSM1-0037;mil;mil_precarachide;RECOLTE;24.34;0.0;0.2;;;;;;;;;;;;;0.0;0.21;2.26;;;;;;
2019;152;630_001;SSM1-0037;mil;mil_precarachide;SEMIS;0.31;0.0;;;;;;;;;;;;;;;;;;;;;;
2019;121;630_001;SSM1-0037;mil;mil_precarachide;TRAVAIL_SOL;10.45;0.0;;;;;;;;;;;;;;;;;;;;;;
2019;258;631_001;SSM1-0037;mil;mil_precarachide;RECOLTE;11.3;0.0;0.2;;;;;;;;;;;;;0.0;0.21;2.26;;;;;;
2019;152;631_001;SSM1-0037;mil;mil_precarachide;SEMIS;0.14;0.0;;;;;;;;;;;;;;;;;;;;;;
2019;121;631_001;SSM1-0037;mil;mil_precarachide;TRAVAIL_SOL;4.85;0.0;;;;;;;;;;;;;;;;;;;;;;
2019;258;632_001;SSM1-0037;mil;mil_precarachide;RECOLTE;17.96;0.0;0.2;;;;;;;;;;;;;0.0;0.21;2.26;;;;;;
2019;152;632_001;SSM1-0037;mil;mil_precarachide;SEMIS;0.23;0.0;;;;;;;;;;;;;;;;;;;;;;
2019;121;632_001;SSM1-0037;mil;mil_precarachide;TRAVAIL_SOL;7.71;0.0;;;;;;;;;;;;;;;;;;;;;;
2019;258;633_001;SSM1-0037;mil;mil_precarachide;RECOLTE;1.04;0.0;0.2;;;;;;;;;;;;;0.0;0.21;2.26;;;;;;
2019;152;633_001;SSM1-0037;mil;mil_precarachide;SEMIS;0.01;0.0;;;;;;;;;;;;;;;;;;;;;;
2019;121;633_001;SSM1-0037;mil;mil_precarachide;TRAVAIL_SOL;0.45;0.0;;;;;;;;;;;;;;;;;;;;;;
2019;258;634_001;SSM1-0037;mil;mil_precarachide;RECOLTE;32.53;0.0;0.2;;;;;;;;;;;;;0.0;0.21;2.26;;;;;;
2019;152;634_001;SSM1-0037;mil;mil_precarachide;SEMIS;0.42;0.0;;;;;;;;;;;;;;;;;;;;;;
2019;121;634_001;SSM1-0037;mil;mil_precarachide;TRAVAIL_SOL;13.96;0.0;;;;;;;;;;;;;;;;;;;;;;
2019;258;635_001;SSM1-0037;mil;mil_precarachide;RECOLTE;39.01;0.0;0.2;;;;;;;;;;;;;0.0;0.21;2.26;;;;;;
2019;152;635_001;SSM1-0037;mil;mil_precarachide;SEMIS;0.5;0.0;;;;;;;;;;;;;;;;;;;;;;
2019;121;635_001;SSM1-0037;mil;mil_precarachide;TRAVAIL_SOL;16.75;0.0;;;;;;;;;;;;;;;;;;;;;;
2019;258;636_001;SSM1-0037;mil;mil_precarachide;RECOLTE;64.31;0.0;0.2;;;;;;;;;;;;;0.0;0.21;2.26;;;;;;
2019;152;636_001;SSM1-0037;mil;mil_precarachide;SEMIS;0.82;0.0;;;;;;;;;;;;;;;;;;;;;;
2019;121;636_001;SSM1-0037;mil;mil_precarachide;TRAVAIL_SOL;27.61;0.0;;;;;;;;;;;;;;;;;;;;;;
2019;258;637_001;SSM1-0037;mil;mil_precarachide;RECOLTE;1.39;0.0;0.2;;;;;;;;;;;;;0.0;0.21;2.26;;;;;;
2019;152;637_001;SSM1-0037;mil;mil_precarachide;SEMIS;0.02;0.0;;;;;;;;;;;;;;;;;;;;;;
2019;121;637_001;SSM1-0037;mil;mil_precarachide;TRAVAIL_SOL;0.6;0.0;;;;;;;;;;;;;;;;;;;;;;
2019;258;638_001;SSM1-0037;mil;mil_precarachide;RECOLTE;16.24;0.0;0.2;;;;;;;;;;;;;0.0;0.21;2.26;;;;;;
2019;152;638_001;SSM1-0037;mil;mil_precarachide;SEMIS;0.21;0.0;;;;;;;;;;;;;;;;;;;;;;
2019;121;638_001;SSM1-0037;mil;mil_precarachide;TRAVAIL_SOL;6.97;0.0;;;;;;;;;;;;;;;;;;;;;;
2019;258;639_001;SSM1-0037;mil;mil_precarachide;RECOLTE;10.12;0.0;0.2;;;;;;;;;;;;;0.0;0.21;2.26;;;;;;
2019;152;639_001;SSM1-0037;mil;mil_precarachide;SEMIS;0.13;0.0;;;;;;;;;;;;;;;;;;;;;;
2019;121;639_001;SSM1-0037;mil;mil_precarachide;TRAVAIL_SOL;4.34;0.0;;;;;;;;;;;;;;;;;;;;;;
2019;258;640_001;SSM1-0038;mil;mil_precarachide;RECOLTE;19.69;0.0;0.2;;;;;;;;;;;;;0.0;0.21;2.26;;;;;;
2019;152;640_001;SSM1-0038;mil;mil_precarachide;SEMIS;0.25;0.0;;;;;;;;;;;;;;;;;;;;;;
2019;121;640_001;SSM1-0038;mil;mil_precarachide;TRAVAIL_SOL;8.45;0.0;;;;;;;;;;;;;;;;;;;;;;
2019;258;641_001;SSM1-0038;mil;mil_precarachide;RECOLTE;28.13;0.0;0.2;;;;;;;;;;;;;0.0;0.21;2.26;;;;;;
2019;152;641_001;SSM1-0038;mil;mil_precarachide;SEMIS;0.36;0.0;;;;;;;;;;;;;;;;;;;;;;
2019;121;641_001;SSM1-0038;mil;mil_precarachide;TRAVAIL_SOL;12.07;0.0;;;;;;;;;;;;;;;;;;;;;;
2019;258;642_001;SSM1-0039;mil;mil_precarachide;RECOLTE;47.66;0.0;0.2;;;;;;;;;;;;;0.0;0.21;2.26;;;;;;
2019;152;642_001;SSM1-0039;mil;mil_precarachide;SEMIS;0.61;0.0;;;;;;;;;;;;;;;;;;;;;;
2019;121;642_001;SSM1-0039;mil;mil_precarachide;TRAVAIL_SOL;20.46;0.0;;;;;;;;;;;;;;;;;;;;;;
2019;258;643_001;SSM1-0039;mil;mil_precarachide;RECOLTE;5.06;0.0;0.2;;;;;;;;;;;;;0.0;0.21;2.26;;;;;;
2019;152;643_001;SSM1-0039;mil;mil_precarachide;SEMIS;0.06;0.0;;;;;;;;;;;;;;;;;;;;;;
2019;121;643_001;SSM1-0039;mil;mil_precarachide;TRAVAIL_SOL;2.17;0.0;;;;;;;;;;;;;;;;;;;;;;
2019;258;644_001;SSM1-0039;mil;mil_precarachide;RECOLTE;17.08;0.0;0.2;;;;;;;;;;;;;0.0;0.21;2.26;;;;;;
2019;152;644_001;SSM1-0039;mil;mil_precarachide;SEMIS;0.22;0.0;;;;;;;;;;;;;;;;;;;;;;
2019;121;644_001;SSM1-0039;mil;mil_precarachide;TRAVAIL_SOL;7.33;0.0;;;;;;;;;;;;;;;;;;;;;;
2019;258;645_001;SSM1-0039;mil;mil_precarachide;RECOLTE;2.58;0.0;0.2;;;;;;;;;;;;;0.0;0.21;2.26;;;;;;
2019;152;645_001;SSM1-0039;mil;mil_precarachide;SEMIS;0.03;0.0;;;;;;;;;;;;;;;;;;;;;;
2019;121;645_001;SSM1-0039;mil;mil_precarachide;TRAVAIL_SOL;1.11;0.0;;;;;;;;;;;;;;;;;;;;;;
2019;258;646_001;SSM1-0039;mil;mil_precarachide;RECOLTE;25.36;0.0;0.2;;;;;;;;;;;;;0.0;0.21;2.26;;;;;;
2019;152;646_001;SSM1-0039;mil;mil_precarachide;SEMIS;0.32;0.0;;;;;;;;;;;;;;;;;;;;;;
2019;121;646_001;SSM1-0039;mil;mil_precarachide;TRAVAIL_SOL;10.89;0.0;;;;;;;;;;;;;;;;;;;;;;
2019;258;647_001;SSM1-0039;mil;mil_precarachide;RECOLTE;9.16;0.0;0.2;;;;;;;;;;;;;0.0;0.21;2.26;;;;;;
2019;152;647_001;SSM1-0039;mil;mil_precarachide;SEMIS;0.12;0.0;;;;;;;;;;;;;;;;;;;;;;
2019;121;647_001;SSM1-0039;mil;mil_precarachide;TRAVAIL_SOL;3.93;0.0;;;;;;;;;;;;;;;;;;;;;;
2019;258;648_001;SSM1-0039;mil;mil_precarachide;RECOLTE;7.68;0.0;0.2;;;;;;;;;;;;;0.0;0.21;2.26;;;;;;
2019;152;648_001;SSM1-0039;mil;mil_precarachide;SEMIS;0.1;0.0;;;;;;;;;;;;;;;;;;;;;;
2019;121;648_001;SSM1-0039;mil;mil_precarachide;TRAVAIL_SOL;3.3;0.0;;;;;;;;;;;;;;;;;;;;;;
2019;258;649_001;SSM1-0039;mil;mil_precarachide;RECOLTE;6.78;0.0;0.2;;;;;;;;;;;;;0.0;0.21;2.26;;;;;;
2019;152;649_001;SSM1-0039;mil;mil_precarachide;SEMIS;0.09;0.0;;;;;;;;;;;;;;;;;;;;;;
2019;121;649_001;SSM1-0039;mil;mil_precarachide;TRAVAIL_SOL;2.91;0.0;;;;;;;;;;;;;;;;;;;;;;
2019;258;650_001;SSM1-0039;mil;mil_precarachide;RECOLTE;0.89;0.0;0.2;;;;;;;;;;;;;0.0;0.21;2.26;;;;;;
2019;152;650_001;SSM1-0039;mil;mil_precarachide;SEMIS;0.01;0.0;;;;;;;;;;;;;;;;;;;;;;
2019;121;650_001;SSM1-0039;mil;mil_precarachide;TRAVAIL_SOL;0.38;0.0;;;;;;;;;;;;;;;;;;;;;;
2019;258;651_001;SSM1-0039;mil;mil_precarachide;RECOLTE;0.52;0.0;0.2;;;;;;;;;;;;;0.0;0.21;2.26;;;;;;
2019;152;651_001;SSM1-0039;mil;mil_precarachide;SEMIS;0.01;0.0;;;;;;;;;;;;;;;;;;;;;;
2019;121;651_001;SSM1-0039;mil;mil_precarachide;TRAVAIL_SOL;0.22;0.0;;;;;;;;;;;;;;;;;;;;;;
2019;258;652_001;SSM1-0039;mil;mil_precarachide;RECOLTE;30.33;0.0;0.2;;;;;;;;;;;;;0.0;0.21;2.26;;;;;;
2019;152;652_001;SSM1-0039;mil;mil_precarachide;SEMIS;0.39;0.0;;;;;;;;;;;;;;;;;;;;;;
2019;121;652_001;SSM1-0039;mil;mil_precarachide;TRAVAIL_SOL;13.02;0.0;;;;;;;;;;;;;;;;;;;;;;
2019;258;653_001;SSM1-0039;mil;mil_precarachide;RECOLTE;3.34;0.0;0.2;;;;;;;;;;;;;0.0;0.21;2.26;;;;;;
2019;152;653_001;SSM1-0039;mil;mil_precarachide;SEMIS;0.04;0.0;;;;;;;;;;;;;;;;;;;;;;
2019;121;653_001;SSM1-0039;mil;mil_precarachide;TRAVAIL_SOL;1.44;0.0;;;;;;;;;;;;;;;;;;;;;;
2019;258;654_001;SSM1-0039;mil;mil_precarachide;RECOLTE;5.47;0.0;0.2;;;;;;;;;;;;;0.0;0.21;2.26;;;;;;
2019;152;654_001;SSM1-0039;mil;mil_precarachide;SEMIS;0.07;0.0;;;;;;;;;;;;;;;;;;;;;;
2019;121;654_001;SSM1-0039;mil;mil_precarachide;TRAVAIL_SOL;2.35;0.0;;;;;;;;;;;;;;;;;;;;;;
2019;258;655_001;SSM1-0039;mil;mil_precarachide;RECOLTE;1.77;0.0;0.2;;;;;;;;;;;;;0.0;0.21;2.26;;;;;;
2019;152;655_001;SSM1-0039;mil;mil_precarachide;SEMIS;0.02;0.0;;;;;;;;;;;;;;;;;;;;;;
2019;121;655_001;SSM1-0039;mil;mil_precarachide;TRAVAIL_SOL;0.76;0.0;;;;;;;;;;;;;;;;;;;;;;
2019;258;656_001;SSM1-0039;mil;mil_precarachide;RECOLTE;26.0;0.0;0.2;;;;;;;;;;;;;0.0;0.21;2.26;;;;;;
2019;152;656_001;SSM1-0039;mil;mil_precarachide;SEMIS;0.33;0.0;;;;;;;;;;;;;;;;;;;;;;
2019;121;656_001;SSM1-0039;mil;mil_precarachide;TRAVAIL_SOL;11.16;0.0;;;;;;;;;;;;;;;;;;;;;;
2019;258;657_001;SSM1-0038;mil;mil_precarachide;RECOLTE;17.29;0.0;0.2;;;;;;;;;;;;;0.0;0.21;2.26;;;;;;
2019;152;657_001;SSM1-0038;mil;mil_precarachide;SEMIS;0.22;0.0;;;;;;;;;;;;;;;;;;;;;;
2019;121;657_001;SSM1-0038;mil;mil_precarachide;TRAVAIL_SOL;7.42;0.0;;;;;;;;;;;;;;;;;;;;;;
2019;258;658_001;SSM1-0038;mil;mil_precarachide;RECOLTE;5.53;0.0;0.2;;;;;;;;;;;;;0.0;0.21;2.26;;;;;;
2019;152;658_001;SSM1-0038;mil;mil_precarachide;SEMIS;0.07;0.0;;;;;;;;;;;;;;;;;;;;;;
2019;121;658_001;SSM1-0038;mil;mil_precarachide;TRAVAIL_SOL;2.37;0.0;;;;;;;;;;;;;;;;;;;;;;
2019;258;659_001;SSM1-0038;mil;mil_precarachide;RECOLTE;18.52;0.0;0.2;;;;;;;;;;;;;0.0;0.21;2.26;;;;;;
2019;152;659_001;SSM1-0038;mil;mil_precarachide;SEMIS;0.24;0.0;;;;;;;;;;;;;;;;;;;;;;
2019;121;659_001;SSM1-0038;mil;mil_precarachide;TRAVAIL_SOL;7.95;0.0;;;;;;;;;;;;;;;;;;;;;;
2019;258;660_001;SSM1-0038;mil;mil_precarachide;RECOLTE;4.38;0.0;0.2;;;;;;;;;;;;;0.0;0.21;2.26;;;;;;
2019;152;660_001;SSM1-0038;mil;mil_precarachide;SEMIS;0.06;0.0;;;;;;;;;;;;;;;;;;;;;;
2019;121;660_001;SSM1-0038;mil;mil_precarachide;TRAVAIL_SOL;1.88;0.0;;;;;;;;;;;;;;;;;;;;;;
2019;258;661_001;SSM1-0038;mil;mil_precarachide;RECOLTE;20.21;0.0;0.2;;;;;;;;;;;;;0.0;0.21;2.26;;;;;;
2019;152;661_001;SSM1-0038;mil;mil_precarachide;SEMIS;0.26;0.0;;;;;;;;;;;;;;;;;;;;;;
2019;121;661_001;SSM1-0038;mil;mil_precarachide;TRAVAIL_SOL;8.67;0.0;;;;;;;;;;;;;;;;;;;;;;
2019;258;662_001;SSM1-0038;mil;mil_precarachide;RECOLTE;9.03;0.0;0.2;;;;;;;;;;;;;0.0;0.21;2.26;;;;;;
2019;152;662_001;SSM1-0038;mil;mil_precarachide;SEMIS;0.12;0.0;;;;;;;;;;;;;;;;;;;;;;
2019;121;662_001;SSM1-0038;mil;mil_precarachide;TRAVAIL_SOL;3.88;0.0;;;;;;;;;;;;;;;;;;;;;;
2019;258;663_001;SSM1-0038;mil;mil_precarachide;RECOLTE;34.33;0.0;0.2;;;;;;;;;;;;;0.0;0.21;2.26;;;;;;
2019;152;663_001;SSM1-0038;mil;mil_precarachide;SEMIS;0.44;0.0;;;;;;;;;;;;;;;;;;;;;;
2019;121;663_001;SSM1-0038;mil;mil_precarachide;TRAVAIL_SOL;14.74;0.0;;;;;;;;;;;;;;;;;;;;;;
2019;258;664_001;SSM1-0038;mil;mil_precarachide;RECOLTE;22.59;0.0;0.2;;;;;;;;;;;;;0.0;0.21;2.26;;;;;;
2019;152;664_001;SSM1-0038;mil;mil_precarachide;SEMIS;0.29;0.0;;;;;;;;;;;;;;;;;;;;;;
2019;121;664_001;SSM1-0038;mil;mil_precarachide;TRAVAIL_SOL;9.7;0.0;;;;;;;;;;;;;;;;;;;;;;
2019;258;665_001;SSM1-0038;mil;mil_precarachide;RECOLTE;57.33;0.0;0.2;;;;;;;;;;;;;0.0;0.21;2.26;;;;;;
2019;152;665_001;SSM1-0038;mil;mil_precarachide;SEMIS;0.73;0.0;;;;;;;;;;;;;;;;;;;;;;
2019;121;665_001;SSM1-0038;mil;mil_precarachide;TRAVAIL_SOL;24.61;0.0;;;;;;;;;;;;;;;;;;;;;;
2019;258;666_001;SSM1-0038;mil;mil_precarachide;RECOLTE;4.8;0.0;0.2;;;;;;;;;;;;;0.0;0.21;2.26;;;;;;
2019;152;666_001;SSM1-0038;mil;mil_precarachide;SEMIS;0.06;0.0;;;;;;;;;;;;;;;;;;;;;;
2019;121;666_001;SSM1-0038;mil;mil_precarachide;TRAVAIL_SOL;2.06;0.0;;;;;;;;;;;;;;;;;;;;;;
2019;258;667_001;SSM1-0038;mil;mil_precarachide;RECOLTE;12.78;0.0;0.2;;;;;;;;;;;;;0.0;0.21;2.26;;;;;;
2019;152;667_001;SSM1-0038;mil;mil_precarachide;SEMIS;0.16;0.0;;;;;;;;;;;;;;;;;;;;;;
2019;121;667_001;SSM1-0038;mil;mil_precarachide;TRAVAIL_SOL;5.49;0.0;;;;;;;;;;;;;;;;;;;;;;
2019;258;668_001;SSM1-0038;mil;mil_precarachide;RECOLTE;5.06;0.0;0.2;;;;;;;;;;;;;0.0;0.21;2.26;;;;;;
2019;152;668_001;SSM1-0038;mil;mil_precarachide;SEMIS;0.06;0.0;;;;;;;;;;;;;;;;;;;;;;
2019;121;668_001;SSM1-0038;mil;mil_precarachide;TRAVAIL_SOL;2.17;0.0;;;;;;;;;;;;;;;;;;;;;;
2019;258;669_001;SSM1-0038;mil;mil_precarachide;RECOLTE;37.4;0.0;0.2;;;;;;;;;;;;;0.0;0.21;2.26;;;;;;
2019;152;669_001;SSM1-0038;mil;mil_precarachide;SEMIS;0.48;0.0;;;;;;;;;;;;;;;;;;;;;;
2019;121;669_001;SSM1-0038;mil;mil_precarachide;TRAVAIL_SOL;16.06;0.0;;;;;;;;;;;;;;;;;;;;;;
2019;258;670_001;SSM1-0038;mil;mil_precarachide;RECOLTE;30.54;0.0;0.2;;;;;;;;;;;;;0.0;0.21;2.26;;;;;;
2019;152;670_001;SSM1-0038;mil;mil_precarachide;SEMIS;0.39;0.0;;;;;;;;;;;;;;;;;;;;;;
2019;121;670_001;SSM1-0038;mil;mil_precarachide;TRAVAIL_SOL;13.11;0.0;;;;;;;;;;;;;;;;;;;;;;
2019;258;671_001;SSM1-0038;mil;mil_precarachide;RECOLTE;0.63;0.0;0.2;;;;;;;;;;;;;0.0;0.21;2.26;;;;;;
2019;152;671_001;SSM1-0038;mil;mil_precarachide;SEMIS;0.01;0.0;;;;;;;;;;;;;;;;;;;;;;
2019;121;671_001;SSM1-0038;mil;mil_precarachide;TRAVAIL_SOL;0.27;0.0;;;;;;;;;;;;;;;;;;;;;;
2019;258;672_001;SSM1-0038;mil;mil_precarachide;RECOLTE;26.57;0.0;0.2;;;;;;;;;;;;;0.0;0.21;2.26;;;;;;
2019;152;672_001;SSM1-0038;mil;mil_precarachide;SEMIS;0.34;0.0;;;;;;;;;;;;;;;;;;;;;;
2019;121;672_001;SSM1-0038;mil;mil_precarachide;TRAVAIL_SOL;11.4;0.0;;;;;;;;;;;;;;;;;;;;;;
2019;258;673_001;SSM1-0038;mil;mil_precarachide;RECOLTE;4.46;0.0;0.2;;;;;;;;;;;;;0.0;0.21;2.26;;;;;;
2019;152;673_001;SSM1-0038;mil;mil_precarachide;SEMIS;0.06;0.0;;;;;;;;;;;;;;;;;;;;;;
2019;121;673_001;SSM1-0038;mil;mil_precarachide;TRAVAIL_SOL;1.91;0.0;;;;;;;;;;;;;;;;;;;;;;
2019;258;674_001;SSM1-0038;mil;mil_precarachide;RECOLTE;7.96;0.0;0.2;;;;;;;;;;;;;0.0;0.21;2.26;;;;;;
2019;152;674_001;SSM1-0038;mil;mil_precarachide;SEMIS;0.1;0.0;;;;;;;;;;;;;;;;;;;;;;
2019;121;674_001;SSM1-0038;mil;mil_precarachide;TRAVAIL_SOL;3.42;0.0;;;;;;;;;;;;;;;;;;;;;;
2019;258;675_001;SSM1-0038;mil;mil_precarachide;RECOLTE;5.7;0.0;0.2;;;;;;;;;;;;;0.0;0.21;2.26;;;;;;
2019;152;675_001;SSM1-0038;mil;mil_precarachide;SEMIS;0.07;0.0;;;;;;;;;;;;;;;;;;;;;;
2019;121;675_001;SSM1-0038;mil;mil_precarachide;TRAVAIL_SOL;2.45;0.0;;;;;;;;;;;;;;;;;;;;;;
2019;258;676_001;SSM1-0038;mil;mil_precarachide;RECOLTE;30.44;0.0;0.2;;;;;;;;;;;;;0.0;0.21;2.26;;;;;;
2019;152;676_001;SSM1-0038;mil;mil_precarachide;SEMIS;0.39;0.0;;;;;;;;;;;;;;;;;;;;;;
2019;121;676_001;SSM1-0038;mil;mil_precarachide;TRAVAIL_SOL;13.07;0.0;;;;;;;;;;;;;;;;;;;;;;
2019;258;677_001;SSM1-0038;mil;mil_precarachide;RECOLTE;14.51;0.0;0.2;;;;;;;;;;;;;0.0;0.21;2.26;;;;;;
2019;152;677_001;SSM1-0038;mil;mil_precarachide;SEMIS;0.19;0.0;;;;;;;;;;;;;;;;;;;;;;
2019;121;677_001;SSM1-0038;mil;mil_precarachide;TRAVAIL_SOL;6.23;0.0;;;;;;;;;;;;;;;;;;;;;;
2019;258;678_001;SSM1-0038;mil;mil_precarachide;RECOLTE;5.11;0.0;0.2;;;;;;;;;;;;;0.0;0.21;2.26;;;;;;
2019;152;678_001;SSM1-0038;mil;mil_precarachide;SEMIS;0.07;0.0;;;;;;;;;;;;;;;;;;;;;;
2019;121;678_001;SSM1-0038;mil;mil_precarachide;TRAVAIL_SOL;2.19;0.0;;;;;;;;;;;;;;;;;;;;;;
2019;258;679_001;SSM1-0038;mil;mil_precarachide;RECOLTE;10.96;0.0;0.2;;;;;;;;;;;;;0.0;0.21;2.26;;;;;;
2019;152;679_001;SSM1-0038;mil;mil_precarachide;SEMIS;0.14;0.0;;;;;;;;;;;;;;;;;;;;;;
2019;121;679_001;SSM1-0038;mil;mil_precarachide;TRAVAIL_SOL;4.71;0.0;;;;;;;;;;;;;;;;;;;;;;
2019;258;680_001;SSM1-0038;mil;mil_precarachide;RECOLTE;25.3;0.0;0.2;;;;;;;;;;;;;0.0;0.21;2.26;;;;;;
2019;152;680_001;SSM1-0038;mil;mil_precarachide;SEMIS;0.32;0.0;;;;;;;;;;;;;;;;;;;;;;
2019;121;680_001;SSM1-0038;mil;mil_precarachide;TRAVAIL_SOL;10.86;0.0;;;;;;;;;;;;;;;;;;;;;;
2019;258;681_001;SSM1-0040;mil;mil_precarachide;RECOLTE;4.24;0.0;0.2;;;;;;;;;;;;;0.0;0.21;2.26;;;;;;
2019;152;681_001;SSM1-0040;mil;mil_precarachide;SEMIS;0.05;0.0;;;;;;;;;;;;;;;;;;;;;;
2019;121;681_001;SSM1-0040;mil;mil_precarachide;TRAVAIL_SOL;1.82;0.0;;;;;;;;;;;;;;;;;;;;;;
2019;258;682_001;SSM1-0040;mil;mil_precarachide;RECOLTE;33.27;0.0;0.2;;;;;;;;;;;;;0.0;0.21;2.26;;;;;;
2019;152;682_001;SSM1-0040;mil;mil_precarachide;SEMIS;0.43;0.0;;;;;;;;;;;;;;;;;;;;;;
2019;121;682_001;SSM1-0040;mil;mil_precarachide;TRAVAIL_SOL;14.28;0.0;;;;;;;;;;;;;;;;;;;;;;
2019;258;683_001;SSM1-0040;mil;mil_precarachide;RECOLTE;4.48;0.0;0.2;;;;;;;;;;;;;0.0;0.21;2.26;;;;;;
2019;152;683_001;SSM1-0040;mil;mil_precarachide;SEMIS;0.06;0.0;;;;;;;;;;;;;;;;;;;;;;
2019;121;683_001;SSM1-0040;mil;mil_precarachide;TRAVAIL_SOL;1.92;0.0;;;;;;;;;;;;;;;;;;;;;;
2019;258;684_001;SSM1-0040;mil;mil_precarachide;RECOLTE;19.77;0.0;0.2;;;;;;;;;;;;;0.0;0.21;2.26;;;;;;
2019;152;684_001;SSM1-0040;mil;mil_precarachide;SEMIS;0.25;0.0;;;;;;;;;;;;;;;;;;;;;;
2019;121;684_001;SSM1-0040;mil;mil_precarachide;TRAVAIL_SOL;8.49;0.0;;;;;;;;;;;;;;;;;;;;;;
2019;258;685_001;SSM1-0040;mil;mil_precarachide;RECOLTE;17.63;0.0;0.2;;;;;;;;;;;;;0.0;0.21;2.26;;;;;;
2019;152;685_001;SSM1-0040;mil;mil_precarachide;SEMIS;0.23;0.0;;;;;;;;;;;;;;;;;;;;;;
2019;121;685_001;SSM1-0040;mil;mil_precarachide;TRAVAIL_SOL;7.57;0.0;;;;;;;;;;;;;;;;;;;;;;
2019;258;686_001;SSM1-0040;mil;mil_precarachide;RECOLTE;4.01;0.0;0.2;;;;;;;;;;;;;0.0;0.21;2.26;;;;;;
2019;152;686_001;SSM1-0040;mil;mil_precarachide;SEMIS;0.05;0.0;;;;;;;;;;;;;;;;;;;;;;
2019;121;686_001;SSM1-0040;mil;mil_precarachide;TRAVAIL_SOL;1.72;0.0;;;;;;;;;;;;;;;;;;;;;;
2019;258;687_001;SSM1-0040;mil;mil_precarachide;RECOLTE;10.77;0.0;0.2;;;;;;;;;;;;;0.0;0.21;2.26;;;;;;
2019;152;687_001;SSM1-0040;mil;mil_precarachide;SEMIS;0.14;0.0;;;;;;;;;;;;;;;;;;;;;;
2019;121;687_001;SSM1-0040;mil;mil_precarachide;TRAVAIL_SOL;4.62;0.0;;;;;;;;;;;;;;;;;;;;;;
2019;258;688_001;SSM1-0040;mil;mil_precarachide;RECOLTE;27.39;0.0;0.2;;;;;;;;;;;;;0.0;0.21;2.26;;;;;;
2019;152;688_001;SSM1-0040;mil;mil_precarachide;SEMIS;0.35;0.0;;;;;;;;;;;;;;;;;;;;;;
2019;121;688_001;SSM1-0040;mil;mil_precarachide;TRAVAIL_SOL;11.76;0.0;;;;;;;;;;;;;;;;;;;;;;
2019;258;689_001;SSM1-0040;mil;mil_precarachide;RECOLTE;27.41;0.0;0.2;;;;;;;;;;;;;0.0;0.21;2.26;;;;;;
2019;152;689_001;SSM1-0040;mil;mil_precarachide;SEMIS;0.35;0.0;;;;;;;;;;;;;;;;;;;;;;
2019;121;689_001;SSM1-0040;mil;mil_precarachide;TRAVAIL_SOL;11.77;0.0;;;;;;;;;;;;;;;;;;;;;;
2019;258;690_001;SSM1-0040;mil;mil_precarachide;RECOLTE;7.22;0.0;0.2;;;;;;;;;;;;;0.0;0.21;2.26;;;;;;
2019;152;690_001;SSM1-0040;mil;mil_precarachide;SEMIS;0.09;0.0;;;;;;;;;;;;;;;;;;;;;;
2019;121;690_001;SSM1-0040;mil;mil_precarachide;TRAVAIL_SOL;3.1;0.0;;;;;;;;;;;;;;;;;;;;;;
2019;258;691_001;SSM1-0040;mil;mil_precarachide;RECOLTE;41.45;0.0;0.2;;;;;;;;;;;;;0.0;0.21;2.26;;;;;;
2019;152;691_001;SSM1-0040;mil;mil_precarachide;SEMIS;0.53;0.0;;;;;;;;;;;;;;;;;;;;;;
2019;121;691_001;SSM1-0040;mil;mil_precarachide;TRAVAIL_SOL;17.79;0.0;;;;;;;;;;;;;;;;;;;;;;
2019;258;692_001;SSM1-0040;mil;mil_precarachide;RECOLTE;5.01;0.0;0.2;;;;;;;;;;;;;0.0;0.21;2.26;;;;;;
2019;152;692_001;SSM1-0040;mil;mil_precarachide;SEMIS;0.06;0.0;;;;;;;;;;;;;;;;;;;;;;
2019;121;692_001;SSM1-0040;mil;mil_precarachide;TRAVAIL_SOL;2.15;0.0;;;;;;;;;;;;;;;;;;;;;;
2019;258;693_001;SSM1-0040;mil;mil_precarachide;RECOLTE;28.74;0.0;0.2;;;;;;;;;;;;;0.0;0.21;2.26;;;;;;
2019;152;693_001;SSM1-0040;mil;mil_precarachide;SEMIS;0.37;0.0;;;;;;;;;;;;;;;;;;;;;;
2019;121;693_001;SSM1-0040;mil;mil_precarachide;TRAVAIL_SOL;12.34;0.0;;;;;;;;;;;;;;;;;;;;;;
2019;258;694_001;SSM1-0040;mil;mil_precarachide;RECOLTE;9.02;0.0;0.2;;;;;;;;;;;;;0.0;0.21;2.26;;;;;;
2019;152;694_001;SSM1-0040;mil;mil_precarachide;SEMIS;0.12;0.0;;;;;;;;;;;;;;;;;;;;;;
2019;121;694_001;SSM1-0040;mil;mil_precarachide;TRAVAIL_SOL;3.87;0.0;;;;;;;;;;;;;;;;;;;;;;
2019;258;695_001;SSM1-0040;mil;mil_precarachide;RECOLTE;13.5;0.0;0.2;;;;;;;;;;;;;0.0;0.21;2.26;;;;;;
2019;152;695_001;SSM1-0040;mil;mil_precarachide;SEMIS;0.17;0.0;;;;;;;;;;;;;;;;;;;;;;
2019;121;695_001;SSM1-0040;mil;mil_precarachide;TRAVAIL_SOL;5.8;0.0;;;;;;;;;;;;;;;;;;;;;;
2019;258;696_001;SSM1-0040;mil;mil_precarachide;RECOLTE;37.47;0.0;0.2;;;;;;;;;;;;;0.0;0.21;2.26;;;;;;
2019;152;696_001;SSM1-0040;mil;mil_precarachide;SEMIS;0.48;0.0;;;;;;;;;;;;;;;;;;;;;;
2019;121;696_001;SSM1-0040;mil;mil_precarachide;TRAVAIL_SOL;16.08;0.0;;;;;;;;;;;;;;;;;;;;;;
2019;258;697_001;SSM1-0040;mil;mil_precarachide;RECOLTE;8.03;0.0;0.2;;;;;;;;;;;;;0.0;0.21;2.26;;;;;;
2019;152;697_001;SSM1-0040;mil;mil_precarachide;SEMIS;0.1;0.0;;;;;;;;;;;;;;;;;;;;;;
2019;121;697_001;SSM1-0040;mil;mil_precarachide;TRAVAIL_SOL;3.45;0.0;;;;;;;;;;;;;;;;;;;;;;
2019;258;698_001;SSM1-0040;mil;mil_precarachide;RECOLTE;23.75;0.0;0.2;;;;;;;;;;;;;0.0;0.21;2.26;;;;;;
2019;152;698_001;SSM1-0040;mil;mil_precarachide;SEMIS;0.3;0.0;;;;;;;;;;;;;;;;;;;;;;
2019;121;698_001;SSM1-0040;mil;mil_precarachide;TRAVAIL_SOL;10.2;0.0;;;;;;;;;;;;;;;;;;;;;;
2019;258;699_001;SSM1-0040;mil;mil_precarachide;RECOLTE;8.19;0.0;0.2;;;;;;;;;;;;;0.0;0.21;2.26;;;;;;
2019;152;699_001;SSM1-0040;mil;mil_precarachide;SEMIS;0.1;0.0;;;;;;;;;;;;;;;;;;;;;;
2019;121;699_001;SSM1-0040;mil;mil_precarachide;TRAVAIL_SOL;3.51;0.0;;;;;;;;;;;;;;;;;;;;;;
2019;258;700_001;SSM1-0041;mil;mil_precarachide;RECOLTE;0.79;0.0;0.2;;;;;;;;;;;;;0.0;0.21;2.26;;;;;;
2019;152;700_001;SSM1-0041;mil;mil_precarachide;SEMIS;0.01;0.0;;;;;;;;;;;;;;;;;;;;;;
2019;121;700_001;SSM1-0041;mil;mil_precarachide;TRAVAIL_SOL;0.34;0.0;;;;;;;;;;;;;;;;;;;;;;
2019;258;701_001;SSM1-0041;mil;mil_precarachide;RECOLTE;25.57;0.0;0.2;;;;;;;;;;;;;0.0;0.21;2.26;;;;;;
2019;152;701_001;SSM1-0041;mil;mil_precarachide;SEMIS;0.33;0.0;;;;;;;;;;;;;;;;;;;;;;
2019;121;701_001;SSM1-0041;mil;mil_precarachide;TRAVAIL_SOL;10.97;0.0;;;;;;;;;;;;;;;;;;;;;;
2019;258;702_001;SSM1-0042;mil;mil_precarachide;RECOLTE;23.4;0.0;0.2;;;;;;;;;;;;;0.0;0.21;2.26;;;;;;
2019;152;702_001;SSM1-0042;mil;mil_precarachide;SEMIS;0.3;0.0;;;;;;;;;;;;;;;;;;;;;;
2019;121;702_001;SSM1-0042;mil;mil_precarachide;TRAVAIL_SOL;10.04;0.0;;;;;;;;;;;;;;;;;;;;;;
2019;258;703_001;SSM1-0042;mil;mil_precarachide;RECOLTE;18.03;0.0;0.2;;;;;;;;;;;;;0.0;0.21;2.26;;;;;;
2019;152;703_001;SSM1-0042;mil;mil_precarachide;SEMIS;0.23;0.0;;;;;;;;;;;;;;;;;;;;;;
2019;121;703_001;SSM1-0042;mil;mil_precarachide;TRAVAIL_SOL;7.74;0.0;;;;;;;;;;;;;;;;;;;;;;
2019;258;704_001;SSM1-0042;mil;mil_precarachide;RECOLTE;30.69;0.0;0.2;;;;;;;;;;;;;0.0;0.21;2.26;;;;;;
2019;152;704_001;SSM1-0042;mil;mil_precarachide;SEMIS;0.39;0.0;;;;;;;;;;;;;;;;;;;;;;
2019;121;704_001;SSM1-0042;mil;mil_precarachide;TRAVAIL_SOL;13.17;0.0;;;;;;;;;;;;;;;;;;;;;;
2019;258;705_001;SSM1-0042;mil;mil_precarachide;RECOLTE;11.23;0.0;0.2;;;;;;;;;;;;;0.0;0.21;2.26;;;;;;
2019;152;705_001;SSM1-0042;mil;mil_precarachide;SEMIS;0.14;0.0;;;;;;;;;;;;;;;;;;;;;;
2019;121;705_001;SSM1-0042;mil;mil_precarachide;TRAVAIL_SOL;4.82;0.0;;;;;;;;;;;;;;;;;;;;;;
2019;258;706_001;SSM1-0042;mil;mil_precarachide;RECOLTE;8.5;0.0;0.2;;;;;;;;;;;;;0.0;0.21;2.26;;;;;;
2019;152;706_001;SSM1-0042;mil;mil_precarachide;SEMIS;0.11;0.0;;;;;;;;;;;;;;;;;;;;;;
2019;121;706_001;SSM1-0042;mil;mil_precarachide;TRAVAIL_SOL;3.65;0.0;;;;;;;;;;;;;;;;;;;;;;
2019;258;707_001;SSM1-0042;mil;mil_precarachide;RECOLTE;19.03;0.0;0.2;;;;;;;;;;;;;0.0;0.21;2.26;;;;;;
2019;152;707_001;SSM1-0042;mil;mil_precarachide;SEMIS;0.24;0.0;;;;;;;;;;;;;;;;;;;;;;
2019;121;707_001;SSM1-0042;mil;mil_precarachide;TRAVAIL_SOL;8.17;0.0;;;;;;;;;;;;;;;;;;;;;;
2019;258;708_001;SSM1-0042;mil;mil_precarachide;RECOLTE;5.39;0.0;0.2;;;;;;;;;;;;;0.0;0.21;2.26;;;;;;
2019;152;708_001;SSM1-0042;mil;mil_precarachide;SEMIS;0.07;0.0;;;;;;;;;;;;;;;;;;;;;;
2019;121;708_001;SSM1-0042;mil;mil_precarachide;TRAVAIL_SOL;2.32;0.0;;;;;;;;;;;;;;;;;;;;;;
2019;258;709_001;SSM1-0042;mil;mil_precarachide;RECOLTE;10.46;0.0;0.2;;;;;;;;;;;;;0.0;0.21;2.26;;;;;;
2019;152;709_001;SSM1-0042;mil;mil_precarachide;SEMIS;0.13;0.0;;;;;;;;;;;;;;;;;;;;;;
2019;121;709_001;SSM1-0042;mil;mil_precarachide;TRAVAIL_SOL;4.49;0.0;;;;;;;;;;;;;;;;;;;;;;
2019;258;710_001;SSM1-0042;mil;mil_precarachide;RECOLTE;5.1;0.0;0.2;;;;;;;;;;;;;0.0;0.21;2.26;;;;;;
2019;152;710_001;SSM1-0042;mil;mil_precarachide;SEMIS;0.07;0.0;;;;;;;;;;;;;;;;;;;;;;
2019;121;710_001;SSM1-0042;mil;mil_precarachide;TRAVAIL_SOL;2.19;0.0;;;;;;;;;;;;;;;;;;;;;;
2019;258;711_001;SSM1-0040;mil;mil_precarachide;RECOLTE;9.48;0.0;0.2;;;;;;;;;;;;;0.0;0.21;2.26;;;;;;
2019;152;711_001;SSM1-0040;mil;mil_precarachide;SEMIS;0.12;0.0;;;;;;;;;;;;;;;;;;;;;;
2019;121;711_001;SSM1-0040;mil;mil_precarachide;TRAVAIL_SOL;4.07;0.0;;;;;;;;;;;;;;;;;;;;;;
2019;258;712_001;SSM1-0040;mil;mil_precarachide;RECOLTE;34.38;0.0;0.2;;;;;;;;;;;;;0.0;0.21;2.26;;;;;;
2019;152;712_001;SSM1-0040;mil;mil_precarachide;SEMIS;0.44;0.0;;;;;;;;;;;;;;;;;;;;;;
2019;121;712_001;SSM1-0040;mil;mil_precarachide;TRAVAIL_SOL;14.76;0.0;;;;;;;;;;;;;;;;;;;;;;
2019;258;713_001;SSM1-0014;mil;mil_precarachide;RECOLTE;18.78;0.0;0.2;;;;;;;;;;;;;0.0;0.21;2.26;;;;;;
2019;152;713_001;SSM1-0014;mil;mil_precarachide;SEMIS;0.24;0.0;;;;;;;;;;;;;;;;;;;;;;
2019;121;713_001;SSM1-0014;mil;mil_precarachide;TRAVAIL_SOL;8.06;0.0;;;;;;;;;;;;;;;;;;;;;;
2019;258;714_001;SSM1-0014;mil;mil_precarachide;RECOLTE;2.8;0.0;0.2;;;;;;;;;;;;;0.0;0.21;2.26;;;;;;
2019;152;714_001;SSM1-0014;mil;mil_precarachide;SEMIS;0.04;0.0;;;;;;;;;;;;;;;;;;;;;;
2019;121;714_001;SSM1-0014;mil;mil_precarachide;TRAVAIL_SOL;1.2;0.0;;;;;;;;;;;;;;;;;;;;;;
2019;258;715_001;SSM1-0043;mil;mil_precarachide;RECOLTE;14.4;0.0;0.2;;;;;;;;;;;;;0.0;0.21;2.26;;;;;;
2019;152;715_001;SSM1-0043;mil;mil_precarachide;SEMIS;0.18;0.0;;;;;;;;;;;;;;;;;;;;;;
2019;121;715_001;SSM1-0043;mil;mil_precarachide;TRAVAIL_SOL;6.18;0.0;;;;;;;;;;;;;;;;;;;;;;
2019;258;716_001;SSM1-0043;mil;mil_precarachide;RECOLTE;5.06;0.0;0.2;;;;;;;;;;;;;0.0;0.21;2.26;;;;;;
2019;152;716_001;SSM1-0043;mil;mil_precarachide;SEMIS;0.06;0.0;;;;;;;;;;;;;;;;;;;;;;
2019;121;716_001;SSM1-0043;mil;mil_precarachide;TRAVAIL_SOL;2.17;0.0;;;;;;;;;;;;;;;;;;;;;;
2019;258;717_001;SSM1-0043;mil;mil_precarachide;RECOLTE;34.12;0.0;0.2;;;;;;;;;;;;;0.0;0.21;2.26;;;;;;
2019;152;717_001;SSM1-0043;mil;mil_precarachide;SEMIS;0.44;0.0;;;;;;;;;;;;;;;;;;;;;;
2019;121;717_001;SSM1-0043;mil;mil_precarachide;TRAVAIL_SOL;14.65;0.0;;;;;;;;;;;;;;;;;;;;;;
2019;258;718_001;SSM1-0043;mil;mil_precarachide;RECOLTE;3.95;0.0;0.2;;;;;;;;;;;;;0.0;0.21;2.26;;;;;;
2019;152;718_001;SSM1-0043;mil;mil_precarachide;SEMIS;0.05;0.0;;;;;;;;;;;;;;;;;;;;;;
2019;121;718_001;SSM1-0043;mil;mil_precarachide;TRAVAIL_SOL;1.7;0.0;;;;;;;;;;;;;;;;;;;;;;
2019;258;719_001;SSM1-0043;mil;mil_precarachide;RECOLTE;2.0;0.0;0.2;;;;;;;;;;;;;0.0;0.21;2.26;;;;;;
2019;152;719_001;SSM1-0043;mil;mil_precarachide;SEMIS;0.03;0.0;;;;;;;;;;;;;;;;;;;;;;
2019;121;719_001;SSM1-0043;mil;mil_precarachide;TRAVAIL_SOL;0.86;0.0;;;;;;;;;;;;;;;;;;;;;;
2019;258;720_001;SSM1-0043;mil;mil_precarachide;RECOLTE;0.21;0.0;0.2;;;;;;;;;;;;;0.0;0.21;2.26;;;;;;
2019;152;720_001;SSM1-0043;mil;mil_precarachide;SEMIS;0.0;0.0;;;;;;;;;;;;;;;;;;;;;;
2019;121;720_001;SSM1-0043;mil;mil_precarachide;TRAVAIL_SOL;0.09;0.0;;;;;;;;;;;;;;;;;;;;;;
2019;258;721_001;SSM1-0042;mil;mil_precarachide;RECOLTE;14.38;0.0;0.2;;;;;;;;;;;;;0.0;0.21;2.26;;;;;;
2019;152;721_001;SSM1-0042;mil;mil_precarachide;SEMIS;0.18;0.0;;;;;;;;;;;;;;;;;;;;;;
2019;121;721_001;SSM1-0042;mil;mil_precarachide;TRAVAIL_SOL;6.17;0.0;;;;;;;;;;;;;;;;;;;;;;
2019;258;722_001;SSM1-0042;mil;mil_precarachide;RECOLTE;2.26;0.0;0.2;;;;;;;;;;;;;0.0;0.21;2.26;;;;;;
2019;152;722_001;SSM1-0042;mil;mil_precarachide;SEMIS;0.03;0.0;;;;;;;;;;;;;;;;;;;;;;
2019;121;722_001;SSM1-0042;mil;mil_precarachide;TRAVAIL_SOL;0.97;0.0;;;;;;;;;;;;;;;;;;;;;;
2019;258;723_001;SSM1-0043;mil;mil_precarachide;RECOLTE;15.13;0.0;0.2;;;;;;;;;;;;;0.0;0.21;2.26;;;;;;
2019;152;723_001;SSM1-0043;mil;mil_precarachide;SEMIS;0.19;0.0;;;;;;;;;;;;;;;;;;;;;;
2019;121;723_001;SSM1-0043;mil;mil_precarachide;TRAVAIL_SOL;6.49;0.0;;;;;;;;;;;;;;;;;;;;;;
2019;258;724_001;SSM1-0043;mil;mil_precarachide;RECOLTE;3.91;0.0;0.2;;;;;;;;;;;;;0.0;0.21;2.26;;;;;;
2019;152;724_001;SSM1-0043;mil;mil_precarachide;SEMIS;0.05;0.0;;;;;;;;;;;;;;;;;;;;;;
2019;121;724_001;SSM1-0043;mil;mil_precarachide;TRAVAIL_SOL;1.68;0.0;;;;;;;;;;;;;;;;;;;;;;
2019;258;725_001;SSM1-0043;mil;mil_precarachide;RECOLTE;7.32;0.0;0.2;;;;;;;;;;;;;0.0;0.21;2.26;;;;;;
2019;152;725_001;SSM1-0043;mil;mil_precarachide;SEMIS;0.09;0.0;;;;;;;;;;;;;;;;;;;;;;
2019;121;725_001;SSM1-0043;mil;mil_precarachide;TRAVAIL_SOL;3.14;0.0;;;;;;;;;;;;;;;;;;;;;;
2019;258;726_001;SSM1-0043;mil;mil_precarachide;RECOLTE;1.04;0.0;0.2;;;;;;;;;;;;;0.0;0.21;2.26;;;;;;
2019;152;726_001;SSM1-0043;mil;mil_precarachide;SEMIS;0.01;0.0;;;;;;;;;;;;;;;;;;;;;;
2019;121;726_001;SSM1-0043;mil;mil_precarachide;TRAVAIL_SOL;0.45;0.0;;;;;;;;;;;;;;;;;;;;;;
2019;258;727_001;SSM1-0043;mil;mil_precarachide;RECOLTE;12.18;0.0;0.2;;;;;;;;;;;;;0.0;0.21;2.26;;;;;;
2019;152;727_001;SSM1-0043;mil;mil_precarachide;SEMIS;0.16;0.0;;;;;;;;;;;;;;;;;;;;;;
2019;121;727_001;SSM1-0043;mil;mil_precarachide;TRAVAIL_SOL;5.23;0.0;;;;;;;;;;;;;;;;;;;;;;
2019;258;728_001;SSM1-0043;mil;mil_precarachide;RECOLTE;2.4;0.0;0.2;;;;;;;;;;;;;0.0;0.21;2.26;;;;;;
2019;152;728_001;SSM1-0043;mil;mil_precarachide;SEMIS;0.03;0.0;;;;;;;;;;;;;;;;;;;;;;
2019;121;728_001;SSM1-0043;mil;mil_precarachide;TRAVAIL_SOL;1.03;0.0;;;;;;;;;;;;;;;;;;;;;;
2019;258;729_001;SSM1-0043;mil;mil_precarachide;RECOLTE;21.84;0.0;0.2;;;;;;;;;;;;;0.0;0.21;2.26;;;;;;
2019;152;729_001;SSM1-0043;mil;mil_precarachide;SEMIS;0.28;0.0;;;;;;;;;;;;;;;;;;;;;;
2019;121;729_001;SSM1-0043;mil;mil_precarachide;TRAVAIL_SOL;9.37;0.0;;;;;;;;;;;;;;;;;;;;;;
2019;258;730_001;SSM1-0043;mil;mil_precarachide;RECOLTE;4.61;0.0;0.2;;;;;;;;;;;;;0.0;0.21;2.26;;;;;;
2019;152;730_001;SSM1-0043;mil;mil_precarachide;SEMIS;0.06;0.0;;;;;;;;;;;;;;;;;;;;;;
2019;121;730_001;SSM1-0043;mil;mil_precarachide;TRAVAIL_SOL;1.98;0.0;;;;;;;;;;;;;;;;;;;;;;
2019;258;731_001;SSM1-0041;mil;mil_precarachide;RECOLTE;10.8;0.0;0.2;;;;;;;;;;;;;0.0;0.21;2.26;;;;;;
2019;152;731_001;SSM1-0041;mil;mil_precarachide;SEMIS;0.14;0.0;;;;;;;;;;;;;;;;;;;;;;
2019;121;731_001;SSM1-0041;mil;mil_precarachide;TRAVAIL_SOL;4.64;0.0;;;;;;;;;;;;;;;;;;;;;;
2019;258;732_001;SSM1-0041;mil;mil_precarachide;RECOLTE;5.57;0.0;0.2;;;;;;;;;;;;;0.0;0.21;2.26;;;;;;
2019;152;732_001;SSM1-0041;mil;mil_precarachide;SEMIS;0.07;0.0;;;;;;;;;;;;;;;;;;;;;;
2019;121;732_001;SSM1-0041;mil;mil_precarachide;TRAVAIL_SOL;2.39;0.0;;;;;;;;;;;;;;;;;;;;;;
2019;258;733_001;SSM1-0041;mil;mil_precarachide;RECOLTE;34.36;0.0;0.2;;;;;;;;;;;;;0.0;0.21;2.26;;;;;;
2019;152;733_001;SSM1-0041;mil;mil_precarachide;SEMIS;0.44;0.0;;;;;;;;;;;;;;;;;;;;;;
2019;121;733_001;SSM1-0041;mil;mil_precarachide;TRAVAIL_SOL;14.75;0.0;;;;;;;;;;;;;;;;;;;;;;
2019;258;734_001;SSM1-0041;mil;mil_precarachide;RECOLTE;0.84;0.0;0.2;;;;;;;;;;;;;0.0;0.21;2.26;;;;;;
2019;152;734_001;SSM1-0041;mil;mil_precarachide;SEMIS;0.01;0.0;;;;;;;;;;;;;;;;;;;;;;
2019;121;734_001;SSM1-0041;mil;mil_precarachide;TRAVAIL_SOL;0.36;0.0;;;;;;;;;;;;;;;;;;;;;;
2019;258;735_001;SSM1-0041;mil;mil_precarachide;RECOLTE;12.42;0.0;0.2;;;;;;;;;;;;;0.0;0.21;2.26;;;;;;
2019;152;735_001;SSM1-0041;mil;mil_precarachide;SEMIS;0.16;0.0;;;;;;;;;;;;;;;;;;;;;;
2019;121;735_001;SSM1-0041;mil;mil_precarachide;TRAVAIL_SOL;5.33;0.0;;;;;;;;;;;;;;;;;;;;;;
2019;258;736_001;SSM1-0041;mil;mil_precarachide;RECOLTE;2.88;0.0;0.2;;;;;;;;;;;;;0.0;0.21;2.26;;;;;;
2019;152;736_001;SSM1-0041;mil;mil_precarachide;SEMIS;0.04;0.0;;;;;;;;;;;;;;;;;;;;;;
2019;121;736_001;SSM1-0041;mil;mil_precarachide;TRAVAIL_SOL;1.23;0.0;;;;;;;;;;;;;;;;;;;;;;
2019;258;737_001;SSM1-0044;mil;mil_precarachide;RECOLTE;0.57;0.0;0.2;;;;;;;;;;;;;0.0;0.21;2.26;;;;;;
2019;152;737_001;SSM1-0044;mil;mil_precarachide;SEMIS;0.01;0.0;;;;;;;;;;;;;;;;;;;;;;
2019;121;737_001;SSM1-0044;mil;mil_precarachide;TRAVAIL_SOL;0.25;0.0;;;;;;;;;;;;;;;;;;;;;;
2019;258;738_001;SSM1-0044;mil;mil_precarachide;RECOLTE;53.66;0.0;0.2;;;;;;;;;;;;;0.0;0.21;2.26;;;;;;
2019;152;738_001;SSM1-0044;mil;mil_precarachide;SEMIS;0.69;0.0;;;;;;;;;;;;;;;;;;;;;;
2019;121;738_001;SSM1-0044;mil;mil_precarachide;TRAVAIL_SOL;23.03;0.0;;;;;;;;;;;;;;;;;;;;;;
2019;258;739_001;SSM1-0044;mil;mil_precarachide;RECOLTE;1.61;0.0;0.2;;;;;;;;;;;;;0.0;0.21;2.26;;;;;;
2019;152;739_001;SSM1-0044;mil;mil_precarachide;SEMIS;0.02;0.0;;;;;;;;;;;;;;;;;;;;;;
2019;121;739_001;SSM1-0044;mil;mil_precarachide;TRAVAIL_SOL;0.69;0.0;;;;;;;;;;;;;;;;;;;;;;
2019;258;740_001;SSM1-0044;mil;mil_precarachide;RECOLTE;3.97;0.0;0.2;;;;;;;;;;;;;0.0;0.21;2.26;;;;;;
2019;152;740_001;SSM1-0044;mil;mil_precarachide;SEMIS;0.05;0.0;;;;;;;;;;;;;;;;;;;;;;
2019;121;740_001;SSM1-0044;mil;mil_precarachide;TRAVAIL_SOL;1.7;0.0;;;;;;;;;;;;;;;;;;;;;;
2019;258;741_001;SSM1-0044;mil;mil_precarachide;RECOLTE;7.94;0.0;0.2;;;;;;;;;;;;;0.0;0.21;2.26;;;;;;
2019;152;741_001;SSM1-0044;mil;mil_precarachide;SEMIS;0.1;0.0;;;;;;;;;;;;;;;;;;;;;;
2019;121;741_001;SSM1-0044;mil;mil_precarachide;TRAVAIL_SOL;3.41;0.0;;;;;;;;;;;;;;;;;;;;;;
2019;258;742_001;SSM1-0044;mil;mil_precarachide;RECOLTE;13.97;0.0;0.2;;;;;;;;;;;;;0.0;0.21;2.26;;;;;;
2019;152;742_001;SSM1-0044;mil;mil_precarachide;SEMIS;0.18;0.0;;;;;;;;;;;;;;;;;;;;;;
2019;121;742_001;SSM1-0044;mil;mil_precarachide;TRAVAIL_SOL;6.0;0.0;;;;;;;;;;;;;;;;;;;;;;
2019;258;743_001;SSM1-0044;mil;mil_precarachide;RECOLTE;33.08;0.0;0.2;;;;;;;;;;;;;0.0;0.21;2.26;;;;;;
2019;152;743_001;SSM1-0044;mil;mil_precarachide;SEMIS;0.42;0.0;;;;;;;;;;;;;;;;;;;;;;
2019;121;743_001;SSM1-0044;mil;mil_precarachide;TRAVAIL_SOL;14.2;0.0;;;;;;;;;;;;;;;;;;;;;;
2019;258;744_001;SSM1-0044;mil;mil_precarachide;RECOLTE;4.66;0.0;0.2;;;;;;;;;;;;;0.0;0.21;2.26;;;;;;
2019;152;744_001;SSM1-0044;mil;mil_precarachide;SEMIS;0.06;0.0;;;;;;;;;;;;;;;;;;;;;;
2019;121;744_001;SSM1-0044;mil;mil_precarachide;TRAVAIL_SOL;2.0;0.0;;;;;;;;;;;;;;;;;;;;;;
2019;258;745_001;SSM1-0044;mil;mil_precarachide;RECOLTE;23.25;0.0;0.2;;;;;;;;;;;;;0.0;0.21;2.26;;;;;;
2019;152;745_001;SSM1-0044;mil;mil_precarachide;SEMIS;0.3;0.0;;;;;;;;;;;;;;;;;;;;;;
2019;121;745_001;SSM1-0044;mil;mil_precarachide;TRAVAIL_SOL;9.98;0.0;;;;;;;;;;;;;;;;;;;;;;
2019;258;746_001;SSM1-0031;mil;mil_precarachide;RECOLTE;2.79;0.0;0.2;;;;;;;;;;;;;0.0;0.21;2.26;;;;;;
2019;152;746_001;SSM1-0031;mil;mil_precarachide;SEMIS;0.04;0.0;;;;;;;;;;;;;;;;;;;;;;
2019;121;746_001;SSM1-0031;mil;mil_precarachide;TRAVAIL_SOL;1.2;0.0;;;;;;;;;;;;;;;;;;;;;;
2019;258;747_001;SSM1-0031;mil;mil_precarachide;RECOLTE;5.45;0.0;0.2;;;;;;;;;;;;;0.0;0.21;2.26;;;;;;
2019;152;747_001;SSM1-0031;mil;mil_precarachide;SEMIS;0.07;0.0;;;;;;;;;;;;;;;;;;;;;;
2019;121;747_001;SSM1-0031;mil;mil_precarachide;TRAVAIL_SOL;2.34;0.0;;;;;;;;;;;;;;;;;;;;;;
2019;258;748_001;SSM1-0031;mil;mil_precarachide;RECOLTE;2.7;0.0;0.2;;;;;;;;;;;;;0.0;0.21;2.26;;;;;;
2019;152;748_001;SSM1-0031;mil;mil_precarachide;SEMIS;0.03;0.0;;;;;;;;;;;;;;;;;;;;;;
2019;121;748_001;SSM1-0031;mil;mil_precarachide;TRAVAIL_SOL;1.16;0.0;;;;;;;;;;;;;;;;;;;;;;
2019;258;749_001;SSM1-0031;mil;mil_precarachide;RECOLTE;2.0;0.0;0.2;;;;;;;;;;;;;0.0;0.21;2.26;;;;;;
2019;152;749_001;SSM1-0031;mil;mil_precarachide;SEMIS;0.03;0.0;;;;;;;;;;;;;;;;;;;;;;
2019;121;749_001;SSM1-0031;mil;mil_precarachide;TRAVAIL_SOL;0.86;0.0;;;;;;;;;;;;;;;;;;;;;;
