annee;date;parcelle;exploitation;culture;situation;masse_C[kg/ha];masse_N[kg/ha];ratio_CN;nom_produit;type_residu;type_pool;Kres;Hres;CNbio;Yres
2019;258;1_001;SSM1-0001;mil;incorpore;638.0;7.001165119436588;91.1276893368489;racines post recolte;residus racinaires;labile;0.0;0.0;0.0;0.0
2019;258;1_001;SSM1-0001;mil;surface;91.42222222222223;1.003232089911603;91.12768933684892;aerien post recolte;residus aeriens;labile;0.0;0.0;0.0;0.0
2019;258;2_001;SSM1-0001;mil;incorpore;638.0;6.959019448653644;91.6795828359746;racines post recolte;residus racinaires;labile;0.0;0.0;0.0;0.0
2019;258;2_001;SSM1-0001;mil;surface;91.42222222222223;0.9971928252093727;91.67958283597461;aerien post recolte;residus aeriens;labile;0.0;0.0;0.0;0.0
2019;258;3_001;SSM1-0001;mil;incorpore;638.0;7.082390307099658;90.08258120996868;racines post recolte;residus racinaires;labile;0.0;0.0;0.0;0.0
2019;258;3_001;SSM1-0001;mil;surface;91.42222222222223;1.0148712547338208;90.0825812099687;aerien post recolte;residus aeriens;labile;0.0;0.0;0.0;0.0
2019;258;4_001;SSM1-0001;mil;incorpore;638.0;7.049688306134763;90.50045509739788;racines post recolte;residus racinaires;labile;0.0;0.0;0.0;0.0
2019;258;4_001;SSM1-0001;mil;surface;91.42222222222223;1.010185220879081;90.50045509739789;aerien post recolte;residus aeriens;labile;0.0;0.0;0.0;0.0
2019;258;5_001;SSM1-0001;mil;incorpore;638.0;7.0467969635738905;90.53758797052507;racines post recolte;residus racinaires;labile;0.0;0.0;0.0;0.0
2019;258;5_001;SSM1-0001;mil;surface;91.42222222222223;1.009770905891431;90.53758797052507;aerien post recolte;residus aeriens;labile;0.0;0.0;0.0;0.0
2019;258;6_001;SSM1-0001;mil;incorpore;638.0;7.035780539757079;90.67934913473408;racines post recolte;residus racinaires;labile;0.0;0.0;0.0;0.0
2019;258;6_001;SSM1-0001;mil;surface;91.42222222222223;1.0081923072295584;90.6793491347341;aerien post recolte;residus aeriens;labile;0.0;0.0;0.0;0.0
2019;258;7_001;SSM1-0002;mil;incorpore;638.0;7.0467969635738905;90.53758797052507;racines post recolte;residus racinaires;labile;0.0;0.0;0.0;0.0
2019;258;7_001;SSM1-0002;mil;surface;91.42222222222223;1.009770905891431;90.53758797052507;aerien post recolte;residus aeriens;labile;0.0;0.0;0.0;0.0
2019;258;8_001;SSM1-0002;mil;incorpore;638.0;7.035780539757079;90.67934913473408;racines post recolte;residus racinaires;labile;0.0;0.0;0.0;0.0
2019;258;8_001;SSM1-0002;mil;surface;91.42222222222223;1.0081923072295584;90.6793491347341;aerien post recolte;residus aeriens;labile;0.0;0.0;0.0;0.0
2019;258;9_001;SSM1-0002;mil;incorpore;638.0;7.035780539757079;90.67934913473408;racines post recolte;residus racinaires;labile;0.0;0.0;0.0;0.0
2019;258;9_001;SSM1-0002;mil;surface;91.42222222222223;1.0081923072295584;90.6793491347341;aerien post recolte;residus aeriens;labile;0.0;0.0;0.0;0.0
2019;258;10_001;SSM1-0002;mil;incorpore;638.0;7.035780539757079;90.67934913473408;racines post recolte;residus racinaires;labile;0.0;0.0;0.0;0.0
2019;258;10_001;SSM1-0002;mil;surface;91.42222222222223;1.0081923072295584;90.6793491347341;aerien post recolte;residus aeriens;labile;0.0;0.0;0.0;0.0
2019;258;11_001;SSM1-0001;mil;incorpore;638.0;7.0467969635738905;90.53758797052507;racines post recolte;residus racinaires;labile;0.0;0.0;0.0;0.0
2019;258;11_001;SSM1-0001;mil;surface;91.42222222222223;1.009770905891431;90.53758797052507;aerien post recolte;residus aeriens;labile;0.0;0.0;0.0;0.0
2019;258;12_001;SSM1-0001;mil;incorpore;638.0;7.035780539757079;90.67934913473408;racines post recolte;residus racinaires;labile;0.0;0.0;0.0;0.0
2019;258;12_001;SSM1-0001;mil;surface;91.42222222222223;1.0081923072295584;90.6793491347341;aerien post recolte;residus aeriens;labile;0.0;0.0;0.0;0.0
2019;258;13_001;SSM1-0001;mil;incorpore;638.0;7.0467969635738905;90.53758797052507;racines post recolte;residus racinaires;labile;0.0;0.0;0.0;0.0
2019;258;13_001;SSM1-0001;mil;surface;91.42222222222223;1.009770905891431;90.53758797052507;aerien post recolte;residus aeriens;labile;0.0;0.0;0.0;0.0
2019;258;14_001;SSM1-0001;mil;incorpore;638.0;7.035780539757079;90.67934913473408;racines post recolte;residus racinaires;labile;0.0;0.0;0.0;0.0
2019;258;14_001;SSM1-0001;mil;surface;91.42222222222223;1.0081923072295584;90.6793491347341;aerien post recolte;residus aeriens;labile;0.0;0.0;0.0;0.0
2019;258;15_001;SSM1-0001;mil;incorpore;638.0;7.035780539757079;90.67934913473408;racines post recolte;residus racinaires;labile;0.0;0.0;0.0;0.0
2019;258;15_001;SSM1-0001;mil;surface;91.42222222222223;1.0081923072295584;90.6793491347341;aerien post recolte;residus aeriens;labile;0.0;0.0;0.0;0.0
2019;258;16_001;SSM1-0001;mil;incorpore;638.0;7.0467969635738905;90.53758797052507;racines post recolte;residus racinaires;labile;0.0;0.0;0.0;0.0
2019;258;16_001;SSM1-0001;mil;surface;91.42222222222223;1.009770905891431;90.53758797052507;aerien post recolte;residus aeriens;labile;0.0;0.0;0.0;0.0
2019;258;17_001;SSM1-0001;mil;incorpore;638.0;7.035780539757079;90.67934913473408;racines post recolte;residus racinaires;labile;0.0;0.0;0.0;0.0
2019;258;17_001;SSM1-0001;mil;surface;91.42222222222223;1.0081923072295584;90.6793491347341;aerien post recolte;residus aeriens;labile;0.0;0.0;0.0;0.0
2019;258;19_001;SSM1-0002;mil;incorpore;638.0;7.001165119436588;91.1276893368489;racines post recolte;residus racinaires;labile;0.0;0.0;0.0;0.0
2019;258;19_001;SSM1-0002;mil;surface;91.42222222222223;1.003232089911603;91.12768933684892;aerien post recolte;residus aeriens;labile;0.0;0.0;0.0;0.0
2019;258;20_001;SSM1-0002;mil;incorpore;638.0;6.959019448653644;91.6795828359746;racines post recolte;residus racinaires;labile;0.0;0.0;0.0;0.0
2019;258;20_001;SSM1-0002;mil;surface;91.42222222222223;0.9971928252093727;91.67958283597461;aerien post recolte;residus aeriens;labile;0.0;0.0;0.0;0.0
2019;258;21_001;SSM1-0002;mil;incorpore;638.0;7.0467969635738905;90.53758797052507;racines post recolte;residus racinaires;labile;0.0;0.0;0.0;0.0
2019;258;21_001;SSM1-0002;mil;surface;91.42222222222223;1.009770905891431;90.53758797052507;aerien post recolte;residus aeriens;labile;0.0;0.0;0.0;0.0
2019;258;22_001;SSM1-0002;mil;incorpore;638.0;7.035780539757079;90.67934913473408;racines post recolte;residus racinaires;labile;0.0;0.0;0.0;0.0
2019;258;22_001;SSM1-0002;mil;surface;91.42222222222223;1.0081923072295584;90.6793491347341;aerien post recolte;residus aeriens;labile;0.0;0.0;0.0;0.0
2019;258;23_001;SSM1-0002;mil;incorpore;638.0;7.0467969635738905;90.53758797052507;racines post recolte;residus racinaires;labile;0.0;0.0;0.0;0.0
2019;258;23_001;SSM1-0002;mil;surface;91.42222222222223;1.009770905891431;90.53758797052507;aerien post recolte;residus aeriens;labile;0.0;0.0;0.0;0.0
2019;258;24_001;SSM1-0002;mil;incorpore;638.0;7.035780539757079;90.67934913473408;racines post recolte;residus racinaires;labile;0.0;0.0;0.0;0.0
2019;258;24_001;SSM1-0002;mil;surface;91.42222222222223;1.0081923072295584;90.6793491347341;aerien post recolte;residus aeriens;labile;0.0;0.0;0.0;0.0
2019;258;25_001;SSM1-0003;mil;incorpore;638.0;7.001165119436588;91.1276893368489;racines post recolte;residus racinaires;labile;0.0;0.0;0.0;0.0
2019;258;25_001;SSM1-0003;mil;surface;91.42222222222223;1.003232089911603;91.12768933684892;aerien post recolte;residus aeriens;labile;0.0;0.0;0.0;0.0
2019;258;26_001;SSM1-0003;mil;incorpore;638.0;6.959019448653644;91.6795828359746;racines post recolte;residus racinaires;labile;0.0;0.0;0.0;0.0
2019;258;26_001;SSM1-0003;mil;surface;91.42222222222223;0.9971928252093727;91.67958283597461;aerien post recolte;residus aeriens;labile;0.0;0.0;0.0;0.0
2019;258;27_001;SSM1-0004;mil;incorpore;638.0;7.035780539757079;90.67934913473408;racines post recolte;residus racinaires;labile;0.0;0.0;0.0;0.0
2019;258;27_001;SSM1-0004;mil;surface;91.42222222222223;1.0081923072295584;90.6793491347341;aerien post recolte;residus aeriens;labile;0.0;0.0;0.0;0.0
2019;258;28_001;SSM1-0003;mil;incorpore;638.0;7.0467969635738905;90.53758797052507;racines post recolte;residus racinaires;labile;0.0;0.0;0.0;0.0
2019;258;28_001;SSM1-0003;mil;surface;91.42222222222223;1.009770905891431;90.53758797052507;aerien post recolte;residus aeriens;labile;0.0;0.0;0.0;0.0
2019;258;29_001;SSM1-0003;mil;incorpore;638.0;7.035780539757079;90.67934913473408;racines post recolte;residus racinaires;labile;0.0;0.0;0.0;0.0
2019;258;29_001;SSM1-0003;mil;surface;91.42222222222223;1.0081923072295584;90.6793491347341;aerien post recolte;residus aeriens;labile;0.0;0.0;0.0;0.0
2019;258;30_001;SSM1-0003;mil;incorpore;638.0;7.0467969635738905;90.53758797052507;racines post recolte;residus racinaires;labile;0.0;0.0;0.0;0.0
2019;258;30_001;SSM1-0003;mil;surface;91.42222222222223;1.009770905891431;90.53758797052507;aerien post recolte;residus aeriens;labile;0.0;0.0;0.0;0.0
2019;258;31_001;SSM1-0003;mil;incorpore;638.0;7.035780539757079;90.67934913473408;racines post recolte;residus racinaires;labile;0.0;0.0;0.0;0.0
2019;258;31_001;SSM1-0003;mil;surface;91.42222222222223;1.0081923072295584;90.6793491347341;aerien post recolte;residus aeriens;labile;0.0;0.0;0.0;0.0
2019;258;32_001;SSM1-0003;mil;incorpore;638.0;7.0467969635738905;90.53758797052507;racines post recolte;residus racinaires;labile;0.0;0.0;0.0;0.0
2019;258;32_001;SSM1-0003;mil;surface;91.42222222222223;1.009770905891431;90.53758797052507;aerien post recolte;residus aeriens;labile;0.0;0.0;0.0;0.0
2019;258;33_001;SSM1-0003;mil;incorpore;638.0;7.035780539757079;90.67934913473408;racines post recolte;residus racinaires;labile;0.0;0.0;0.0;0.0
2019;258;33_001;SSM1-0003;mil;surface;91.42222222222223;1.0081923072295584;90.6793491347341;aerien post recolte;residus aeriens;labile;0.0;0.0;0.0;0.0
2019;258;34_001;SSM1-0003;mil;incorpore;638.0;7.0467969635738905;90.53758797052507;racines post recolte;residus racinaires;labile;0.0;0.0;0.0;0.0
2019;258;34_001;SSM1-0003;mil;surface;91.42222222222223;1.009770905891431;90.53758797052507;aerien post recolte;residus aeriens;labile;0.0;0.0;0.0;0.0
2019;258;35_001;SSM1-0003;mil;incorpore;638.0;7.035780539757079;90.67934913473408;racines post recolte;residus racinaires;labile;0.0;0.0;0.0;0.0
2019;258;35_001;SSM1-0003;mil;surface;91.42222222222223;1.0081923072295584;90.6793491347341;aerien post recolte;residus aeriens;labile;0.0;0.0;0.0;0.0
2019;258;36_001;SSM1-0003;mil;incorpore;638.0;7.0467969635738905;90.53758797052507;racines post recolte;residus racinaires;labile;0.0;0.0;0.0;0.0
2019;258;36_001;SSM1-0003;mil;surface;91.42222222222223;1.009770905891431;90.53758797052507;aerien post recolte;residus aeriens;labile;0.0;0.0;0.0;0.0
2019;258;37_001;SSM1-0003;mil;incorpore;638.0;7.035780539757079;90.67934913473408;racines post recolte;residus racinaires;labile;0.0;0.0;0.0;0.0
2019;258;37_001;SSM1-0003;mil;surface;91.42222222222223;1.0081923072295584;90.6793491347341;aerien post recolte;residus aeriens;labile;0.0;0.0;0.0;0.0
2019;258;38_001;SSM1-0003;mil;incorpore;638.0;7.0467969635738905;90.53758797052507;racines post recolte;residus racinaires;labile;0.0;0.0;0.0;0.0
2019;258;38_001;SSM1-0003;mil;surface;91.42222222222223;1.009770905891431;90.53758797052507;aerien post recolte;residus aeriens;labile;0.0;0.0;0.0;0.0
2019;258;39_001;SSM1-0003;mil;incorpore;638.0;7.035780539757079;90.67934913473408;racines post recolte;residus racinaires;labile;0.0;0.0;0.0;0.0
2019;258;39_001;SSM1-0003;mil;surface;91.42222222222223;1.0081923072295584;90.6793491347341;aerien post recolte;residus aeriens;labile;0.0;0.0;0.0;0.0
2019;258;40_001;SSM1-0003;mil;incorpore;638.0;7.0467969635738905;90.53758797052507;racines post recolte;residus racinaires;labile;0.0;0.0;0.0;0.0
2019;258;40_001;SSM1-0003;mil;surface;91.42222222222223;1.009770905891431;90.53758797052507;aerien post recolte;residus aeriens;labile;0.0;0.0;0.0;0.0
2019;258;41_001;SSM1-0003;mil;incorpore;638.0;7.035780539757079;90.67934913473408;racines post recolte;residus racinaires;labile;0.0;0.0;0.0;0.0
2019;258;41_001;SSM1-0003;mil;surface;91.42222222222223;1.0081923072295584;90.6793491347341;aerien post recolte;residus aeriens;labile;0.0;0.0;0.0;0.0
2019;258;42_001;SSM1-0003;mil;incorpore;638.0;7.082390307099658;90.08258120996868;racines post recolte;residus racinaires;labile;0.0;0.0;0.0;0.0
2019;258;42_001;SSM1-0003;mil;surface;91.42222222222223;1.0148712547338208;90.0825812099687;aerien post recolte;residus aeriens;labile;0.0;0.0;0.0;0.0
2019;258;43_001;SSM1-0003;mil;incorpore;638.0;7.049688306134763;90.50045509739788;racines post recolte;residus racinaires;labile;0.0;0.0;0.0;0.0
2019;258;43_001;SSM1-0003;mil;surface;91.42222222222223;1.010185220879081;90.50045509739789;aerien post recolte;residus aeriens;labile;0.0;0.0;0.0;0.0
2019;258;44_001;SSM1-0003;mil;incorpore;638.0;7.082390307099658;90.08258120996868;racines post recolte;residus racinaires;labile;0.0;0.0;0.0;0.0
2019;258;44_001;SSM1-0003;mil;surface;91.42222222222223;1.0148712547338208;90.0825812099687;aerien post recolte;residus aeriens;labile;0.0;0.0;0.0;0.0
2019;258;45_001;SSM1-0003;mil;incorpore;638.0;7.049688306134763;90.50045509739788;racines post recolte;residus racinaires;labile;0.0;0.0;0.0;0.0
2019;258;45_001;SSM1-0003;mil;surface;91.42222222222223;1.010185220879081;90.50045509739789;aerien post recolte;residus aeriens;labile;0.0;0.0;0.0;0.0
2019;258;46_001;SSM1-0003;mil;incorpore;638.0;7.082390307099658;90.08258120996868;racines post recolte;residus racinaires;labile;0.0;0.0;0.0;0.0
2019;258;46_001;SSM1-0003;mil;surface;91.42222222222223;1.0148712547338208;90.0825812099687;aerien post recolte;residus aeriens;labile;0.0;0.0;0.0;0.0
2019;258;47_001;SSM1-0003;mil;incorpore;638.0;7.049688306134763;90.50045509739788;racines post recolte;residus racinaires;labile;0.0;0.0;0.0;0.0
2019;258;47_001;SSM1-0003;mil;surface;91.42222222222223;1.010185220879081;90.50045509739789;aerien post recolte;residus aeriens;labile;0.0;0.0;0.0;0.0
2019;258;48_001;SSM1-0002;mil;incorpore;638.0;7.082390307099658;90.08258120996868;racines post recolte;residus racinaires;labile;0.0;0.0;0.0;0.0
2019;258;48_001;SSM1-0002;mil;surface;91.42222222222223;1.0148712547338208;90.0825812099687;aerien post recolte;residus aeriens;labile;0.0;0.0;0.0;0.0
2019;258;49_001;SSM1-0002;mil;incorpore;638.0;7.049688306134763;90.50045509739788;racines post recolte;residus racinaires;labile;0.0;0.0;0.0;0.0
2019;258;49_001;SSM1-0002;mil;surface;91.42222222222223;1.010185220879081;90.50045509739789;aerien post recolte;residus aeriens;labile;0.0;0.0;0.0;0.0
2019;258;50_001;SSM1-0002;mil;incorpore;638.0;7.0467969635738905;90.53758797052507;racines post recolte;residus racinaires;labile;0.0;0.0;0.0;0.0
2019;258;50_001;SSM1-0002;mil;surface;91.42222222222223;1.009770905891431;90.53758797052507;aerien post recolte;residus aeriens;labile;0.0;0.0;0.0;0.0
2019;258;51_001;SSM1-0002;mil;incorpore;638.0;7.035780539757079;90.67934913473408;racines post recolte;residus racinaires;labile;0.0;0.0;0.0;0.0
2019;258;51_001;SSM1-0002;mil;surface;91.42222222222223;1.0081923072295584;90.6793491347341;aerien post recolte;residus aeriens;labile;0.0;0.0;0.0;0.0
2019;258;52_001;SSM1-0005;mil;incorpore;638.0;7.001165119436588;91.1276893368489;racines post recolte;residus racinaires;labile;0.0;0.0;0.0;0.0
2019;258;52_001;SSM1-0005;mil;surface;91.42222222222223;1.003232089911603;91.12768933684892;aerien post recolte;residus aeriens;labile;0.0;0.0;0.0;0.0
2019;258;53_001;SSM1-0005;mil;incorpore;638.0;6.959019448653644;91.6795828359746;racines post recolte;residus racinaires;labile;0.0;0.0;0.0;0.0
2019;258;53_001;SSM1-0005;mil;surface;91.42222222222223;0.9971928252093727;91.67958283597461;aerien post recolte;residus aeriens;labile;0.0;0.0;0.0;0.0
2019;258;54_001;SSM1-0005;mil;incorpore;638.0;7.001165119436588;91.1276893368489;racines post recolte;residus racinaires;labile;0.0;0.0;0.0;0.0
2019;258;54_001;SSM1-0005;mil;surface;91.42222222222223;1.003232089911603;91.12768933684892;aerien post recolte;residus aeriens;labile;0.0;0.0;0.0;0.0
2019;258;55_001;SSM1-0005;mil;incorpore;638.0;6.959019448653644;91.6795828359746;racines post recolte;residus racinaires;labile;0.0;0.0;0.0;0.0
2019;258;55_001;SSM1-0005;mil;surface;91.42222222222223;0.9971928252093727;91.67958283597461;aerien post recolte;residus aeriens;labile;0.0;0.0;0.0;0.0
2019;258;56_001;SSM1-0005;mil;incorpore;638.0;7.0467969635738905;90.53758797052507;racines post recolte;residus racinaires;labile;0.0;0.0;0.0;0.0
2019;258;56_001;SSM1-0005;mil;surface;91.42222222222223;1.009770905891431;90.53758797052507;aerien post recolte;residus aeriens;labile;0.0;0.0;0.0;0.0
2019;258;57_001;SSM1-0005;mil;incorpore;638.0;7.035780539757079;90.67934913473408;racines post recolte;residus racinaires;labile;0.0;0.0;0.0;0.0
2019;258;57_001;SSM1-0005;mil;surface;91.42222222222223;1.0081923072295584;90.6793491347341;aerien post recolte;residus aeriens;labile;0.0;0.0;0.0;0.0
2019;258;58_001;SSM1-0005;mil;incorpore;638.0;7.0467969635738905;90.53758797052507;racines post recolte;residus racinaires;labile;0.0;0.0;0.0;0.0
2019;258;58_001;SSM1-0005;mil;surface;91.42222222222223;1.009770905891431;90.53758797052507;aerien post recolte;residus aeriens;labile;0.0;0.0;0.0;0.0
2019;258;59_001;SSM1-0005;mil;incorpore;638.0;7.035780539757079;90.67934913473408;racines post recolte;residus racinaires;labile;0.0;0.0;0.0;0.0
2019;258;59_001;SSM1-0005;mil;surface;91.42222222222223;1.0081923072295584;90.6793491347341;aerien post recolte;residus aeriens;labile;0.0;0.0;0.0;0.0
2019;258;60_001;SSM1-0005;mil;incorpore;638.0;7.0467969635738905;90.53758797052507;racines post recolte;residus racinaires;labile;0.0;0.0;0.0;0.0
2019;258;60_001;SSM1-0005;mil;surface;91.42222222222223;1.009770905891431;90.53758797052507;aerien post recolte;residus aeriens;labile;0.0;0.0;0.0;0.0
2019;258;61_001;SSM1-0005;mil;incorpore;638.0;7.035780539757079;90.67934913473408;racines post recolte;residus racinaires;labile;0.0;0.0;0.0;0.0
2019;258;61_001;SSM1-0005;mil;surface;91.42222222222223;1.0081923072295584;90.6793491347341;aerien post recolte;residus aeriens;labile;0.0;0.0;0.0;0.0
2019;258;62_001;SSM1-0005;mil;incorpore;638.0;7.0467969635738905;90.53758797052507;racines post recolte;residus racinaires;labile;0.0;0.0;0.0;0.0
2019;258;62_001;SSM1-0005;mil;surface;91.42222222222223;1.009770905891431;90.53758797052507;aerien post recolte;residus aeriens;labile;0.0;0.0;0.0;0.0
2019;258;63_001;SSM1-0005;mil;incorpore;638.0;7.035780539757079;90.67934913473408;racines post recolte;residus racinaires;labile;0.0;0.0;0.0;0.0
2019;258;63_001;SSM1-0005;mil;surface;91.42222222222223;1.0081923072295584;90.6793491347341;aerien post recolte;residus aeriens;labile;0.0;0.0;0.0;0.0
2019;258;64_001;SSM1-0005;mil;incorpore;638.0;7.082390307099658;90.08258120996868;racines post recolte;residus racinaires;labile;0.0;0.0;0.0;0.0
2019;258;64_001;SSM1-0005;mil;surface;91.42222222222223;1.0148712547338208;90.0825812099687;aerien post recolte;residus aeriens;labile;0.0;0.0;0.0;0.0
2019;258;65_001;SSM1-0005;mil;incorpore;638.0;7.049688306134763;90.50045509739788;racines post recolte;residus racinaires;labile;0.0;0.0;0.0;0.0
2019;258;65_001;SSM1-0005;mil;surface;91.42222222222223;1.010185220879081;90.50045509739789;aerien post recolte;residus aeriens;labile;0.0;0.0;0.0;0.0
2019;258;66_001;SSM1-0005;mil;incorpore;638.0;7.0467969635738905;90.53758797052507;racines post recolte;residus racinaires;labile;0.0;0.0;0.0;0.0
2019;258;66_001;SSM1-0005;mil;surface;91.42222222222223;1.009770905891431;90.53758797052507;aerien post recolte;residus aeriens;labile;0.0;0.0;0.0;0.0
2019;258;67_001;SSM1-0005;mil;incorpore;638.0;7.035780539757079;90.67934913473408;racines post recolte;residus racinaires;labile;0.0;0.0;0.0;0.0
2019;258;67_001;SSM1-0005;mil;surface;91.42222222222223;1.0081923072295584;90.6793491347341;aerien post recolte;residus aeriens;labile;0.0;0.0;0.0;0.0
2019;258;68_001;SSM1-0005;mil;incorpore;638.0;7.035780539757079;90.67934913473408;racines post recolte;residus racinaires;labile;0.0;0.0;0.0;0.0
2019;258;68_001;SSM1-0005;mil;surface;91.42222222222223;1.0081923072295584;90.6793491347341;aerien post recolte;residus aeriens;labile;0.0;0.0;0.0;0.0
2019;258;69_001;SSM1-0005;mil;incorpore;638.0;7.082390307099658;90.08258120996868;racines post recolte;residus racinaires;labile;0.0;0.0;0.0;0.0
2019;258;69_001;SSM1-0005;mil;surface;91.42222222222223;1.0148712547338208;90.0825812099687;aerien post recolte;residus aeriens;labile;0.0;0.0;0.0;0.0
2019;258;70_001;SSM1-0005;mil;incorpore;638.0;7.049688306134763;90.50045509739788;racines post recolte;residus racinaires;labile;0.0;0.0;0.0;0.0
2019;258;70_001;SSM1-0005;mil;surface;91.42222222222223;1.010185220879081;90.50045509739789;aerien post recolte;residus aeriens;labile;0.0;0.0;0.0;0.0
2019;258;71_001;SSM1-0005;mil;incorpore;638.0;7.001165119436588;91.1276893368489;racines post recolte;residus racinaires;labile;0.0;0.0;0.0;0.0
2019;258;71_001;SSM1-0005;mil;surface;91.42222222222223;1.003232089911603;91.12768933684892;aerien post recolte;residus aeriens;labile;0.0;0.0;0.0;0.0
2019;258;72_001;SSM1-0005;mil;incorpore;638.0;6.959019448653644;91.6795828359746;racines post recolte;residus racinaires;labile;0.0;0.0;0.0;0.0
2019;258;72_001;SSM1-0005;mil;surface;91.42222222222223;0.9971928252093727;91.67958283597461;aerien post recolte;residus aeriens;labile;0.0;0.0;0.0;0.0
2019;258;73_001;SSM1-0006;mil;incorpore;638.0;7.001165119436588;91.1276893368489;racines post recolte;residus racinaires;labile;0.0;0.0;0.0;0.0
2019;258;73_001;SSM1-0006;mil;surface;91.42222222222223;1.003232089911603;91.12768933684892;aerien post recolte;residus aeriens;labile;0.0;0.0;0.0;0.0
2019;258;74_001;SSM1-0006;mil;incorpore;638.0;6.959019448653644;91.6795828359746;racines post recolte;residus racinaires;labile;0.0;0.0;0.0;0.0
2019;258;74_001;SSM1-0006;mil;surface;91.42222222222223;0.9971928252093727;91.67958283597461;aerien post recolte;residus aeriens;labile;0.0;0.0;0.0;0.0
2019;258;75_001;SSM1-0006;mil;incorpore;638.0;7.0467969635738905;90.53758797052507;racines post recolte;residus racinaires;labile;0.0;0.0;0.0;0.0
2019;258;75_001;SSM1-0006;mil;surface;91.42222222222223;1.009770905891431;90.53758797052507;aerien post recolte;residus aeriens;labile;0.0;0.0;0.0;0.0
2019;258;76_001;SSM1-0006;mil;incorpore;638.0;7.035780539757079;90.67934913473408;racines post recolte;residus racinaires;labile;0.0;0.0;0.0;0.0
2019;258;76_001;SSM1-0006;mil;surface;91.42222222222223;1.0081923072295584;90.6793491347341;aerien post recolte;residus aeriens;labile;0.0;0.0;0.0;0.0
2019;258;77_001;SSM1-0006;mil;incorpore;638.0;7.0467969635738905;90.53758797052507;racines post recolte;residus racinaires;labile;0.0;0.0;0.0;0.0
2019;258;77_001;SSM1-0006;mil;surface;91.42222222222223;1.009770905891431;90.53758797052507;aerien post recolte;residus aeriens;labile;0.0;0.0;0.0;0.0
2019;258;78_001;SSM1-0006;mil;incorpore;638.0;7.035780539757079;90.67934913473408;racines post recolte;residus racinaires;labile;0.0;0.0;0.0;0.0
2019;258;78_001;SSM1-0006;mil;surface;91.42222222222223;1.0081923072295584;90.6793491347341;aerien post recolte;residus aeriens;labile;0.0;0.0;0.0;0.0
2019;258;79_001;SSM1-0006;mil;incorpore;638.0;7.0467969635738905;90.53758797052507;racines post recolte;residus racinaires;labile;0.0;0.0;0.0;0.0
2019;258;79_001;SSM1-0006;mil;surface;91.42222222222223;1.009770905891431;90.53758797052507;aerien post recolte;residus aeriens;labile;0.0;0.0;0.0;0.0
2019;258;80_001;SSM1-0006;mil;incorpore;638.0;7.035780539757079;90.67934913473408;racines post recolte;residus racinaires;labile;0.0;0.0;0.0;0.0
2019;258;80_001;SSM1-0006;mil;surface;91.42222222222223;1.0081923072295584;90.6793491347341;aerien post recolte;residus aeriens;labile;0.0;0.0;0.0;0.0
2019;258;81_001;SSM1-0006;mil;incorpore;638.0;7.0467969635738905;90.53758797052507;racines post recolte;residus racinaires;labile;0.0;0.0;0.0;0.0
2019;258;81_001;SSM1-0006;mil;surface;91.42222222222223;1.009770905891431;90.53758797052507;aerien post recolte;residus aeriens;labile;0.0;0.0;0.0;0.0
2019;258;82_001;SSM1-0006;mil;incorpore;638.0;7.035780539757079;90.67934913473408;racines post recolte;residus racinaires;labile;0.0;0.0;0.0;0.0
2019;258;82_001;SSM1-0006;mil;surface;91.42222222222223;1.0081923072295584;90.6793491347341;aerien post recolte;residus aeriens;labile;0.0;0.0;0.0;0.0
2019;258;83_001;SSM1-0006;mil;incorpore;638.0;7.0467969635738905;90.53758797052507;racines post recolte;residus racinaires;labile;0.0;0.0;0.0;0.0
2019;258;83_001;SSM1-0006;mil;surface;91.42222222222223;1.009770905891431;90.53758797052507;aerien post recolte;residus aeriens;labile;0.0;0.0;0.0;0.0
2019;258;84_001;SSM1-0006;mil;incorpore;638.0;7.035780539757079;90.67934913473408;racines post recolte;residus racinaires;labile;0.0;0.0;0.0;0.0
2019;258;84_001;SSM1-0006;mil;surface;91.42222222222223;1.0081923072295584;90.6793491347341;aerien post recolte;residus aeriens;labile;0.0;0.0;0.0;0.0
2019;258;85_001;SSM1-0006;mil;incorpore;638.0;7.0467969635738905;90.53758797052507;racines post recolte;residus racinaires;labile;0.0;0.0;0.0;0.0
2019;258;85_001;SSM1-0006;mil;surface;91.42222222222223;1.009770905891431;90.53758797052507;aerien post recolte;residus aeriens;labile;0.0;0.0;0.0;0.0
2019;258;86_001;SSM1-0006;mil;incorpore;638.0;7.035780539757079;90.67934913473408;racines post recolte;residus racinaires;labile;0.0;0.0;0.0;0.0
2019;258;86_001;SSM1-0006;mil;surface;91.42222222222223;1.0081923072295584;90.6793491347341;aerien post recolte;residus aeriens;labile;0.0;0.0;0.0;0.0
2019;258;87_001;SSM1-0006;mil;incorpore;638.0;7.0467969635738905;90.53758797052507;racines post recolte;residus racinaires;labile;0.0;0.0;0.0;0.0
2019;258;87_001;SSM1-0006;mil;surface;91.42222222222223;1.009770905891431;90.53758797052507;aerien post recolte;residus aeriens;labile;0.0;0.0;0.0;0.0
2019;258;88_001;SSM1-0006;mil;incorpore;638.0;7.035780539757079;90.67934913473408;racines post recolte;residus racinaires;labile;0.0;0.0;0.0;0.0
2019;258;88_001;SSM1-0006;mil;surface;91.42222222222223;1.0081923072295584;90.6793491347341;aerien post recolte;residus aeriens;labile;0.0;0.0;0.0;0.0
2019;258;89_001;SSM1-0006;mil;incorpore;638.0;7.082390307099658;90.08258120996868;racines post recolte;residus racinaires;labile;0.0;0.0;0.0;0.0
2019;258;89_001;SSM1-0006;mil;surface;91.42222222222223;1.0148712547338208;90.0825812099687;aerien post recolte;residus aeriens;labile;0.0;0.0;0.0;0.0
2019;258;90_001;SSM1-0006;mil;incorpore;638.0;7.049688306134763;90.50045509739788;racines post recolte;residus racinaires;labile;0.0;0.0;0.0;0.0
2019;258;90_001;SSM1-0006;mil;surface;91.42222222222223;1.010185220879081;90.50045509739789;aerien post recolte;residus aeriens;labile;0.0;0.0;0.0;0.0
2019;258;91_001;SSM1-0006;mil;incorpore;638.0;7.0467969635738905;90.53758797052507;racines post recolte;residus racinaires;labile;0.0;0.0;0.0;0.0
2019;258;91_001;SSM1-0006;mil;surface;91.42222222222223;1.009770905891431;90.53758797052507;aerien post recolte;residus aeriens;labile;0.0;0.0;0.0;0.0
2019;258;92_001;SSM1-0006;mil;incorpore;638.0;7.035780539757079;90.67934913473408;racines post recolte;residus racinaires;labile;0.0;0.0;0.0;0.0
2019;258;92_001;SSM1-0006;mil;surface;91.42222222222223;1.0081923072295584;90.6793491347341;aerien post recolte;residus aeriens;labile;0.0;0.0;0.0;0.0
2019;258;93_001;SSM1-0006;mil;incorpore;638.0;7.0467969635738905;90.53758797052507;racines post recolte;residus racinaires;labile;0.0;0.0;0.0;0.0
2019;258;93_001;SSM1-0006;mil;surface;91.42222222222223;1.009770905891431;90.53758797052507;aerien post recolte;residus aeriens;labile;0.0;0.0;0.0;0.0
2019;258;94_001;SSM1-0006;mil;incorpore;638.0;7.035780539757079;90.67934913473408;racines post recolte;residus racinaires;labile;0.0;0.0;0.0;0.0
2019;258;94_001;SSM1-0006;mil;surface;91.42222222222223;1.0081923072295584;90.6793491347341;aerien post recolte;residus aeriens;labile;0.0;0.0;0.0;0.0
2019;258;95_001;SSM1-0006;mil;incorpore;638.0;7.082390307099658;90.08258120996868;racines post recolte;residus racinaires;labile;0.0;0.0;0.0;0.0
2019;258;95_001;SSM1-0006;mil;surface;91.42222222222223;1.0148712547338208;90.0825812099687;aerien post recolte;residus aeriens;labile;0.0;0.0;0.0;0.0
2019;258;96_001;SSM1-0006;mil;incorpore;638.0;7.049688306134763;90.50045509739788;racines post recolte;residus racinaires;labile;0.0;0.0;0.0;0.0
2019;258;96_001;SSM1-0006;mil;surface;91.42222222222223;1.010185220879081;90.50045509739789;aerien post recolte;residus aeriens;labile;0.0;0.0;0.0;0.0
2019;258;97_001;SSM1-0006;mil;incorpore;638.0;7.0467969635738905;90.53758797052507;racines post recolte;residus racinaires;labile;0.0;0.0;0.0;0.0
2019;258;97_001;SSM1-0006;mil;surface;91.42222222222223;1.009770905891431;90.53758797052507;aerien post recolte;residus aeriens;labile;0.0;0.0;0.0;0.0
2019;258;98_001;SSM1-0006;mil;incorpore;638.0;7.035780539757079;90.67934913473408;racines post recolte;residus racinaires;labile;0.0;0.0;0.0;0.0
2019;258;98_001;SSM1-0006;mil;surface;91.42222222222223;1.0081923072295584;90.6793491347341;aerien post recolte;residus aeriens;labile;0.0;0.0;0.0;0.0
2019;258;99_001;SSM1-0007;mil;incorpore;638.0;7.0467969635738905;90.53758797052507;racines post recolte;residus racinaires;labile;0.0;0.0;0.0;0.0
2019;258;99_001;SSM1-0007;mil;surface;91.42222222222223;1.009770905891431;90.53758797052507;aerien post recolte;residus aeriens;labile;0.0;0.0;0.0;0.0
2019;258;100_001;SSM1-0007;mil;incorpore;638.0;7.035780539757079;90.67934913473408;racines post recolte;residus racinaires;labile;0.0;0.0;0.0;0.0
2019;258;100_001;SSM1-0007;mil;surface;91.42222222222223;1.0081923072295584;90.6793491347341;aerien post recolte;residus aeriens;labile;0.0;0.0;0.0;0.0
2019;258;101_001;SSM1-0008;mil;incorpore;638.0;7.035780539757079;90.67934913473408;racines post recolte;residus racinaires;labile;0.0;0.0;0.0;0.0
2019;258;101_001;SSM1-0008;mil;surface;91.42222222222223;1.0081923072295584;90.6793491347341;aerien post recolte;residus aeriens;labile;0.0;0.0;0.0;0.0
2019;258;102_001;SSM1-0009;mil;incorpore;638.0;7.0467969635738905;90.53758797052507;racines post recolte;residus racinaires;labile;0.0;0.0;0.0;0.0
2019;258;102_001;SSM1-0009;mil;surface;91.42222222222223;1.009770905891431;90.53758797052507;aerien post recolte;residus aeriens;labile;0.0;0.0;0.0;0.0
2019;258;103_001;SSM1-0009;mil;incorpore;638.0;7.035780539757079;90.67934913473408;racines post recolte;residus racinaires;labile;0.0;0.0;0.0;0.0
2019;258;103_001;SSM1-0009;mil;surface;91.42222222222223;1.0081923072295584;90.6793491347341;aerien post recolte;residus aeriens;labile;0.0;0.0;0.0;0.0
2019;258;104_001;SSM1-0009;mil;incorpore;638.0;7.082390307099658;90.08258120996868;racines post recolte;residus racinaires;labile;0.0;0.0;0.0;0.0
2019;258;104_001;SSM1-0009;mil;surface;91.42222222222223;1.0148712547338208;90.0825812099687;aerien post recolte;residus aeriens;labile;0.0;0.0;0.0;0.0
2019;258;105_001;SSM1-0009;mil;incorpore;638.0;7.049688306134763;90.50045509739788;racines post recolte;residus racinaires;labile;0.0;0.0;0.0;0.0
2019;258;105_001;SSM1-0009;mil;surface;91.42222222222223;1.010185220879081;90.50045509739789;aerien post recolte;residus aeriens;labile;0.0;0.0;0.0;0.0
2019;258;106_001;SSM1-0009;mil;incorpore;638.0;6.862191857658906;92.97320932347978;racines post recolte;residus racinaires;labile;0.0;0.0;0.0;0.0
2019;258;106_001;SSM1-0009;mil;surface;91.42222222222223;0.983317913702847;92.9732093234798;aerien post recolte;residus aeriens;labile;0.0;0.0;0.0;0.0
2019;258;107_001;SSM1-0009;mil;incorpore;638.0;6.87308671196636;92.82583309900814;racines post recolte;residus racinaires;labile;0.0;0.0;0.0;0.0
2019;258;107_001;SSM1-0009;mil;surface;91.42222222222223;0.9848790920595475;92.82583309900814;aerien post recolte;residus aeriens;labile;0.0;0.0;0.0;0.0
2019;258;108_001;SSM1-0010;mil;incorpore;638.0;6.87308671196636;92.82583309900814;racines post recolte;residus racinaires;labile;0.0;0.0;0.0;0.0
2019;258;108_001;SSM1-0010;mil;surface;91.42222222222223;0.9848790920595475;92.82583309900814;aerien post recolte;residus aeriens;labile;0.0;0.0;0.0;0.0
2019;258;109_001;SSM1-0011;mil;incorpore;638.0;7.035780539757079;90.67934913473408;racines post recolte;residus racinaires;labile;0.0;0.0;0.0;0.0
2019;258;109_001;SSM1-0011;mil;surface;91.42222222222223;1.0081923072295584;90.6793491347341;aerien post recolte;residus aeriens;labile;0.0;0.0;0.0;0.0
2019;258;110_001;SSM1-0010;mil;incorpore;638.0;7.035780539757079;90.67934913473408;racines post recolte;residus racinaires;labile;0.0;0.0;0.0;0.0
2019;258;110_001;SSM1-0010;mil;surface;91.42222222222223;1.0081923072295584;90.6793491347341;aerien post recolte;residus aeriens;labile;0.0;0.0;0.0;0.0
2019;258;111_001;SSM1-0010;mil;incorpore;638.0;7.035780539757079;90.67934913473408;racines post recolte;residus racinaires;labile;0.0;0.0;0.0;0.0
2019;258;111_001;SSM1-0010;mil;surface;91.42222222222223;1.0081923072295584;90.6793491347341;aerien post recolte;residus aeriens;labile;0.0;0.0;0.0;0.0
2019;258;112_001;SSM1-0010;mil;incorpore;638.0;7.001165119436588;91.1276893368489;racines post recolte;residus racinaires;labile;0.0;0.0;0.0;0.0
2019;258;112_001;SSM1-0010;mil;surface;91.42222222222223;1.003232089911603;91.12768933684892;aerien post recolte;residus aeriens;labile;0.0;0.0;0.0;0.0
2019;258;113_001;SSM1-0010;mil;incorpore;638.0;6.959019448653644;91.6795828359746;racines post recolte;residus racinaires;labile;0.0;0.0;0.0;0.0
2019;258;113_001;SSM1-0010;mil;surface;91.42222222222223;0.9971928252093727;91.67958283597461;aerien post recolte;residus aeriens;labile;0.0;0.0;0.0;0.0
2019;258;114_001;SSM1-0010;mil;incorpore;638.0;7.0467969635738905;90.53758797052507;racines post recolte;residus racinaires;labile;0.0;0.0;0.0;0.0
2019;258;114_001;SSM1-0010;mil;surface;91.42222222222223;1.009770905891431;90.53758797052507;aerien post recolte;residus aeriens;labile;0.0;0.0;0.0;0.0
2019;258;115_001;SSM1-0010;mil;incorpore;638.0;7.035780539757079;90.67934913473408;racines post recolte;residus racinaires;labile;0.0;0.0;0.0;0.0
2019;258;115_001;SSM1-0010;mil;surface;91.42222222222223;1.0081923072295584;90.6793491347341;aerien post recolte;residus aeriens;labile;0.0;0.0;0.0;0.0
2019;258;116_001;SSM1-0010;mil;incorpore;638.0;7.0467969635738905;90.53758797052507;racines post recolte;residus racinaires;labile;0.0;0.0;0.0;0.0
2019;258;116_001;SSM1-0010;mil;surface;91.42222222222223;1.009770905891431;90.53758797052507;aerien post recolte;residus aeriens;labile;0.0;0.0;0.0;0.0
2019;258;117_001;SSM1-0010;mil;incorpore;638.0;7.035780539757079;90.67934913473408;racines post recolte;residus racinaires;labile;0.0;0.0;0.0;0.0
2019;258;117_001;SSM1-0010;mil;surface;91.42222222222223;1.0081923072295584;90.6793491347341;aerien post recolte;residus aeriens;labile;0.0;0.0;0.0;0.0
2019;258;118_001;SSM1-0010;mil;incorpore;638.0;7.0467969635738905;90.53758797052507;racines post recolte;residus racinaires;labile;0.0;0.0;0.0;0.0
2019;258;118_001;SSM1-0010;mil;surface;91.42222222222223;1.009770905891431;90.53758797052507;aerien post recolte;residus aeriens;labile;0.0;0.0;0.0;0.0
2019;258;119_001;SSM1-0010;mil;incorpore;638.0;7.035780539757079;90.67934913473408;racines post recolte;residus racinaires;labile;0.0;0.0;0.0;0.0
2019;258;119_001;SSM1-0010;mil;surface;91.42222222222223;1.0081923072295584;90.6793491347341;aerien post recolte;residus aeriens;labile;0.0;0.0;0.0;0.0
2019;258;120_001;SSM1-0012;mil;incorpore;638.0;7.001165119436588;91.1276893368489;racines post recolte;residus racinaires;labile;0.0;0.0;0.0;0.0
2019;258;120_001;SSM1-0012;mil;surface;91.42222222222223;1.003232089911603;91.12768933684892;aerien post recolte;residus aeriens;labile;0.0;0.0;0.0;0.0
2019;258;121_001;SSM1-0012;mil;incorpore;638.0;6.959019448653644;91.6795828359746;racines post recolte;residus racinaires;labile;0.0;0.0;0.0;0.0
2019;258;121_001;SSM1-0012;mil;surface;91.42222222222223;0.9971928252093727;91.67958283597461;aerien post recolte;residus aeriens;labile;0.0;0.0;0.0;0.0
2019;258;122_001;SSM1-0012;mil;incorpore;638.0;7.001165119436588;91.1276893368489;racines post recolte;residus racinaires;labile;0.0;0.0;0.0;0.0
2019;258;122_001;SSM1-0012;mil;surface;91.42222222222223;1.003232089911603;91.12768933684892;aerien post recolte;residus aeriens;labile;0.0;0.0;0.0;0.0
2019;258;123_001;SSM1-0012;mil;incorpore;638.0;6.959019448653644;91.6795828359746;racines post recolte;residus racinaires;labile;0.0;0.0;0.0;0.0
2019;258;123_001;SSM1-0012;mil;surface;91.42222222222223;0.9971928252093727;91.67958283597461;aerien post recolte;residus aeriens;labile;0.0;0.0;0.0;0.0
2019;258;124_001;SSM1-0012;mil;incorpore;638.0;7.035780539757079;90.67934913473408;racines post recolte;residus racinaires;labile;0.0;0.0;0.0;0.0
2019;258;124_001;SSM1-0012;mil;surface;91.42222222222223;1.0081923072295584;90.6793491347341;aerien post recolte;residus aeriens;labile;0.0;0.0;0.0;0.0
2019;258;125_001;SSM1-0012;mil;incorpore;638.0;7.0467969635738905;90.53758797052507;racines post recolte;residus racinaires;labile;0.0;0.0;0.0;0.0
2019;258;125_001;SSM1-0012;mil;surface;91.42222222222223;1.009770905891431;90.53758797052507;aerien post recolte;residus aeriens;labile;0.0;0.0;0.0;0.0
2019;258;126_001;SSM1-0012;mil;incorpore;638.0;7.035780539757079;90.67934913473408;racines post recolte;residus racinaires;labile;0.0;0.0;0.0;0.0
2019;258;126_001;SSM1-0012;mil;surface;91.42222222222223;1.0081923072295584;90.6793491347341;aerien post recolte;residus aeriens;labile;0.0;0.0;0.0;0.0
2019;258;127_001;SSM1-0013;mil;incorpore;638.0;7.035780539757079;90.67934913473408;racines post recolte;residus racinaires;labile;0.0;0.0;0.0;0.0
2019;258;127_001;SSM1-0013;mil;surface;91.42222222222223;1.0081923072295584;90.6793491347341;aerien post recolte;residus aeriens;labile;0.0;0.0;0.0;0.0
2019;258;128_001;SSM1-0012;mil;incorpore;638.0;7.035780539757079;90.67934913473408;racines post recolte;residus racinaires;labile;0.0;0.0;0.0;0.0
2019;258;128_001;SSM1-0012;mil;surface;91.42222222222223;1.0081923072295584;90.6793491347341;aerien post recolte;residus aeriens;labile;0.0;0.0;0.0;0.0
2019;258;129_001;SSM1-0012;mil;incorpore;638.0;7.0467969635738905;90.53758797052507;racines post recolte;residus racinaires;labile;0.0;0.0;0.0;0.0
2019;258;129_001;SSM1-0012;mil;surface;91.42222222222223;1.009770905891431;90.53758797052507;aerien post recolte;residus aeriens;labile;0.0;0.0;0.0;0.0
2019;258;130_001;SSM1-0012;mil;incorpore;638.0;7.035780539757079;90.67934913473408;racines post recolte;residus racinaires;labile;0.0;0.0;0.0;0.0
2019;258;130_001;SSM1-0012;mil;surface;91.42222222222223;1.0081923072295584;90.6793491347341;aerien post recolte;residus aeriens;labile;0.0;0.0;0.0;0.0
2019;258;131_001;SSM1-0012;mil;incorpore;638.0;7.035780539757079;90.67934913473408;racines post recolte;residus racinaires;labile;0.0;0.0;0.0;0.0
2019;258;131_001;SSM1-0012;mil;surface;91.42222222222223;1.0081923072295584;90.6793491347341;aerien post recolte;residus aeriens;labile;0.0;0.0;0.0;0.0
2019;258;132_001;SSM1-0012;mil;incorpore;638.0;7.0467969635738905;90.53758797052507;racines post recolte;residus racinaires;labile;0.0;0.0;0.0;0.0
2019;258;132_001;SSM1-0012;mil;surface;91.42222222222223;1.009770905891431;90.53758797052507;aerien post recolte;residus aeriens;labile;0.0;0.0;0.0;0.0
2019;258;133_001;SSM1-0012;mil;incorpore;638.0;7.035780539757079;90.67934913473408;racines post recolte;residus racinaires;labile;0.0;0.0;0.0;0.0
2019;258;133_001;SSM1-0012;mil;surface;91.42222222222223;1.0081923072295584;90.6793491347341;aerien post recolte;residus aeriens;labile;0.0;0.0;0.0;0.0
2019;258;134_001;SSM1-0012;mil;incorpore;638.0;7.0467969635738905;90.53758797052507;racines post recolte;residus racinaires;labile;0.0;0.0;0.0;0.0
2019;258;134_001;SSM1-0012;mil;surface;91.42222222222223;1.009770905891431;90.53758797052507;aerien post recolte;residus aeriens;labile;0.0;0.0;0.0;0.0
2019;258;135_001;SSM1-0012;mil;incorpore;638.0;7.035780539757079;90.67934913473408;racines post recolte;residus racinaires;labile;0.0;0.0;0.0;0.0
2019;258;135_001;SSM1-0012;mil;surface;91.42222222222223;1.0081923072295584;90.6793491347341;aerien post recolte;residus aeriens;labile;0.0;0.0;0.0;0.0
2019;258;136_001;SSM1-0012;mil;incorpore;638.0;7.0467969635738905;90.53758797052507;racines post recolte;residus racinaires;labile;0.0;0.0;0.0;0.0
2019;258;136_001;SSM1-0012;mil;surface;91.42222222222223;1.009770905891431;90.53758797052507;aerien post recolte;residus aeriens;labile;0.0;0.0;0.0;0.0
2019;258;137_001;SSM1-0012;mil;incorpore;638.0;7.035780539757079;90.67934913473408;racines post recolte;residus racinaires;labile;0.0;0.0;0.0;0.0
2019;258;137_001;SSM1-0012;mil;surface;91.42222222222223;1.0081923072295584;90.6793491347341;aerien post recolte;residus aeriens;labile;0.0;0.0;0.0;0.0
2019;258;138_001;SSM1-0012;mil;incorpore;638.0;7.0467969635738905;90.53758797052507;racines post recolte;residus racinaires;labile;0.0;0.0;0.0;0.0
2019;258;138_001;SSM1-0012;mil;surface;91.42222222222223;1.009770905891431;90.53758797052507;aerien post recolte;residus aeriens;labile;0.0;0.0;0.0;0.0
2019;258;139_001;SSM1-0012;mil;incorpore;638.0;7.035780539757079;90.67934913473408;racines post recolte;residus racinaires;labile;0.0;0.0;0.0;0.0
2019;258;139_001;SSM1-0012;mil;surface;91.42222222222223;1.0081923072295584;90.6793491347341;aerien post recolte;residus aeriens;labile;0.0;0.0;0.0;0.0
2019;258;140_001;SSM1-0012;mil;incorpore;638.0;7.0467969635738905;90.53758797052507;racines post recolte;residus racinaires;labile;0.0;0.0;0.0;0.0
2019;258;140_001;SSM1-0012;mil;surface;91.42222222222223;1.009770905891431;90.53758797052507;aerien post recolte;residus aeriens;labile;0.0;0.0;0.0;0.0
2019;258;141_001;SSM1-0012;mil;incorpore;638.0;7.035780539757079;90.67934913473408;racines post recolte;residus racinaires;labile;0.0;0.0;0.0;0.0
2019;258;141_001;SSM1-0012;mil;surface;91.42222222222223;1.0081923072295584;90.6793491347341;aerien post recolte;residus aeriens;labile;0.0;0.0;0.0;0.0
2019;258;142_001;SSM1-0012;mil;incorpore;638.0;7.0467969635738905;90.53758797052507;racines post recolte;residus racinaires;labile;0.0;0.0;0.0;0.0
2019;258;142_001;SSM1-0012;mil;surface;91.42222222222223;1.009770905891431;90.53758797052507;aerien post recolte;residus aeriens;labile;0.0;0.0;0.0;0.0
2019;258;143_001;SSM1-0012;mil;incorpore;638.0;7.035780539757079;90.67934913473408;racines post recolte;residus racinaires;labile;0.0;0.0;0.0;0.0
2019;258;143_001;SSM1-0012;mil;surface;91.42222222222223;1.0081923072295584;90.6793491347341;aerien post recolte;residus aeriens;labile;0.0;0.0;0.0;0.0
2019;258;144_001;SSM1-0012;mil;incorpore;638.0;7.082390307099658;90.08258120996868;racines post recolte;residus racinaires;labile;0.0;0.0;0.0;0.0
2019;258;144_001;SSM1-0012;mil;surface;91.42222222222223;1.0148712547338208;90.0825812099687;aerien post recolte;residus aeriens;labile;0.0;0.0;0.0;0.0
2019;258;145_001;SSM1-0012;mil;incorpore;638.0;7.049688306134763;90.50045509739788;racines post recolte;residus racinaires;labile;0.0;0.0;0.0;0.0
2019;258;145_001;SSM1-0012;mil;surface;91.42222222222223;1.010185220879081;90.50045509739789;aerien post recolte;residus aeriens;labile;0.0;0.0;0.0;0.0
2019;258;146_001;SSM1-0012;mil;incorpore;638.0;7.049688306134763;90.50045509739788;racines post recolte;residus racinaires;labile;0.0;0.0;0.0;0.0
2019;258;146_001;SSM1-0012;mil;surface;91.42222222222223;1.010185220879081;90.50045509739789;aerien post recolte;residus aeriens;labile;0.0;0.0;0.0;0.0
2019;258;147_001;SSM1-0012;mil;incorpore;638.0;7.082390307099658;90.08258120996868;racines post recolte;residus racinaires;labile;0.0;0.0;0.0;0.0
2019;258;147_001;SSM1-0012;mil;surface;91.42222222222223;1.0148712547338208;90.0825812099687;aerien post recolte;residus aeriens;labile;0.0;0.0;0.0;0.0
2019;258;148_001;SSM1-0012;mil;incorpore;638.0;7.049688306134763;90.50045509739788;racines post recolte;residus racinaires;labile;0.0;0.0;0.0;0.0
2019;258;148_001;SSM1-0012;mil;surface;91.42222222222223;1.010185220879081;90.50045509739789;aerien post recolte;residus aeriens;labile;0.0;0.0;0.0;0.0
2019;258;149_001;SSM1-0014;mil;incorpore;638.0;7.0467969635738905;90.53758797052507;racines post recolte;residus racinaires;labile;0.0;0.0;0.0;0.0
2019;258;149_001;SSM1-0014;mil;surface;91.42222222222223;1.009770905891431;90.53758797052507;aerien post recolte;residus aeriens;labile;0.0;0.0;0.0;0.0
2019;258;150_001;SSM1-0014;mil;incorpore;638.0;7.035780539757079;90.67934913473408;racines post recolte;residus racinaires;labile;0.0;0.0;0.0;0.0
2019;258;150_001;SSM1-0014;mil;surface;91.42222222222223;1.0081923072295584;90.6793491347341;aerien post recolte;residus aeriens;labile;0.0;0.0;0.0;0.0
2019;258;153_001;SSM1-0014;mil;incorpore;638.0;7.0467969635738905;90.53758797052507;racines post recolte;residus racinaires;labile;0.0;0.0;0.0;0.0
2019;258;153_001;SSM1-0014;mil;surface;91.42222222222223;1.009770905891431;90.53758797052507;aerien post recolte;residus aeriens;labile;0.0;0.0;0.0;0.0
2019;258;154_001;SSM1-0014;mil;incorpore;638.0;7.035780539757079;90.67934913473408;racines post recolte;residus racinaires;labile;0.0;0.0;0.0;0.0
2019;258;154_001;SSM1-0014;mil;surface;91.42222222222223;1.0081923072295584;90.6793491347341;aerien post recolte;residus aeriens;labile;0.0;0.0;0.0;0.0
2019;258;155_001;SSM1-0015;mil;incorpore;638.0;7.035780539757079;90.67934913473408;racines post recolte;residus racinaires;labile;0.0;0.0;0.0;0.0
2019;258;155_001;SSM1-0015;mil;surface;91.42222222222223;1.0081923072295584;90.6793491347341;aerien post recolte;residus aeriens;labile;0.0;0.0;0.0;0.0
2019;258;156_001;SSM1-0015;mil;incorpore;638.0;7.035780539757079;90.67934913473408;racines post recolte;residus racinaires;labile;0.0;0.0;0.0;0.0
2019;258;156_001;SSM1-0015;mil;surface;91.42222222222223;1.0081923072295584;90.6793491347341;aerien post recolte;residus aeriens;labile;0.0;0.0;0.0;0.0
2019;258;157_001;SSM1-0015;mil;incorpore;638.0;7.0467969635738905;90.53758797052507;racines post recolte;residus racinaires;labile;0.0;0.0;0.0;0.0
2019;258;157_001;SSM1-0015;mil;surface;91.42222222222223;1.009770905891431;90.53758797052507;aerien post recolte;residus aeriens;labile;0.0;0.0;0.0;0.0
2019;258;158_001;SSM1-0015;mil;incorpore;638.0;7.035780539757079;90.67934913473408;racines post recolte;residus racinaires;labile;0.0;0.0;0.0;0.0
2019;258;158_001;SSM1-0015;mil;surface;91.42222222222223;1.0081923072295584;90.6793491347341;aerien post recolte;residus aeriens;labile;0.0;0.0;0.0;0.0
2019;258;159_001;SSM1-0016;mil;incorpore;638.0;7.0467969635738905;90.53758797052507;racines post recolte;residus racinaires;labile;0.0;0.0;0.0;0.0
2019;258;159_001;SSM1-0016;mil;surface;91.42222222222223;1.009770905891431;90.53758797052507;aerien post recolte;residus aeriens;labile;0.0;0.0;0.0;0.0
2019;258;160_001;SSM1-0016;mil;incorpore;638.0;7.035780539757079;90.67934913473408;racines post recolte;residus racinaires;labile;0.0;0.0;0.0;0.0
2019;258;160_001;SSM1-0016;mil;surface;91.42222222222223;1.0081923072295584;90.6793491347341;aerien post recolte;residus aeriens;labile;0.0;0.0;0.0;0.0
2019;258;161_001;SSM1-0016;mil;incorpore;638.0;7.0467969635738905;90.53758797052507;racines post recolte;residus racinaires;labile;0.0;0.0;0.0;0.0
2019;258;161_001;SSM1-0016;mil;surface;91.42222222222223;1.009770905891431;90.53758797052507;aerien post recolte;residus aeriens;labile;0.0;0.0;0.0;0.0
2019;258;162_001;SSM1-0016;mil;incorpore;638.0;7.035780539757079;90.67934913473408;racines post recolte;residus racinaires;labile;0.0;0.0;0.0;0.0
2019;258;162_001;SSM1-0016;mil;surface;91.42222222222223;1.0081923072295584;90.6793491347341;aerien post recolte;residus aeriens;labile;0.0;0.0;0.0;0.0
2019;258;163_001;SSM1-0016;mil;incorpore;638.0;7.0467969635738905;90.53758797052507;racines post recolte;residus racinaires;labile;0.0;0.0;0.0;0.0
2019;258;163_001;SSM1-0016;mil;surface;91.42222222222223;1.009770905891431;90.53758797052507;aerien post recolte;residus aeriens;labile;0.0;0.0;0.0;0.0
2019;258;164_001;SSM1-0016;mil;incorpore;638.0;7.035780539757079;90.67934913473408;racines post recolte;residus racinaires;labile;0.0;0.0;0.0;0.0
2019;258;164_001;SSM1-0016;mil;surface;91.42222222222223;1.0081923072295584;90.6793491347341;aerien post recolte;residus aeriens;labile;0.0;0.0;0.0;0.0
2019;258;165_001;SSM1-0016;mil;incorpore;638.0;7.0467969635738905;90.53758797052507;racines post recolte;residus racinaires;labile;0.0;0.0;0.0;0.0
2019;258;165_001;SSM1-0016;mil;surface;91.42222222222223;1.009770905891431;90.53758797052507;aerien post recolte;residus aeriens;labile;0.0;0.0;0.0;0.0
2019;258;166_001;SSM1-0016;mil;incorpore;638.0;7.035780539757079;90.67934913473408;racines post recolte;residus racinaires;labile;0.0;0.0;0.0;0.0
2019;258;166_001;SSM1-0016;mil;surface;91.42222222222223;1.0081923072295584;90.6793491347341;aerien post recolte;residus aeriens;labile;0.0;0.0;0.0;0.0
2019;258;167_001;SSM1-0015;mil;incorpore;638.0;7.0467969635738905;90.53758797052507;racines post recolte;residus racinaires;labile;0.0;0.0;0.0;0.0
2019;258;167_001;SSM1-0015;mil;surface;91.42222222222223;1.009770905891431;90.53758797052507;aerien post recolte;residus aeriens;labile;0.0;0.0;0.0;0.0
2019;258;168_001;SSM1-0015;mil;incorpore;638.0;7.035780539757079;90.67934913473408;racines post recolte;residus racinaires;labile;0.0;0.0;0.0;0.0
2019;258;168_001;SSM1-0015;mil;surface;91.42222222222223;1.0081923072295584;90.6793491347341;aerien post recolte;residus aeriens;labile;0.0;0.0;0.0;0.0
2019;258;169_001;SSM1-0015;mil;incorpore;638.0;7.001165119436588;91.1276893368489;racines post recolte;residus racinaires;labile;0.0;0.0;0.0;0.0
2019;258;169_001;SSM1-0015;mil;surface;91.42222222222223;1.003232089911603;91.12768933684892;aerien post recolte;residus aeriens;labile;0.0;0.0;0.0;0.0
2019;258;170_001;SSM1-0015;mil;incorpore;638.0;6.959019448653644;91.6795828359746;racines post recolte;residus racinaires;labile;0.0;0.0;0.0;0.0
2019;258;170_001;SSM1-0015;mil;surface;91.42222222222223;0.9971928252093727;91.67958283597461;aerien post recolte;residus aeriens;labile;0.0;0.0;0.0;0.0
2019;258;171_001;SSM1-0015;mil;incorpore;638.0;6.959019448653644;91.6795828359746;racines post recolte;residus racinaires;labile;0.0;0.0;0.0;0.0
2019;258;171_001;SSM1-0015;mil;surface;91.42222222222223;0.9971928252093727;91.67958283597461;aerien post recolte;residus aeriens;labile;0.0;0.0;0.0;0.0
2019;258;172_001;SSM1-0015;mil;incorpore;638.0;7.0467969635738905;90.53758797052507;racines post recolte;residus racinaires;labile;0.0;0.0;0.0;0.0
2019;258;172_001;SSM1-0015;mil;surface;91.42222222222223;1.009770905891431;90.53758797052507;aerien post recolte;residus aeriens;labile;0.0;0.0;0.0;0.0
2019;258;173_001;SSM1-0015;mil;incorpore;638.0;7.035780539757079;90.67934913473408;racines post recolte;residus racinaires;labile;0.0;0.0;0.0;0.0
2019;258;173_001;SSM1-0015;mil;surface;91.42222222222223;1.0081923072295584;90.6793491347341;aerien post recolte;residus aeriens;labile;0.0;0.0;0.0;0.0
2019;258;174_001;SSM1-0015;mil;incorpore;638.0;7.0467969635738905;90.53758797052507;racines post recolte;residus racinaires;labile;0.0;0.0;0.0;0.0
2019;258;174_001;SSM1-0015;mil;surface;91.42222222222223;1.009770905891431;90.53758797052507;aerien post recolte;residus aeriens;labile;0.0;0.0;0.0;0.0
2019;258;175_001;SSM1-0015;mil;incorpore;638.0;7.035780539757079;90.67934913473408;racines post recolte;residus racinaires;labile;0.0;0.0;0.0;0.0
2019;258;175_001;SSM1-0015;mil;surface;91.42222222222223;1.0081923072295584;90.6793491347341;aerien post recolte;residus aeriens;labile;0.0;0.0;0.0;0.0
2019;258;176_001;SSM1-0015;mil;incorpore;638.0;7.0467969635738905;90.53758797052507;racines post recolte;residus racinaires;labile;0.0;0.0;0.0;0.0
2019;258;176_001;SSM1-0015;mil;surface;91.42222222222223;1.009770905891431;90.53758797052507;aerien post recolte;residus aeriens;labile;0.0;0.0;0.0;0.0
2019;258;177_001;SSM1-0015;mil;incorpore;638.0;7.035780539757079;90.67934913473408;racines post recolte;residus racinaires;labile;0.0;0.0;0.0;0.0
2019;258;177_001;SSM1-0015;mil;surface;91.42222222222223;1.0081923072295584;90.6793491347341;aerien post recolte;residus aeriens;labile;0.0;0.0;0.0;0.0
2019;258;178_001;SSM1-0015;mil;incorpore;638.0;7.082390307099658;90.08258120996868;racines post recolte;residus racinaires;labile;0.0;0.0;0.0;0.0
2019;258;178_001;SSM1-0015;mil;surface;91.42222222222223;1.0148712547338208;90.0825812099687;aerien post recolte;residus aeriens;labile;0.0;0.0;0.0;0.0
2019;258;179_001;SSM1-0015;mil;incorpore;638.0;7.049688306134763;90.50045509739788;racines post recolte;residus racinaires;labile;0.0;0.0;0.0;0.0
2019;258;179_001;SSM1-0015;mil;surface;91.42222222222223;1.010185220879081;90.50045509739789;aerien post recolte;residus aeriens;labile;0.0;0.0;0.0;0.0
2019;258;180_001;SSM1-0016;mil;incorpore;638.0;7.001165119436588;91.1276893368489;racines post recolte;residus racinaires;labile;0.0;0.0;0.0;0.0
2019;258;180_001;SSM1-0016;mil;surface;91.42222222222223;1.003232089911603;91.12768933684892;aerien post recolte;residus aeriens;labile;0.0;0.0;0.0;0.0
2019;258;181_001;SSM1-0016;mil;incorpore;638.0;6.959019448653644;91.6795828359746;racines post recolte;residus racinaires;labile;0.0;0.0;0.0;0.0
2019;258;181_001;SSM1-0016;mil;surface;91.42222222222223;0.9971928252093727;91.67958283597461;aerien post recolte;residus aeriens;labile;0.0;0.0;0.0;0.0
2019;258;182_001;SSM1-0016;mil;incorpore;638.0;7.0467969635738905;90.53758797052507;racines post recolte;residus racinaires;labile;0.0;0.0;0.0;0.0
2019;258;182_001;SSM1-0016;mil;surface;91.42222222222223;1.009770905891431;90.53758797052507;aerien post recolte;residus aeriens;labile;0.0;0.0;0.0;0.0
2019;258;183_001;SSM1-0016;mil;incorpore;638.0;7.035780539757079;90.67934913473408;racines post recolte;residus racinaires;labile;0.0;0.0;0.0;0.0
2019;258;183_001;SSM1-0016;mil;surface;91.42222222222223;1.0081923072295584;90.6793491347341;aerien post recolte;residus aeriens;labile;0.0;0.0;0.0;0.0
2019;258;184_001;SSM1-0016;mil;incorpore;638.0;7.0467969635738905;90.53758797052507;racines post recolte;residus racinaires;labile;0.0;0.0;0.0;0.0
2019;258;184_001;SSM1-0016;mil;surface;91.42222222222223;1.009770905891431;90.53758797052507;aerien post recolte;residus aeriens;labile;0.0;0.0;0.0;0.0
2019;258;185_001;SSM1-0016;mil;incorpore;638.0;7.035780539757079;90.67934913473408;racines post recolte;residus racinaires;labile;0.0;0.0;0.0;0.0
2019;258;185_001;SSM1-0016;mil;surface;91.42222222222223;1.0081923072295584;90.6793491347341;aerien post recolte;residus aeriens;labile;0.0;0.0;0.0;0.0
2019;258;186_001;SSM1-0017;mil;incorpore;638.0;7.001165119436588;91.1276893368489;racines post recolte;residus racinaires;labile;0.0;0.0;0.0;0.0
2019;258;186_001;SSM1-0017;mil;surface;91.42222222222223;1.003232089911603;91.12768933684892;aerien post recolte;residus aeriens;labile;0.0;0.0;0.0;0.0
2019;258;187_001;SSM1-0017;mil;incorpore;638.0;6.959019448653644;91.6795828359746;racines post recolte;residus racinaires;labile;0.0;0.0;0.0;0.0
2019;258;187_001;SSM1-0017;mil;surface;91.42222222222223;0.9971928252093727;91.67958283597461;aerien post recolte;residus aeriens;labile;0.0;0.0;0.0;0.0
2019;258;188_001;SSM1-0017;mil;incorpore;638.0;7.035780539757079;90.67934913473408;racines post recolte;residus racinaires;labile;0.0;0.0;0.0;0.0
2019;258;188_001;SSM1-0017;mil;surface;91.42222222222223;1.0081923072295584;90.6793491347341;aerien post recolte;residus aeriens;labile;0.0;0.0;0.0;0.0
2019;258;189_001;SSM1-0017;mil;incorpore;638.0;7.035780539757079;90.67934913473408;racines post recolte;residus racinaires;labile;0.0;0.0;0.0;0.0
2019;258;189_001;SSM1-0017;mil;surface;91.42222222222223;1.0081923072295584;90.6793491347341;aerien post recolte;residus aeriens;labile;0.0;0.0;0.0;0.0
2019;258;190_001;SSM1-0017;mil;incorpore;638.0;7.0467969635738905;90.53758797052507;racines post recolte;residus racinaires;labile;0.0;0.0;0.0;0.0
2019;258;190_001;SSM1-0017;mil;surface;91.42222222222223;1.009770905891431;90.53758797052507;aerien post recolte;residus aeriens;labile;0.0;0.0;0.0;0.0
2019;258;191_001;SSM1-0017;mil;incorpore;638.0;7.035780539757079;90.67934913473408;racines post recolte;residus racinaires;labile;0.0;0.0;0.0;0.0
2019;258;191_001;SSM1-0017;mil;surface;91.42222222222223;1.0081923072295584;90.6793491347341;aerien post recolte;residus aeriens;labile;0.0;0.0;0.0;0.0
2019;258;192_001;SSM1-0017;mil;incorpore;638.0;7.035780539757079;90.67934913473408;racines post recolte;residus racinaires;labile;0.0;0.0;0.0;0.0
2019;258;192_001;SSM1-0017;mil;surface;91.42222222222223;1.0081923072295584;90.6793491347341;aerien post recolte;residus aeriens;labile;0.0;0.0;0.0;0.0
2019;258;193_001;SSM1-0017;mil;incorpore;638.0;7.082390307099658;90.08258120996868;racines post recolte;residus racinaires;labile;0.0;0.0;0.0;0.0
2019;258;193_001;SSM1-0017;mil;surface;91.42222222222223;1.0148712547338208;90.0825812099687;aerien post recolte;residus aeriens;labile;0.0;0.0;0.0;0.0
2019;258;194_001;SSM1-0017;mil;incorpore;638.0;7.049688306134763;90.50045509739788;racines post recolte;residus racinaires;labile;0.0;0.0;0.0;0.0
2019;258;194_001;SSM1-0017;mil;surface;91.42222222222223;1.010185220879081;90.50045509739789;aerien post recolte;residus aeriens;labile;0.0;0.0;0.0;0.0
2019;258;195_001;SSM1-0011;mil;incorpore;638.0;7.001165119436588;91.1276893368489;racines post recolte;residus racinaires;labile;0.0;0.0;0.0;0.0
2019;258;195_001;SSM1-0011;mil;surface;91.42222222222223;1.003232089911603;91.12768933684892;aerien post recolte;residus aeriens;labile;0.0;0.0;0.0;0.0
2019;258;196_001;SSM1-0011;mil;incorpore;638.0;6.959019448653644;91.6795828359746;racines post recolte;residus racinaires;labile;0.0;0.0;0.0;0.0
2019;258;196_001;SSM1-0011;mil;surface;91.42222222222223;0.9971928252093727;91.67958283597461;aerien post recolte;residus aeriens;labile;0.0;0.0;0.0;0.0
2019;258;197_001;SSM1-0011;mil;incorpore;638.0;7.082390307099658;90.08258120996868;racines post recolte;residus racinaires;labile;0.0;0.0;0.0;0.0
2019;258;197_001;SSM1-0011;mil;surface;91.42222222222223;1.0148712547338208;90.0825812099687;aerien post recolte;residus aeriens;labile;0.0;0.0;0.0;0.0
2019;258;198_001;SSM1-0011;mil;incorpore;638.0;7.049688306134763;90.50045509739788;racines post recolte;residus racinaires;labile;0.0;0.0;0.0;0.0
2019;258;198_001;SSM1-0011;mil;surface;91.42222222222223;1.010185220879081;90.50045509739789;aerien post recolte;residus aeriens;labile;0.0;0.0;0.0;0.0
2019;258;199_001;SSM1-0011;mil;incorpore;638.0;7.049688306134763;90.50045509739788;racines post recolte;residus racinaires;labile;0.0;0.0;0.0;0.0
2019;258;199_001;SSM1-0011;mil;surface;91.42222222222223;1.010185220879081;90.50045509739789;aerien post recolte;residus aeriens;labile;0.0;0.0;0.0;0.0
2019;258;200_001;SSM1-0011;mil;incorpore;638.0;7.0467969635738905;90.53758797052507;racines post recolte;residus racinaires;labile;0.0;0.0;0.0;0.0
2019;258;200_001;SSM1-0011;mil;surface;91.42222222222223;1.009770905891431;90.53758797052507;aerien post recolte;residus aeriens;labile;0.0;0.0;0.0;0.0
2019;258;201_001;SSM1-0011;mil;incorpore;638.0;7.035780539757079;90.67934913473408;racines post recolte;residus racinaires;labile;0.0;0.0;0.0;0.0
2019;258;201_001;SSM1-0011;mil;surface;91.42222222222223;1.0081923072295584;90.6793491347341;aerien post recolte;residus aeriens;labile;0.0;0.0;0.0;0.0
2019;258;202_001;SSM1-0011;mil;incorpore;638.0;7.035780539757079;90.67934913473408;racines post recolte;residus racinaires;labile;0.0;0.0;0.0;0.0
2019;258;202_001;SSM1-0011;mil;surface;91.42222222222223;1.0081923072295584;90.6793491347341;aerien post recolte;residus aeriens;labile;0.0;0.0;0.0;0.0
2019;258;203_001;SSM1-0011;mil;incorpore;638.0;7.035780539757079;90.67934913473408;racines post recolte;residus racinaires;labile;0.0;0.0;0.0;0.0
2019;258;203_001;SSM1-0011;mil;surface;91.42222222222223;1.0081923072295584;90.6793491347341;aerien post recolte;residus aeriens;labile;0.0;0.0;0.0;0.0
2019;258;204_001;SSM1-0018;mil;incorpore;638.0;7.001165119436588;91.1276893368489;racines post recolte;residus racinaires;labile;0.0;0.0;0.0;0.0
2019;258;204_001;SSM1-0018;mil;surface;91.42222222222223;1.003232089911603;91.12768933684892;aerien post recolte;residus aeriens;labile;0.0;0.0;0.0;0.0
2019;258;205_001;SSM1-0018;mil;incorpore;638.0;6.959019448653644;91.6795828359746;racines post recolte;residus racinaires;labile;0.0;0.0;0.0;0.0
2019;258;205_001;SSM1-0018;mil;surface;91.42222222222223;0.9971928252093727;91.67958283597461;aerien post recolte;residus aeriens;labile;0.0;0.0;0.0;0.0
2019;258;206_001;SSM1-0018;mil;incorpore;638.0;7.001165119436588;91.1276893368489;racines post recolte;residus racinaires;labile;0.0;0.0;0.0;0.0
2019;258;206_001;SSM1-0018;mil;surface;91.42222222222223;1.003232089911603;91.12768933684892;aerien post recolte;residus aeriens;labile;0.0;0.0;0.0;0.0
2019;258;207_001;SSM1-0018;mil;incorpore;638.0;6.959019448653644;91.6795828359746;racines post recolte;residus racinaires;labile;0.0;0.0;0.0;0.0
2019;258;207_001;SSM1-0018;mil;surface;91.42222222222223;0.9971928252093727;91.67958283597461;aerien post recolte;residus aeriens;labile;0.0;0.0;0.0;0.0
2019;258;208_001;SSM1-0019;mil;incorpore;638.0;7.001165119436588;91.1276893368489;racines post recolte;residus racinaires;labile;0.0;0.0;0.0;0.0
2019;258;208_001;SSM1-0019;mil;surface;91.42222222222223;1.003232089911603;91.12768933684892;aerien post recolte;residus aeriens;labile;0.0;0.0;0.0;0.0
2019;258;209_001;SSM1-0019;mil;incorpore;638.0;6.959019448653644;91.6795828359746;racines post recolte;residus racinaires;labile;0.0;0.0;0.0;0.0
2019;258;209_001;SSM1-0019;mil;surface;91.42222222222223;0.9971928252093727;91.67958283597461;aerien post recolte;residus aeriens;labile;0.0;0.0;0.0;0.0
2019;258;210_001;SSM1-0019;mil;incorpore;638.0;7.082390307099658;90.08258120996868;racines post recolte;residus racinaires;labile;0.0;0.0;0.0;0.0
2019;258;210_001;SSM1-0019;mil;surface;91.42222222222223;1.0148712547338208;90.0825812099687;aerien post recolte;residus aeriens;labile;0.0;0.0;0.0;0.0
2019;258;211_001;SSM1-0019;mil;incorpore;638.0;7.049688306134763;90.50045509739788;racines post recolte;residus racinaires;labile;0.0;0.0;0.0;0.0
2019;258;211_001;SSM1-0019;mil;surface;91.42222222222223;1.010185220879081;90.50045509739789;aerien post recolte;residus aeriens;labile;0.0;0.0;0.0;0.0
2019;258;212_001;SSM1-0019;mil;incorpore;638.0;7.082390307099658;90.08258120996868;racines post recolte;residus racinaires;labile;0.0;0.0;0.0;0.0
2019;258;212_001;SSM1-0019;mil;surface;91.42222222222223;1.0148712547338208;90.0825812099687;aerien post recolte;residus aeriens;labile;0.0;0.0;0.0;0.0
2019;258;213_001;SSM1-0019;mil;incorpore;638.0;7.049688306134763;90.50045509739788;racines post recolte;residus racinaires;labile;0.0;0.0;0.0;0.0
2019;258;213_001;SSM1-0019;mil;surface;91.42222222222223;1.010185220879081;90.50045509739789;aerien post recolte;residus aeriens;labile;0.0;0.0;0.0;0.0
2019;258;214_001;SSM1-0019;mil;incorpore;638.0;7.0467969635738905;90.53758797052507;racines post recolte;residus racinaires;labile;0.0;0.0;0.0;0.0
2019;258;214_001;SSM1-0019;mil;surface;91.42222222222223;1.009770905891431;90.53758797052507;aerien post recolte;residus aeriens;labile;0.0;0.0;0.0;0.0
2019;258;215_001;SSM1-0019;mil;incorpore;638.0;7.035780539757079;90.67934913473408;racines post recolte;residus racinaires;labile;0.0;0.0;0.0;0.0
2019;258;215_001;SSM1-0019;mil;surface;91.42222222222223;1.0081923072295584;90.6793491347341;aerien post recolte;residus aeriens;labile;0.0;0.0;0.0;0.0
2019;258;216_001;SSM1-0019;mil;incorpore;638.0;7.082390307099658;90.08258120996868;racines post recolte;residus racinaires;labile;0.0;0.0;0.0;0.0
2019;258;216_001;SSM1-0019;mil;surface;91.42222222222223;1.0148712547338208;90.0825812099687;aerien post recolte;residus aeriens;labile;0.0;0.0;0.0;0.0
2019;258;217_001;SSM1-0019;mil;incorpore;638.0;7.049688306134763;90.50045509739788;racines post recolte;residus racinaires;labile;0.0;0.0;0.0;0.0
2019;258;217_001;SSM1-0019;mil;surface;91.42222222222223;1.010185220879081;90.50045509739789;aerien post recolte;residus aeriens;labile;0.0;0.0;0.0;0.0
2019;258;218_001;SSM1-0019;mil;incorpore;638.0;6.862191857658906;92.97320932347978;racines post recolte;residus racinaires;labile;0.0;0.0;0.0;0.0
2019;258;218_001;SSM1-0019;mil;surface;91.42222222222223;0.983317913702847;92.9732093234798;aerien post recolte;residus aeriens;labile;0.0;0.0;0.0;0.0
2019;258;219_001;SSM1-0019;mil;incorpore;638.0;6.87308671196636;92.82583309900814;racines post recolte;residus racinaires;labile;0.0;0.0;0.0;0.0
2019;258;219_001;SSM1-0019;mil;surface;91.42222222222223;0.9848790920595475;92.82583309900814;aerien post recolte;residus aeriens;labile;0.0;0.0;0.0;0.0
2019;258;220_001;SSM1-0019;mil;incorpore;638.0;6.862191857658906;92.97320932347978;racines post recolte;residus racinaires;labile;0.0;0.0;0.0;0.0
2019;258;220_001;SSM1-0019;mil;surface;91.42222222222223;0.983317913702847;92.9732093234798;aerien post recolte;residus aeriens;labile;0.0;0.0;0.0;0.0
2019;258;221_001;SSM1-0019;mil;incorpore;638.0;6.87308671196636;92.82583309900814;racines post recolte;residus racinaires;labile;0.0;0.0;0.0;0.0
2019;258;221_001;SSM1-0019;mil;surface;91.42222222222223;0.9848790920595475;92.82583309900814;aerien post recolte;residus aeriens;labile;0.0;0.0;0.0;0.0
2019;258;222_001;SSM1-0019;mil;incorpore;638.0;7.082390307099658;90.08258120996868;racines post recolte;residus racinaires;labile;0.0;0.0;0.0;0.0
2019;258;222_001;SSM1-0019;mil;surface;91.42222222222223;1.0148712547338208;90.0825812099687;aerien post recolte;residus aeriens;labile;0.0;0.0;0.0;0.0
2019;258;223_001;SSM1-0019;mil;incorpore;638.0;7.049688306134763;90.50045509739788;racines post recolte;residus racinaires;labile;0.0;0.0;0.0;0.0
2019;258;223_001;SSM1-0019;mil;surface;91.42222222222223;1.010185220879081;90.50045509739789;aerien post recolte;residus aeriens;labile;0.0;0.0;0.0;0.0
2019;258;224_001;SSM1-0019;mil;incorpore;638.0;7.0467969635738905;90.53758797052507;racines post recolte;residus racinaires;labile;0.0;0.0;0.0;0.0
2019;258;224_001;SSM1-0019;mil;surface;91.42222222222223;1.009770905891431;90.53758797052507;aerien post recolte;residus aeriens;labile;0.0;0.0;0.0;0.0
2019;258;225_001;SSM1-0019;mil;incorpore;638.0;7.035780539757079;90.67934913473408;racines post recolte;residus racinaires;labile;0.0;0.0;0.0;0.0
2019;258;225_001;SSM1-0019;mil;surface;91.42222222222223;1.0081923072295584;90.6793491347341;aerien post recolte;residus aeriens;labile;0.0;0.0;0.0;0.0
2019;258;226_001;SSM1-0019;mil;incorpore;638.0;7.0467969635738905;90.53758797052507;racines post recolte;residus racinaires;labile;0.0;0.0;0.0;0.0
2019;258;226_001;SSM1-0019;mil;surface;91.42222222222223;1.009770905891431;90.53758797052507;aerien post recolte;residus aeriens;labile;0.0;0.0;0.0;0.0
2019;258;227_001;SSM1-0019;mil;incorpore;638.0;7.035780539757079;90.67934913473408;racines post recolte;residus racinaires;labile;0.0;0.0;0.0;0.0
2019;258;227_001;SSM1-0019;mil;surface;91.42222222222223;1.0081923072295584;90.6793491347341;aerien post recolte;residus aeriens;labile;0.0;0.0;0.0;0.0
2019;258;228_001;SSM1-0017;mil;incorpore;638.0;7.0467969635738905;90.53758797052507;racines post recolte;residus racinaires;labile;0.0;0.0;0.0;0.0
2019;258;228_001;SSM1-0017;mil;surface;91.42222222222223;1.009770905891431;90.53758797052507;aerien post recolte;residus aeriens;labile;0.0;0.0;0.0;0.0
2019;258;229_001;SSM1-0017;mil;incorpore;638.0;7.035780539757079;90.67934913473408;racines post recolte;residus racinaires;labile;0.0;0.0;0.0;0.0
2019;258;229_001;SSM1-0017;mil;surface;91.42222222222223;1.0081923072295584;90.6793491347341;aerien post recolte;residus aeriens;labile;0.0;0.0;0.0;0.0
2019;258;230_001;SSM1-0017;mil;incorpore;638.0;7.0467969635738905;90.53758797052507;racines post recolte;residus racinaires;labile;0.0;0.0;0.0;0.0
2019;258;230_001;SSM1-0017;mil;surface;91.42222222222223;1.009770905891431;90.53758797052507;aerien post recolte;residus aeriens;labile;0.0;0.0;0.0;0.0
2019;258;231_001;SSM1-0017;mil;incorpore;638.0;7.035780539757079;90.67934913473408;racines post recolte;residus racinaires;labile;0.0;0.0;0.0;0.0
2019;258;231_001;SSM1-0017;mil;surface;91.42222222222223;1.0081923072295584;90.6793491347341;aerien post recolte;residus aeriens;labile;0.0;0.0;0.0;0.0
2019;258;232_001;SSM1-0017;mil;incorpore;638.0;7.0467969635738905;90.53758797052507;racines post recolte;residus racinaires;labile;0.0;0.0;0.0;0.0
2019;258;232_001;SSM1-0017;mil;surface;91.42222222222223;1.009770905891431;90.53758797052507;aerien post recolte;residus aeriens;labile;0.0;0.0;0.0;0.0
2019;258;233_001;SSM1-0017;mil;incorpore;638.0;7.035780539757079;90.67934913473408;racines post recolte;residus racinaires;labile;0.0;0.0;0.0;0.0
2019;258;233_001;SSM1-0017;mil;surface;91.42222222222223;1.0081923072295584;90.6793491347341;aerien post recolte;residus aeriens;labile;0.0;0.0;0.0;0.0
2019;258;234_001;SSM1-0020;mil;incorpore;638.0;7.001165119436588;91.1276893368489;racines post recolte;residus racinaires;labile;0.0;0.0;0.0;0.0
2019;258;234_001;SSM1-0020;mil;surface;91.42222222222223;1.003232089911603;91.12768933684892;aerien post recolte;residus aeriens;labile;0.0;0.0;0.0;0.0
2019;258;235_001;SSM1-0020;mil;incorpore;638.0;6.959019448653644;91.6795828359746;racines post recolte;residus racinaires;labile;0.0;0.0;0.0;0.0
2019;258;235_001;SSM1-0020;mil;surface;91.42222222222223;0.9971928252093727;91.67958283597461;aerien post recolte;residus aeriens;labile;0.0;0.0;0.0;0.0
2019;258;236_001;SSM1-0020;mil;incorpore;638.0;7.0467969635738905;90.53758797052507;racines post recolte;residus racinaires;labile;0.0;0.0;0.0;0.0
2019;258;236_001;SSM1-0020;mil;surface;91.42222222222223;1.009770905891431;90.53758797052507;aerien post recolte;residus aeriens;labile;0.0;0.0;0.0;0.0
2019;258;237_001;SSM1-0020;mil;incorpore;638.0;7.035780539757079;90.67934913473408;racines post recolte;residus racinaires;labile;0.0;0.0;0.0;0.0
2019;258;237_001;SSM1-0020;mil;surface;91.42222222222223;1.0081923072295584;90.6793491347341;aerien post recolte;residus aeriens;labile;0.0;0.0;0.0;0.0
2019;258;238_001;SSM1-0020;mil;incorpore;638.0;7.0467969635738905;90.53758797052507;racines post recolte;residus racinaires;labile;0.0;0.0;0.0;0.0
2019;258;238_001;SSM1-0020;mil;surface;91.42222222222223;1.009770905891431;90.53758797052507;aerien post recolte;residus aeriens;labile;0.0;0.0;0.0;0.0
2019;258;239_001;SSM1-0020;mil;incorpore;638.0;7.035780539757079;90.67934913473408;racines post recolte;residus racinaires;labile;0.0;0.0;0.0;0.0
2019;258;239_001;SSM1-0020;mil;surface;91.42222222222223;1.0081923072295584;90.6793491347341;aerien post recolte;residus aeriens;labile;0.0;0.0;0.0;0.0
2019;258;240_001;SSM1-0020;mil;incorpore;638.0;7.0467969635738905;90.53758797052507;racines post recolte;residus racinaires;labile;0.0;0.0;0.0;0.0
2019;258;240_001;SSM1-0020;mil;surface;91.42222222222223;1.009770905891431;90.53758797052507;aerien post recolte;residus aeriens;labile;0.0;0.0;0.0;0.0
2019;258;241_001;SSM1-0020;mil;incorpore;638.0;7.035780539757079;90.67934913473408;racines post recolte;residus racinaires;labile;0.0;0.0;0.0;0.0
2019;258;241_001;SSM1-0020;mil;surface;91.42222222222223;1.0081923072295584;90.6793491347341;aerien post recolte;residus aeriens;labile;0.0;0.0;0.0;0.0
2019;258;242_001;SSM1-0020;mil;incorpore;638.0;7.0467969635738905;90.53758797052507;racines post recolte;residus racinaires;labile;0.0;0.0;0.0;0.0
2019;258;242_001;SSM1-0020;mil;surface;91.42222222222223;1.009770905891431;90.53758797052507;aerien post recolte;residus aeriens;labile;0.0;0.0;0.0;0.0
2019;258;243_001;SSM1-0020;mil;incorpore;638.0;7.035780539757079;90.67934913473408;racines post recolte;residus racinaires;labile;0.0;0.0;0.0;0.0
2019;258;243_001;SSM1-0020;mil;surface;91.42222222222223;1.0081923072295584;90.6793491347341;aerien post recolte;residus aeriens;labile;0.0;0.0;0.0;0.0
2019;258;244_001;SSM1-0020;mil;incorpore;638.0;7.0467969635738905;90.53758797052507;racines post recolte;residus racinaires;labile;0.0;0.0;0.0;0.0
2019;258;244_001;SSM1-0020;mil;surface;91.42222222222223;1.009770905891431;90.53758797052507;aerien post recolte;residus aeriens;labile;0.0;0.0;0.0;0.0
2019;258;245_001;SSM1-0020;mil;incorpore;638.0;7.035780539757079;90.67934913473408;racines post recolte;residus racinaires;labile;0.0;0.0;0.0;0.0
2019;258;245_001;SSM1-0020;mil;surface;91.42222222222223;1.0081923072295584;90.6793491347341;aerien post recolte;residus aeriens;labile;0.0;0.0;0.0;0.0
2019;258;246_001;SSM1-0020;mil;incorpore;638.0;7.0467969635738905;90.53758797052507;racines post recolte;residus racinaires;labile;0.0;0.0;0.0;0.0
2019;258;246_001;SSM1-0020;mil;surface;91.42222222222223;1.009770905891431;90.53758797052507;aerien post recolte;residus aeriens;labile;0.0;0.0;0.0;0.0
2019;258;247_001;SSM1-0020;mil;incorpore;638.0;7.035780539757079;90.67934913473408;racines post recolte;residus racinaires;labile;0.0;0.0;0.0;0.0
2019;258;247_001;SSM1-0020;mil;surface;91.42222222222223;1.0081923072295584;90.6793491347341;aerien post recolte;residus aeriens;labile;0.0;0.0;0.0;0.0
2019;258;248_001;SSM1-0020;mil;incorpore;638.0;7.0467969635738905;90.53758797052507;racines post recolte;residus racinaires;labile;0.0;0.0;0.0;0.0
2019;258;248_001;SSM1-0020;mil;surface;91.42222222222223;1.009770905891431;90.53758797052507;aerien post recolte;residus aeriens;labile;0.0;0.0;0.0;0.0
2019;258;249_001;SSM1-0020;mil;incorpore;638.0;7.035780539757079;90.67934913473408;racines post recolte;residus racinaires;labile;0.0;0.0;0.0;0.0
2019;258;249_001;SSM1-0020;mil;surface;91.42222222222223;1.0081923072295584;90.6793491347341;aerien post recolte;residus aeriens;labile;0.0;0.0;0.0;0.0
2019;258;250_001;SSM1-0020;mil;incorpore;638.0;7.082390307099658;90.08258120996868;racines post recolte;residus racinaires;labile;0.0;0.0;0.0;0.0
2019;258;250_001;SSM1-0020;mil;surface;91.42222222222223;1.0148712547338208;90.0825812099687;aerien post recolte;residus aeriens;labile;0.0;0.0;0.0;0.0
2019;258;251_001;SSM1-0020;mil;incorpore;638.0;7.049688306134763;90.50045509739788;racines post recolte;residus racinaires;labile;0.0;0.0;0.0;0.0
2019;258;251_001;SSM1-0020;mil;surface;91.42222222222223;1.010185220879081;90.50045509739789;aerien post recolte;residus aeriens;labile;0.0;0.0;0.0;0.0
2019;258;252_001;SSM1-0020;mil;incorpore;638.0;7.001165119436588;91.1276893368489;racines post recolte;residus racinaires;labile;0.0;0.0;0.0;0.0
2019;258;252_001;SSM1-0020;mil;surface;91.42222222222223;1.003232089911603;91.12768933684892;aerien post recolte;residus aeriens;labile;0.0;0.0;0.0;0.0
2019;258;253_001;SSM1-0020;mil;incorpore;638.0;6.959019448653644;91.6795828359746;racines post recolte;residus racinaires;labile;0.0;0.0;0.0;0.0
2019;258;253_001;SSM1-0020;mil;surface;91.42222222222223;0.9971928252093727;91.67958283597461;aerien post recolte;residus aeriens;labile;0.0;0.0;0.0;0.0
2019;258;255_001;SSM1-0021;mil;incorpore;638.0;7.082390307099658;90.08258120996868;racines post recolte;residus racinaires;labile;0.0;0.0;0.0;0.0
2019;258;255_001;SSM1-0021;mil;surface;91.42222222222223;1.0148712547338208;90.0825812099687;aerien post recolte;residus aeriens;labile;0.0;0.0;0.0;0.0
2019;258;256_001;SSM1-0021;mil;incorpore;638.0;7.049688306134763;90.50045509739788;racines post recolte;residus racinaires;labile;0.0;0.0;0.0;0.0
2019;258;256_001;SSM1-0021;mil;surface;91.42222222222223;1.010185220879081;90.50045509739789;aerien post recolte;residus aeriens;labile;0.0;0.0;0.0;0.0
2019;258;257_001;SSM1-0021;mil;incorpore;638.0;7.0467969635738905;90.53758797052507;racines post recolte;residus racinaires;labile;0.0;0.0;0.0;0.0
2019;258;257_001;SSM1-0021;mil;surface;91.42222222222223;1.009770905891431;90.53758797052507;aerien post recolte;residus aeriens;labile;0.0;0.0;0.0;0.0
2019;258;258_001;SSM1-0021;mil;incorpore;638.0;7.035780539757079;90.67934913473408;racines post recolte;residus racinaires;labile;0.0;0.0;0.0;0.0
2019;258;258_001;SSM1-0021;mil;surface;91.42222222222223;1.0081923072295584;90.6793491347341;aerien post recolte;residus aeriens;labile;0.0;0.0;0.0;0.0
2019;258;259_001;SSM1-0004;mil;incorpore;638.0;7.0467969635738905;90.53758797052507;racines post recolte;residus racinaires;labile;0.0;0.0;0.0;0.0
2019;258;259_001;SSM1-0004;mil;surface;91.42222222222223;1.009770905891431;90.53758797052507;aerien post recolte;residus aeriens;labile;0.0;0.0;0.0;0.0
2019;258;260_001;SSM1-0004;mil;incorpore;638.0;7.035780539757079;90.67934913473408;racines post recolte;residus racinaires;labile;0.0;0.0;0.0;0.0
2019;258;260_001;SSM1-0004;mil;surface;91.42222222222223;1.0081923072295584;90.6793491347341;aerien post recolte;residus aeriens;labile;0.0;0.0;0.0;0.0
2019;258;261_001;SSM1-0004;mil;incorpore;638.0;7.035780539757079;90.67934913473408;racines post recolte;residus racinaires;labile;0.0;0.0;0.0;0.0
2019;258;261_001;SSM1-0004;mil;surface;91.42222222222223;1.0081923072295584;90.6793491347341;aerien post recolte;residus aeriens;labile;0.0;0.0;0.0;0.0
2019;258;262_001;SSM1-0022;mil;incorpore;638.0;7.035780539757079;90.67934913473408;racines post recolte;residus racinaires;labile;0.0;0.0;0.0;0.0
2019;258;262_001;SSM1-0022;mil;surface;91.42222222222223;1.0081923072295584;90.6793491347341;aerien post recolte;residus aeriens;labile;0.0;0.0;0.0;0.0
2019;258;263_001;SSM1-0013;mil;incorpore;638.0;7.035780539757079;90.67934913473408;racines post recolte;residus racinaires;labile;0.0;0.0;0.0;0.0
2019;258;263_001;SSM1-0013;mil;surface;91.42222222222223;1.0081923072295584;90.6793491347341;aerien post recolte;residus aeriens;labile;0.0;0.0;0.0;0.0
2019;258;264_001;SSM1-0013;mil;incorpore;638.0;7.035780539757079;90.67934913473408;racines post recolte;residus racinaires;labile;0.0;0.0;0.0;0.0
2019;258;264_001;SSM1-0013;mil;surface;91.42222222222223;1.0081923072295584;90.6793491347341;aerien post recolte;residus aeriens;labile;0.0;0.0;0.0;0.0
2019;258;265_001;SSM1-0019;mil;incorpore;638.0;7.0467969635738905;90.53758797052507;racines post recolte;residus racinaires;labile;0.0;0.0;0.0;0.0
2019;258;265_001;SSM1-0019;mil;surface;91.42222222222223;1.009770905891431;90.53758797052507;aerien post recolte;residus aeriens;labile;0.0;0.0;0.0;0.0
2019;258;266_001;SSM1-0019;mil;incorpore;638.0;7.035780539757079;90.67934913473408;racines post recolte;residus racinaires;labile;0.0;0.0;0.0;0.0
2019;258;266_001;SSM1-0019;mil;surface;91.42222222222223;1.0081923072295584;90.6793491347341;aerien post recolte;residus aeriens;labile;0.0;0.0;0.0;0.0
2019;258;267_001;SSM1-0023;mil;incorpore;638.0;7.001165119436588;91.1276893368489;racines post recolte;residus racinaires;labile;0.0;0.0;0.0;0.0
2019;258;267_001;SSM1-0023;mil;surface;91.42222222222223;1.003232089911603;91.12768933684892;aerien post recolte;residus aeriens;labile;0.0;0.0;0.0;0.0
2019;258;268_001;SSM1-0023;mil;incorpore;638.0;6.959019448653644;91.6795828359746;racines post recolte;residus racinaires;labile;0.0;0.0;0.0;0.0
2019;258;268_001;SSM1-0023;mil;surface;91.42222222222223;0.9971928252093727;91.67958283597461;aerien post recolte;residus aeriens;labile;0.0;0.0;0.0;0.0
2019;258;269_001;SSM1-0023;mil;incorpore;638.0;7.001165119436588;91.1276893368489;racines post recolte;residus racinaires;labile;0.0;0.0;0.0;0.0
2019;258;269_001;SSM1-0023;mil;surface;91.42222222222223;1.003232089911603;91.12768933684892;aerien post recolte;residus aeriens;labile;0.0;0.0;0.0;0.0
2019;258;270_001;SSM1-0023;mil;incorpore;638.0;6.959019448653644;91.6795828359746;racines post recolte;residus racinaires;labile;0.0;0.0;0.0;0.0
2019;258;270_001;SSM1-0023;mil;surface;91.42222222222223;0.9971928252093727;91.67958283597461;aerien post recolte;residus aeriens;labile;0.0;0.0;0.0;0.0
2019;258;271_001;SSM1-0023;mil;incorpore;638.0;7.001165119436588;91.1276893368489;racines post recolte;residus racinaires;labile;0.0;0.0;0.0;0.0
2019;258;271_001;SSM1-0023;mil;surface;91.42222222222223;1.003232089911603;91.12768933684892;aerien post recolte;residus aeriens;labile;0.0;0.0;0.0;0.0
2019;258;272_001;SSM1-0023;mil;incorpore;638.0;6.959019448653644;91.6795828359746;racines post recolte;residus racinaires;labile;0.0;0.0;0.0;0.0
2019;258;272_001;SSM1-0023;mil;surface;91.42222222222223;0.9971928252093727;91.67958283597461;aerien post recolte;residus aeriens;labile;0.0;0.0;0.0;0.0
2019;258;275_001;SSM1-0023;mil;incorpore;638.0;7.049688306134763;90.50045509739788;racines post recolte;residus racinaires;labile;0.0;0.0;0.0;0.0
2019;258;275_001;SSM1-0023;mil;surface;91.42222222222223;1.010185220879081;90.50045509739789;aerien post recolte;residus aeriens;labile;0.0;0.0;0.0;0.0
2019;258;276_001;SSM1-0023;mil;incorpore;638.0;7.0467969635738905;90.53758797052507;racines post recolte;residus racinaires;labile;0.0;0.0;0.0;0.0
2019;258;276_001;SSM1-0023;mil;surface;91.42222222222223;1.009770905891431;90.53758797052507;aerien post recolte;residus aeriens;labile;0.0;0.0;0.0;0.0
2019;258;277_001;SSM1-0023;mil;incorpore;638.0;7.035780539757079;90.67934913473408;racines post recolte;residus racinaires;labile;0.0;0.0;0.0;0.0
2019;258;277_001;SSM1-0023;mil;surface;91.42222222222223;1.0081923072295584;90.6793491347341;aerien post recolte;residus aeriens;labile;0.0;0.0;0.0;0.0
2019;258;278_001;SSM1-0023;mil;incorpore;638.0;7.0467969635738905;90.53758797052507;racines post recolte;residus racinaires;labile;0.0;0.0;0.0;0.0
2019;258;278_001;SSM1-0023;mil;surface;91.42222222222223;1.009770905891431;90.53758797052507;aerien post recolte;residus aeriens;labile;0.0;0.0;0.0;0.0
2019;258;279_001;SSM1-0023;mil;incorpore;638.0;7.035780539757079;90.67934913473408;racines post recolte;residus racinaires;labile;0.0;0.0;0.0;0.0
2019;258;279_001;SSM1-0023;mil;surface;91.42222222222223;1.0081923072295584;90.6793491347341;aerien post recolte;residus aeriens;labile;0.0;0.0;0.0;0.0
2019;258;280_001;SSM1-0023;mil;incorpore;638.0;7.0467969635738905;90.53758797052507;racines post recolte;residus racinaires;labile;0.0;0.0;0.0;0.0
2019;258;280_001;SSM1-0023;mil;surface;91.42222222222223;1.009770905891431;90.53758797052507;aerien post recolte;residus aeriens;labile;0.0;0.0;0.0;0.0
2019;258;281_001;SSM1-0023;mil;incorpore;638.0;7.035780539757079;90.67934913473408;racines post recolte;residus racinaires;labile;0.0;0.0;0.0;0.0
2019;258;281_001;SSM1-0023;mil;surface;91.42222222222223;1.0081923072295584;90.6793491347341;aerien post recolte;residus aeriens;labile;0.0;0.0;0.0;0.0
2019;258;282_001;SSM1-0023;mil;incorpore;638.0;6.862191857658906;92.97320932347978;racines post recolte;residus racinaires;labile;0.0;0.0;0.0;0.0
2019;258;282_001;SSM1-0023;mil;surface;91.42222222222223;0.983317913702847;92.9732093234798;aerien post recolte;residus aeriens;labile;0.0;0.0;0.0;0.0
2019;258;283_001;SSM1-0023;mil;incorpore;638.0;6.87308671196636;92.82583309900814;racines post recolte;residus racinaires;labile;0.0;0.0;0.0;0.0
2019;258;283_001;SSM1-0023;mil;surface;91.42222222222223;0.9848790920595475;92.82583309900814;aerien post recolte;residus aeriens;labile;0.0;0.0;0.0;0.0
2019;258;284_001;SSM1-0021;mil;incorpore;638.0;7.001165119436588;91.1276893368489;racines post recolte;residus racinaires;labile;0.0;0.0;0.0;0.0
2019;258;284_001;SSM1-0021;mil;surface;91.42222222222223;1.003232089911603;91.12768933684892;aerien post recolte;residus aeriens;labile;0.0;0.0;0.0;0.0
2019;258;285_001;SSM1-0021;mil;incorpore;638.0;6.959019448653644;91.6795828359746;racines post recolte;residus racinaires;labile;0.0;0.0;0.0;0.0
2019;258;285_001;SSM1-0021;mil;surface;91.42222222222223;0.9971928252093727;91.67958283597461;aerien post recolte;residus aeriens;labile;0.0;0.0;0.0;0.0
2019;258;286_001;SSM1-0021;mil;incorpore;638.0;7.035780539757079;90.67934913473408;racines post recolte;residus racinaires;labile;0.0;0.0;0.0;0.0
2019;258;286_001;SSM1-0021;mil;surface;91.42222222222223;1.0081923072295584;90.6793491347341;aerien post recolte;residus aeriens;labile;0.0;0.0;0.0;0.0
2019;258;287_001;SSM1-0021;mil;incorpore;638.0;7.0467969635738905;90.53758797052507;racines post recolte;residus racinaires;labile;0.0;0.0;0.0;0.0
2019;258;287_001;SSM1-0021;mil;surface;91.42222222222223;1.009770905891431;90.53758797052507;aerien post recolte;residus aeriens;labile;0.0;0.0;0.0;0.0
2019;258;288_001;SSM1-0021;mil;incorpore;638.0;7.035780539757079;90.67934913473408;racines post recolte;residus racinaires;labile;0.0;0.0;0.0;0.0
2019;258;288_001;SSM1-0021;mil;surface;91.42222222222223;1.0081923072295584;90.6793491347341;aerien post recolte;residus aeriens;labile;0.0;0.0;0.0;0.0
2019;258;289_001;SSM1-0021;mil;incorpore;638.0;7.0467969635738905;90.53758797052507;racines post recolte;residus racinaires;labile;0.0;0.0;0.0;0.0
2019;258;289_001;SSM1-0021;mil;surface;91.42222222222223;1.009770905891431;90.53758797052507;aerien post recolte;residus aeriens;labile;0.0;0.0;0.0;0.0
2019;258;290_001;SSM1-0021;mil;incorpore;638.0;7.035780539757079;90.67934913473408;racines post recolte;residus racinaires;labile;0.0;0.0;0.0;0.0
2019;258;290_001;SSM1-0021;mil;surface;91.42222222222223;1.0081923072295584;90.6793491347341;aerien post recolte;residus aeriens;labile;0.0;0.0;0.0;0.0
2019;258;291_001;SSM1-0021;mil;incorpore;638.0;7.082390307099658;90.08258120996868;racines post recolte;residus racinaires;labile;0.0;0.0;0.0;0.0
2019;258;291_001;SSM1-0021;mil;surface;91.42222222222223;1.0148712547338208;90.0825812099687;aerien post recolte;residus aeriens;labile;0.0;0.0;0.0;0.0
2019;258;292_001;SSM1-0021;mil;incorpore;638.0;7.049688306134763;90.50045509739788;racines post recolte;residus racinaires;labile;0.0;0.0;0.0;0.0
2019;258;292_001;SSM1-0021;mil;surface;91.42222222222223;1.010185220879081;90.50045509739789;aerien post recolte;residus aeriens;labile;0.0;0.0;0.0;0.0
2019;258;293_001;SSM1-0021;mil;incorpore;638.0;7.082390307099658;90.08258120996868;racines post recolte;residus racinaires;labile;0.0;0.0;0.0;0.0
2019;258;293_001;SSM1-0021;mil;surface;91.42222222222223;1.0148712547338208;90.0825812099687;aerien post recolte;residus aeriens;labile;0.0;0.0;0.0;0.0
2019;258;294_001;SSM1-0021;mil;incorpore;638.0;7.049688306134763;90.50045509739788;racines post recolte;residus racinaires;labile;0.0;0.0;0.0;0.0
2019;258;294_001;SSM1-0021;mil;surface;91.42222222222223;1.010185220879081;90.50045509739789;aerien post recolte;residus aeriens;labile;0.0;0.0;0.0;0.0
2019;258;295_001;SSM1-0021;mil;incorpore;638.0;7.049688306134763;90.50045509739788;racines post recolte;residus racinaires;labile;0.0;0.0;0.0;0.0
2019;258;295_001;SSM1-0021;mil;surface;91.42222222222223;1.010185220879081;90.50045509739789;aerien post recolte;residus aeriens;labile;0.0;0.0;0.0;0.0
2019;258;296_001;SSM1-0018;mil;incorpore;638.0;7.049688306134763;90.50045509739788;racines post recolte;residus racinaires;labile;0.0;0.0;0.0;0.0
2019;258;296_001;SSM1-0018;mil;surface;91.42222222222223;1.010185220879081;90.50045509739789;aerien post recolte;residus aeriens;labile;0.0;0.0;0.0;0.0
2019;258;297_001;SSM1-0018;mil;incorpore;638.0;7.082390307099658;90.08258120996868;racines post recolte;residus racinaires;labile;0.0;0.0;0.0;0.0
2019;258;297_001;SSM1-0018;mil;surface;91.42222222222223;1.0148712547338208;90.0825812099687;aerien post recolte;residus aeriens;labile;0.0;0.0;0.0;0.0
2019;258;298_001;SSM1-0018;mil;incorpore;638.0;7.049688306134763;90.50045509739788;racines post recolte;residus racinaires;labile;0.0;0.0;0.0;0.0
2019;258;298_001;SSM1-0018;mil;surface;91.42222222222223;1.010185220879081;90.50045509739789;aerien post recolte;residus aeriens;labile;0.0;0.0;0.0;0.0
2019;258;299_001;SSM1-0018;mil;incorpore;638.0;7.0467969635738905;90.53758797052507;racines post recolte;residus racinaires;labile;0.0;0.0;0.0;0.0
2019;258;299_001;SSM1-0018;mil;surface;91.42222222222223;1.009770905891431;90.53758797052507;aerien post recolte;residus aeriens;labile;0.0;0.0;0.0;0.0
2019;258;300_001;SSM1-0018;mil;incorpore;638.0;7.035780539757079;90.67934913473408;racines post recolte;residus racinaires;labile;0.0;0.0;0.0;0.0
2019;258;300_001;SSM1-0018;mil;surface;91.42222222222223;1.0081923072295584;90.6793491347341;aerien post recolte;residus aeriens;labile;0.0;0.0;0.0;0.0
2019;258;301_001;SSM1-0018;mil;incorpore;638.0;7.0467969635738905;90.53758797052507;racines post recolte;residus racinaires;labile;0.0;0.0;0.0;0.0
2019;258;301_001;SSM1-0018;mil;surface;91.42222222222223;1.009770905891431;90.53758797052507;aerien post recolte;residus aeriens;labile;0.0;0.0;0.0;0.0
2019;258;302_001;SSM1-0018;mil;incorpore;638.0;7.035780539757079;90.67934913473408;racines post recolte;residus racinaires;labile;0.0;0.0;0.0;0.0
2019;258;302_001;SSM1-0018;mil;surface;91.42222222222223;1.0081923072295584;90.6793491347341;aerien post recolte;residus aeriens;labile;0.0;0.0;0.0;0.0
2019;258;303_001;SSM1-0018;mil;incorpore;638.0;7.0467969635738905;90.53758797052507;racines post recolte;residus racinaires;labile;0.0;0.0;0.0;0.0
2019;258;303_001;SSM1-0018;mil;surface;91.42222222222223;1.009770905891431;90.53758797052507;aerien post recolte;residus aeriens;labile;0.0;0.0;0.0;0.0
2019;258;304_001;SSM1-0018;mil;incorpore;638.0;7.035780539757079;90.67934913473408;racines post recolte;residus racinaires;labile;0.0;0.0;0.0;0.0
2019;258;304_001;SSM1-0018;mil;surface;91.42222222222223;1.0081923072295584;90.6793491347341;aerien post recolte;residus aeriens;labile;0.0;0.0;0.0;0.0
2019;258;305_001;SSM1-0009;mil;incorpore;638.0;7.001165119436588;91.1276893368489;racines post recolte;residus racinaires;labile;0.0;0.0;0.0;0.0
2019;258;305_001;SSM1-0009;mil;surface;91.42222222222223;1.003232089911603;91.12768933684892;aerien post recolte;residus aeriens;labile;0.0;0.0;0.0;0.0
2019;258;306_001;SSM1-0009;mil;incorpore;638.0;6.959019448653644;91.6795828359746;racines post recolte;residus racinaires;labile;0.0;0.0;0.0;0.0
2019;258;306_001;SSM1-0009;mil;surface;91.42222222222223;0.9971928252093727;91.67958283597461;aerien post recolte;residus aeriens;labile;0.0;0.0;0.0;0.0
2019;258;307_001;SSM1-0009;mil;incorpore;638.0;7.035780539757079;90.67934913473408;racines post recolte;residus racinaires;labile;0.0;0.0;0.0;0.0
2019;258;307_001;SSM1-0009;mil;surface;91.42222222222223;1.0081923072295584;90.6793491347341;aerien post recolte;residus aeriens;labile;0.0;0.0;0.0;0.0
2019;258;308_001;SSM1-0009;mil;incorpore;638.0;7.0467969635738905;90.53758797052507;racines post recolte;residus racinaires;labile;0.0;0.0;0.0;0.0
2019;258;308_001;SSM1-0009;mil;surface;91.42222222222223;1.009770905891431;90.53758797052507;aerien post recolte;residus aeriens;labile;0.0;0.0;0.0;0.0
2019;258;309_001;SSM1-0009;mil;incorpore;638.0;7.035780539757079;90.67934913473408;racines post recolte;residus racinaires;labile;0.0;0.0;0.0;0.0
2019;258;309_001;SSM1-0009;mil;surface;91.42222222222223;1.0081923072295584;90.6793491347341;aerien post recolte;residus aeriens;labile;0.0;0.0;0.0;0.0
2019;258;310_001;SSM1-0009;mil;incorpore;638.0;7.082390307099658;90.08258120996868;racines post recolte;residus racinaires;labile;0.0;0.0;0.0;0.0
2019;258;310_001;SSM1-0009;mil;surface;91.42222222222223;1.0148712547338208;90.0825812099687;aerien post recolte;residus aeriens;labile;0.0;0.0;0.0;0.0
2019;258;311_001;SSM1-0009;mil;incorpore;638.0;7.049688306134763;90.50045509739788;racines post recolte;residus racinaires;labile;0.0;0.0;0.0;0.0
2019;258;311_001;SSM1-0009;mil;surface;91.42222222222223;1.010185220879081;90.50045509739789;aerien post recolte;residus aeriens;labile;0.0;0.0;0.0;0.0
2019;258;312_001;SSM1-0009;mil;incorpore;638.0;7.082390307099658;90.08258120996868;racines post recolte;residus racinaires;labile;0.0;0.0;0.0;0.0
2019;258;312_001;SSM1-0009;mil;surface;91.42222222222223;1.0148712547338208;90.0825812099687;aerien post recolte;residus aeriens;labile;0.0;0.0;0.0;0.0
2019;258;313_001;SSM1-0009;mil;incorpore;638.0;7.049688306134763;90.50045509739788;racines post recolte;residus racinaires;labile;0.0;0.0;0.0;0.0
2019;258;313_001;SSM1-0009;mil;surface;91.42222222222223;1.010185220879081;90.50045509739789;aerien post recolte;residus aeriens;labile;0.0;0.0;0.0;0.0
2019;258;314_001;SSM1-0009;mil;incorpore;638.0;7.082390307099658;90.08258120996868;racines post recolte;residus racinaires;labile;0.0;0.0;0.0;0.0
2019;258;314_001;SSM1-0009;mil;surface;91.42222222222223;1.0148712547338208;90.0825812099687;aerien post recolte;residus aeriens;labile;0.0;0.0;0.0;0.0
2019;258;315_001;SSM1-0009;mil;incorpore;638.0;7.049688306134763;90.50045509739788;racines post recolte;residus racinaires;labile;0.0;0.0;0.0;0.0
2019;258;315_001;SSM1-0009;mil;surface;91.42222222222223;1.010185220879081;90.50045509739789;aerien post recolte;residus aeriens;labile;0.0;0.0;0.0;0.0
2019;258;316_001;SSM1-0009;mil;incorpore;638.0;7.0467969635738905;90.53758797052507;racines post recolte;residus racinaires;labile;0.0;0.0;0.0;0.0
2019;258;316_001;SSM1-0009;mil;surface;91.42222222222223;1.009770905891431;90.53758797052507;aerien post recolte;residus aeriens;labile;0.0;0.0;0.0;0.0
2019;258;317_001;SSM1-0009;mil;incorpore;638.0;7.035780539757079;90.67934913473408;racines post recolte;residus racinaires;labile;0.0;0.0;0.0;0.0
2019;258;317_001;SSM1-0009;mil;surface;91.42222222222223;1.0081923072295584;90.6793491347341;aerien post recolte;residus aeriens;labile;0.0;0.0;0.0;0.0
2019;258;318_001;SSM1-0009;mil;incorpore;638.0;7.0467969635738905;90.53758797052507;racines post recolte;residus racinaires;labile;0.0;0.0;0.0;0.0
2019;258;318_001;SSM1-0009;mil;surface;91.42222222222223;1.009770905891431;90.53758797052507;aerien post recolte;residus aeriens;labile;0.0;0.0;0.0;0.0
2019;258;319_001;SSM1-0009;mil;incorpore;638.0;7.035780539757079;90.67934913473408;racines post recolte;residus racinaires;labile;0.0;0.0;0.0;0.0
2019;258;319_001;SSM1-0009;mil;surface;91.42222222222223;1.0081923072295584;90.6793491347341;aerien post recolte;residus aeriens;labile;0.0;0.0;0.0;0.0
2019;258;320_001;SSM1-0009;mil;incorpore;638.0;7.0467969635738905;90.53758797052507;racines post recolte;residus racinaires;labile;0.0;0.0;0.0;0.0
2019;258;320_001;SSM1-0009;mil;surface;91.42222222222223;1.009770905891431;90.53758797052507;aerien post recolte;residus aeriens;labile;0.0;0.0;0.0;0.0
2019;258;321_001;SSM1-0009;mil;incorpore;638.0;7.035780539757079;90.67934913473408;racines post recolte;residus racinaires;labile;0.0;0.0;0.0;0.0
2019;258;321_001;SSM1-0009;mil;surface;91.42222222222223;1.0081923072295584;90.6793491347341;aerien post recolte;residus aeriens;labile;0.0;0.0;0.0;0.0
2019;258;322_001;SSM1-0009;mil;incorpore;638.0;7.035780539757079;90.67934913473408;racines post recolte;residus racinaires;labile;0.0;0.0;0.0;0.0
2019;258;322_001;SSM1-0009;mil;surface;91.42222222222223;1.0081923072295584;90.6793491347341;aerien post recolte;residus aeriens;labile;0.0;0.0;0.0;0.0
2019;258;323_001;SSM1-0009;mil;incorpore;638.0;7.0467969635738905;90.53758797052507;racines post recolte;residus racinaires;labile;0.0;0.0;0.0;0.0
2019;258;323_001;SSM1-0009;mil;surface;91.42222222222223;1.009770905891431;90.53758797052507;aerien post recolte;residus aeriens;labile;0.0;0.0;0.0;0.0
2019;258;324_001;SSM1-0009;mil;incorpore;638.0;7.035780539757079;90.67934913473408;racines post recolte;residus racinaires;labile;0.0;0.0;0.0;0.0
2019;258;324_001;SSM1-0009;mil;surface;91.42222222222223;1.0081923072295584;90.6793491347341;aerien post recolte;residus aeriens;labile;0.0;0.0;0.0;0.0
2019;258;325_001;SSM1-0024;mil;incorpore;638.0;6.959019448653644;91.6795828359746;racines post recolte;residus racinaires;labile;0.0;0.0;0.0;0.0
2019;258;325_001;SSM1-0024;mil;surface;91.42222222222223;0.9971928252093727;91.67958283597461;aerien post recolte;residus aeriens;labile;0.0;0.0;0.0;0.0
2019;258;326_001;SSM1-0024;mil;incorpore;638.0;6.959019448653644;91.6795828359746;racines post recolte;residus racinaires;labile;0.0;0.0;0.0;0.0
2019;258;326_001;SSM1-0024;mil;surface;91.42222222222223;0.9971928252093727;91.67958283597461;aerien post recolte;residus aeriens;labile;0.0;0.0;0.0;0.0
2019;258;327_001;SSM1-0024;mil;incorpore;638.0;7.035780539757079;90.67934913473408;racines post recolte;residus racinaires;labile;0.0;0.0;0.0;0.0
2019;258;327_001;SSM1-0024;mil;surface;91.42222222222223;1.0081923072295584;90.6793491347341;aerien post recolte;residus aeriens;labile;0.0;0.0;0.0;0.0
2019;258;328_001;SSM1-0024;mil;incorpore;638.0;7.082390307099658;90.08258120996868;racines post recolte;residus racinaires;labile;0.0;0.0;0.0;0.0
2019;258;328_001;SSM1-0024;mil;surface;91.42222222222223;1.0148712547338208;90.0825812099687;aerien post recolte;residus aeriens;labile;0.0;0.0;0.0;0.0
2019;258;329_001;SSM1-0024;mil;incorpore;638.0;7.049688306134763;90.50045509739788;racines post recolte;residus racinaires;labile;0.0;0.0;0.0;0.0
2019;258;329_001;SSM1-0024;mil;surface;91.42222222222223;1.010185220879081;90.50045509739789;aerien post recolte;residus aeriens;labile;0.0;0.0;0.0;0.0
2019;258;330_001;SSM1-0024;mil;incorpore;638.0;7.049688306134763;90.50045509739788;racines post recolte;residus racinaires;labile;0.0;0.0;0.0;0.0
2019;258;330_001;SSM1-0024;mil;surface;91.42222222222223;1.010185220879081;90.50045509739789;aerien post recolte;residus aeriens;labile;0.0;0.0;0.0;0.0
2019;258;331_001;SSM1-0024;mil;incorpore;638.0;7.0467969635738905;90.53758797052507;racines post recolte;residus racinaires;labile;0.0;0.0;0.0;0.0
2019;258;331_001;SSM1-0024;mil;surface;91.42222222222223;1.009770905891431;90.53758797052507;aerien post recolte;residus aeriens;labile;0.0;0.0;0.0;0.0
2019;258;332_001;SSM1-0024;mil;incorpore;638.0;7.035780539757079;90.67934913473408;racines post recolte;residus racinaires;labile;0.0;0.0;0.0;0.0
2019;258;332_001;SSM1-0024;mil;surface;91.42222222222223;1.0081923072295584;90.6793491347341;aerien post recolte;residus aeriens;labile;0.0;0.0;0.0;0.0
2019;258;333_001;SSM1-0004;mil;incorpore;638.0;7.0467969635738905;90.53758797052507;racines post recolte;residus racinaires;labile;0.0;0.0;0.0;0.0
2019;258;333_001;SSM1-0004;mil;surface;91.42222222222223;1.009770905891431;90.53758797052507;aerien post recolte;residus aeriens;labile;0.0;0.0;0.0;0.0
2019;258;334_001;SSM1-0004;mil;incorpore;638.0;7.035780539757079;90.67934913473408;racines post recolte;residus racinaires;labile;0.0;0.0;0.0;0.0
2019;258;334_001;SSM1-0004;mil;surface;91.42222222222223;1.0081923072295584;90.6793491347341;aerien post recolte;residus aeriens;labile;0.0;0.0;0.0;0.0
2019;258;335_001;SSM1-0025;mil;incorpore;638.0;7.0467969635738905;90.53758797052507;racines post recolte;residus racinaires;labile;0.0;0.0;0.0;0.0
2019;258;335_001;SSM1-0025;mil;surface;91.42222222222223;1.009770905891431;90.53758797052507;aerien post recolte;residus aeriens;labile;0.0;0.0;0.0;0.0
2019;258;336_001;SSM1-0025;mil;incorpore;638.0;7.035780539757079;90.67934913473408;racines post recolte;residus racinaires;labile;0.0;0.0;0.0;0.0
2019;258;336_001;SSM1-0025;mil;surface;91.42222222222223;1.0081923072295584;90.6793491347341;aerien post recolte;residus aeriens;labile;0.0;0.0;0.0;0.0
2019;258;337_001;SSM1-0025;mil;incorpore;638.0;7.0467969635738905;90.53758797052507;racines post recolte;residus racinaires;labile;0.0;0.0;0.0;0.0
2019;258;337_001;SSM1-0025;mil;surface;91.42222222222223;1.009770905891431;90.53758797052507;aerien post recolte;residus aeriens;labile;0.0;0.0;0.0;0.0
2019;258;338_001;SSM1-0025;mil;incorpore;638.0;7.035780539757079;90.67934913473408;racines post recolte;residus racinaires;labile;0.0;0.0;0.0;0.0
2019;258;338_001;SSM1-0025;mil;surface;91.42222222222223;1.0081923072295584;90.6793491347341;aerien post recolte;residus aeriens;labile;0.0;0.0;0.0;0.0
2019;258;339_001;SSM1-0025;mil;incorpore;638.0;7.0467969635738905;90.53758797052507;racines post recolte;residus racinaires;labile;0.0;0.0;0.0;0.0
2019;258;339_001;SSM1-0025;mil;surface;91.42222222222223;1.009770905891431;90.53758797052507;aerien post recolte;residus aeriens;labile;0.0;0.0;0.0;0.0
2019;258;340_001;SSM1-0025;mil;incorpore;638.0;7.035780539757079;90.67934913473408;racines post recolte;residus racinaires;labile;0.0;0.0;0.0;0.0
2019;258;340_001;SSM1-0025;mil;surface;91.42222222222223;1.0081923072295584;90.6793491347341;aerien post recolte;residus aeriens;labile;0.0;0.0;0.0;0.0
2019;258;341_001;SSM1-0025;mil;incorpore;638.0;6.862191857658906;92.97320932347978;racines post recolte;residus racinaires;labile;0.0;0.0;0.0;0.0
2019;258;341_001;SSM1-0025;mil;surface;91.42222222222223;0.983317913702847;92.9732093234798;aerien post recolte;residus aeriens;labile;0.0;0.0;0.0;0.0
2019;258;342_001;SSM1-0025;mil;incorpore;638.0;6.87308671196636;92.82583309900814;racines post recolte;residus racinaires;labile;0.0;0.0;0.0;0.0
2019;258;342_001;SSM1-0025;mil;surface;91.42222222222223;0.9848790920595475;92.82583309900814;aerien post recolte;residus aeriens;labile;0.0;0.0;0.0;0.0
2019;258;343_001;SSM1-0025;mil;incorpore;638.0;7.049688306134763;90.50045509739788;racines post recolte;residus racinaires;labile;0.0;0.0;0.0;0.0
2019;258;343_001;SSM1-0025;mil;surface;91.42222222222223;1.010185220879081;90.50045509739789;aerien post recolte;residus aeriens;labile;0.0;0.0;0.0;0.0
2019;258;344_001;SSM1-0025;mil;incorpore;638.0;7.082390307099658;90.08258120996868;racines post recolte;residus racinaires;labile;0.0;0.0;0.0;0.0
2019;258;344_001;SSM1-0025;mil;surface;91.42222222222223;1.0148712547338208;90.0825812099687;aerien post recolte;residus aeriens;labile;0.0;0.0;0.0;0.0
2019;258;345_001;SSM1-0025;mil;incorpore;638.0;7.049688306134763;90.50045509739788;racines post recolte;residus racinaires;labile;0.0;0.0;0.0;0.0
2019;258;345_001;SSM1-0025;mil;surface;91.42222222222223;1.010185220879081;90.50045509739789;aerien post recolte;residus aeriens;labile;0.0;0.0;0.0;0.0
2019;258;346_001;SSM1-0004;mil;incorpore;638.0;7.001165119436588;91.1276893368489;racines post recolte;residus racinaires;labile;0.0;0.0;0.0;0.0
2019;258;346_001;SSM1-0004;mil;surface;91.42222222222223;1.003232089911603;91.12768933684892;aerien post recolte;residus aeriens;labile;0.0;0.0;0.0;0.0
2019;258;347_001;SSM1-0004;mil;incorpore;638.0;6.959019448653644;91.6795828359746;racines post recolte;residus racinaires;labile;0.0;0.0;0.0;0.0
2019;258;347_001;SSM1-0004;mil;surface;91.42222222222223;0.9971928252093727;91.67958283597461;aerien post recolte;residus aeriens;labile;0.0;0.0;0.0;0.0
2019;258;352_001;SSM1-0026;mil;incorpore;638.0;7.049688306134763;90.50045509739788;racines post recolte;residus racinaires;labile;0.0;0.0;0.0;0.0
2019;258;352_001;SSM1-0026;mil;surface;91.42222222222223;1.010185220879081;90.50045509739789;aerien post recolte;residus aeriens;labile;0.0;0.0;0.0;0.0
2019;258;353_001;SSM1-0004;mil;incorpore;638.0;7.0467969635738905;90.53758797052507;racines post recolte;residus racinaires;labile;0.0;0.0;0.0;0.0
2019;258;353_001;SSM1-0004;mil;surface;91.42222222222223;1.009770905891431;90.53758797052507;aerien post recolte;residus aeriens;labile;0.0;0.0;0.0;0.0
2019;258;354_001;SSM1-0004;mil;incorpore;638.0;7.035780539757079;90.67934913473408;racines post recolte;residus racinaires;labile;0.0;0.0;0.0;0.0
2019;258;354_001;SSM1-0004;mil;surface;91.42222222222223;1.0081923072295584;90.6793491347341;aerien post recolte;residus aeriens;labile;0.0;0.0;0.0;0.0
2019;258;355_001;SSM1-0004;mil;incorpore;638.0;7.082390307099658;90.08258120996868;racines post recolte;residus racinaires;labile;0.0;0.0;0.0;0.0
2019;258;355_001;SSM1-0004;mil;surface;91.42222222222223;1.0148712547338208;90.0825812099687;aerien post recolte;residus aeriens;labile;0.0;0.0;0.0;0.0
2019;258;356_001;SSM1-0004;mil;incorpore;638.0;7.049688306134763;90.50045509739788;racines post recolte;residus racinaires;labile;0.0;0.0;0.0;0.0
2019;258;356_001;SSM1-0004;mil;surface;91.42222222222223;1.010185220879081;90.50045509739789;aerien post recolte;residus aeriens;labile;0.0;0.0;0.0;0.0
2019;258;357_001;SSM1-0008;mil;incorpore;638.0;7.035780539757079;90.67934913473408;racines post recolte;residus racinaires;labile;0.0;0.0;0.0;0.0
2019;258;357_001;SSM1-0008;mil;surface;91.42222222222223;1.0081923072295584;90.6793491347341;aerien post recolte;residus aeriens;labile;0.0;0.0;0.0;0.0
2019;258;358_001;SSM1-0008;mil;incorpore;638.0;7.0467969635738905;90.53758797052507;racines post recolte;residus racinaires;labile;0.0;0.0;0.0;0.0
2019;258;358_001;SSM1-0008;mil;surface;91.42222222222223;1.009770905891431;90.53758797052507;aerien post recolte;residus aeriens;labile;0.0;0.0;0.0;0.0
2019;258;359_001;SSM1-0008;mil;incorpore;638.0;7.035780539757079;90.67934913473408;racines post recolte;residus racinaires;labile;0.0;0.0;0.0;0.0
2019;258;359_001;SSM1-0008;mil;surface;91.42222222222223;1.0081923072295584;90.6793491347341;aerien post recolte;residus aeriens;labile;0.0;0.0;0.0;0.0
2019;258;360_001;SSM1-0008;mil;incorpore;638.0;7.082390307099658;90.08258120996868;racines post recolte;residus racinaires;labile;0.0;0.0;0.0;0.0
2019;258;360_001;SSM1-0008;mil;surface;91.42222222222223;1.0148712547338208;90.0825812099687;aerien post recolte;residus aeriens;labile;0.0;0.0;0.0;0.0
2019;258;361_001;SSM1-0008;mil;incorpore;638.0;7.049688306134763;90.50045509739788;racines post recolte;residus racinaires;labile;0.0;0.0;0.0;0.0
2019;258;361_001;SSM1-0008;mil;surface;91.42222222222223;1.010185220879081;90.50045509739789;aerien post recolte;residus aeriens;labile;0.0;0.0;0.0;0.0
2019;258;362_001;SSM1-0008;mil;incorpore;638.0;7.0467969635738905;90.53758797052507;racines post recolte;residus racinaires;labile;0.0;0.0;0.0;0.0
2019;258;362_001;SSM1-0008;mil;surface;91.42222222222223;1.009770905891431;90.53758797052507;aerien post recolte;residus aeriens;labile;0.0;0.0;0.0;0.0
2019;258;363_001;SSM1-0008;mil;incorpore;638.0;7.035780539757079;90.67934913473408;racines post recolte;residus racinaires;labile;0.0;0.0;0.0;0.0
2019;258;363_001;SSM1-0008;mil;surface;91.42222222222223;1.0081923072295584;90.6793491347341;aerien post recolte;residus aeriens;labile;0.0;0.0;0.0;0.0
2019;258;364_001;SSM1-0008;mil;incorpore;638.0;7.082390307099658;90.08258120996868;racines post recolte;residus racinaires;labile;0.0;0.0;0.0;0.0
2019;258;364_001;SSM1-0008;mil;surface;91.42222222222223;1.0148712547338208;90.0825812099687;aerien post recolte;residus aeriens;labile;0.0;0.0;0.0;0.0
2019;258;365_001;SSM1-0008;mil;incorpore;638.0;7.049688306134763;90.50045509739788;racines post recolte;residus racinaires;labile;0.0;0.0;0.0;0.0
2019;258;365_001;SSM1-0008;mil;surface;91.42222222222223;1.010185220879081;90.50045509739789;aerien post recolte;residus aeriens;labile;0.0;0.0;0.0;0.0
2019;258;366_001;SSM1-0008;mil;incorpore;638.0;7.0467969635738905;90.53758797052507;racines post recolte;residus racinaires;labile;0.0;0.0;0.0;0.0
2019;258;366_001;SSM1-0008;mil;surface;91.42222222222223;1.009770905891431;90.53758797052507;aerien post recolte;residus aeriens;labile;0.0;0.0;0.0;0.0
2019;258;367_001;SSM1-0008;mil;incorpore;638.0;7.035780539757079;90.67934913473408;racines post recolte;residus racinaires;labile;0.0;0.0;0.0;0.0
2019;258;367_001;SSM1-0008;mil;surface;91.42222222222223;1.0081923072295584;90.6793491347341;aerien post recolte;residus aeriens;labile;0.0;0.0;0.0;0.0
2019;258;368_001;SSM1-0025;mil;incorpore;638.0;7.0467969635738905;90.53758797052507;racines post recolte;residus racinaires;labile;0.0;0.0;0.0;0.0
2019;258;368_001;SSM1-0025;mil;surface;91.42222222222223;1.009770905891431;90.53758797052507;aerien post recolte;residus aeriens;labile;0.0;0.0;0.0;0.0
2019;258;369_001;SSM1-0025;mil;incorpore;638.0;7.035780539757079;90.67934913473408;racines post recolte;residus racinaires;labile;0.0;0.0;0.0;0.0
2019;258;369_001;SSM1-0025;mil;surface;91.42222222222223;1.0081923072295584;90.6793491347341;aerien post recolte;residus aeriens;labile;0.0;0.0;0.0;0.0
2019;258;370_001;SSM1-0014;mil;incorpore;638.0;7.001165119436588;91.1276893368489;racines post recolte;residus racinaires;labile;0.0;0.0;0.0;0.0
2019;258;370_001;SSM1-0014;mil;surface;91.42222222222223;1.003232089911603;91.12768933684892;aerien post recolte;residus aeriens;labile;0.0;0.0;0.0;0.0
2019;258;371_001;SSM1-0014;mil;incorpore;638.0;6.959019448653644;91.6795828359746;racines post recolte;residus racinaires;labile;0.0;0.0;0.0;0.0
2019;258;371_001;SSM1-0014;mil;surface;91.42222222222223;0.9971928252093727;91.67958283597461;aerien post recolte;residus aeriens;labile;0.0;0.0;0.0;0.0
2019;258;372_001;SSM1-0014;mil;incorpore;638.0;7.082390307099658;90.08258120996868;racines post recolte;residus racinaires;labile;0.0;0.0;0.0;0.0
2019;258;372_001;SSM1-0014;mil;surface;91.42222222222223;1.0148712547338208;90.0825812099687;aerien post recolte;residus aeriens;labile;0.0;0.0;0.0;0.0
2019;258;373_001;SSM1-0014;mil;incorpore;638.0;7.049688306134763;90.50045509739788;racines post recolte;residus racinaires;labile;0.0;0.0;0.0;0.0
2019;258;373_001;SSM1-0014;mil;surface;91.42222222222223;1.010185220879081;90.50045509739789;aerien post recolte;residus aeriens;labile;0.0;0.0;0.0;0.0
2019;258;374_001;SSM1-0014;mil;incorpore;638.0;6.862191857658906;92.97320932347978;racines post recolte;residus racinaires;labile;0.0;0.0;0.0;0.0
2019;258;374_001;SSM1-0014;mil;surface;91.42222222222223;0.983317913702847;92.9732093234798;aerien post recolte;residus aeriens;labile;0.0;0.0;0.0;0.0
2019;258;375_001;SSM1-0014;mil;incorpore;638.0;6.87308671196636;92.82583309900814;racines post recolte;residus racinaires;labile;0.0;0.0;0.0;0.0
2019;258;375_001;SSM1-0014;mil;surface;91.42222222222223;0.9848790920595475;92.82583309900814;aerien post recolte;residus aeriens;labile;0.0;0.0;0.0;0.0
2019;258;376_001;SSM1-0014;mil;incorpore;638.0;7.049688306134763;90.50045509739788;racines post recolte;residus racinaires;labile;0.0;0.0;0.0;0.0
2019;258;376_001;SSM1-0014;mil;surface;91.42222222222223;1.010185220879081;90.50045509739789;aerien post recolte;residus aeriens;labile;0.0;0.0;0.0;0.0
2019;258;377_001;SSM1-0014;mil;incorpore;638.0;7.035780539757079;90.67934913473408;racines post recolte;residus racinaires;labile;0.0;0.0;0.0;0.0
2019;258;377_001;SSM1-0014;mil;surface;91.42222222222223;1.0081923072295584;90.6793491347341;aerien post recolte;residus aeriens;labile;0.0;0.0;0.0;0.0
2019;258;378_001;SSM1-0014;mil;incorpore;638.0;7.0467969635738905;90.53758797052507;racines post recolte;residus racinaires;labile;0.0;0.0;0.0;0.0
2019;258;378_001;SSM1-0014;mil;surface;91.42222222222223;1.009770905891431;90.53758797052507;aerien post recolte;residus aeriens;labile;0.0;0.0;0.0;0.0
2019;258;379_001;SSM1-0014;mil;incorpore;638.0;7.035780539757079;90.67934913473408;racines post recolte;residus racinaires;labile;0.0;0.0;0.0;0.0
2019;258;379_001;SSM1-0014;mil;surface;91.42222222222223;1.0081923072295584;90.6793491347341;aerien post recolte;residus aeriens;labile;0.0;0.0;0.0;0.0
2019;258;380_001;SSM1-0014;mil;incorpore;638.0;7.082390307099658;90.08258120996868;racines post recolte;residus racinaires;labile;0.0;0.0;0.0;0.0
2019;258;380_001;SSM1-0014;mil;surface;91.42222222222223;1.0148712547338208;90.0825812099687;aerien post recolte;residus aeriens;labile;0.0;0.0;0.0;0.0
2019;258;381_001;SSM1-0014;mil;incorpore;638.0;7.049688306134763;90.50045509739788;racines post recolte;residus racinaires;labile;0.0;0.0;0.0;0.0
2019;258;381_001;SSM1-0014;mil;surface;91.42222222222223;1.010185220879081;90.50045509739789;aerien post recolte;residus aeriens;labile;0.0;0.0;0.0;0.0
2019;258;382_001;SSM1-0014;mil;incorpore;638.0;7.0467969635738905;90.53758797052507;racines post recolte;residus racinaires;labile;0.0;0.0;0.0;0.0
2019;258;382_001;SSM1-0014;mil;surface;91.42222222222223;1.009770905891431;90.53758797052507;aerien post recolte;residus aeriens;labile;0.0;0.0;0.0;0.0
2019;258;383_001;SSM1-0014;mil;incorpore;638.0;7.035780539757079;90.67934913473408;racines post recolte;residus racinaires;labile;0.0;0.0;0.0;0.0
2019;258;383_001;SSM1-0014;mil;surface;91.42222222222223;1.0081923072295584;90.6793491347341;aerien post recolte;residus aeriens;labile;0.0;0.0;0.0;0.0
2019;258;384_001;SSM1-0014;mil;incorpore;638.0;7.0467969635738905;90.53758797052507;racines post recolte;residus racinaires;labile;0.0;0.0;0.0;0.0
2019;258;384_001;SSM1-0014;mil;surface;91.42222222222223;1.009770905891431;90.53758797052507;aerien post recolte;residus aeriens;labile;0.0;0.0;0.0;0.0
2019;258;385_001;SSM1-0014;mil;incorpore;638.0;7.035780539757079;90.67934913473408;racines post recolte;residus racinaires;labile;0.0;0.0;0.0;0.0
2019;258;385_001;SSM1-0014;mil;surface;91.42222222222223;1.0081923072295584;90.6793491347341;aerien post recolte;residus aeriens;labile;0.0;0.0;0.0;0.0
2019;258;386_001;SSM1-0014;mil;incorpore;638.0;7.0467969635738905;90.53758797052507;racines post recolte;residus racinaires;labile;0.0;0.0;0.0;0.0
2019;258;386_001;SSM1-0014;mil;surface;91.42222222222223;1.009770905891431;90.53758797052507;aerien post recolte;residus aeriens;labile;0.0;0.0;0.0;0.0
2019;258;387_001;SSM1-0014;mil;incorpore;638.0;7.035780539757079;90.67934913473408;racines post recolte;residus racinaires;labile;0.0;0.0;0.0;0.0
2019;258;387_001;SSM1-0014;mil;surface;91.42222222222223;1.0081923072295584;90.6793491347341;aerien post recolte;residus aeriens;labile;0.0;0.0;0.0;0.0
2019;258;388_001;SSM1-0014;mil;incorpore;638.0;7.035780539757079;90.67934913473408;racines post recolte;residus racinaires;labile;0.0;0.0;0.0;0.0
2019;258;388_001;SSM1-0014;mil;surface;91.42222222222223;1.0081923072295584;90.6793491347341;aerien post recolte;residus aeriens;labile;0.0;0.0;0.0;0.0
2019;258;389_001;SSM1-0017;mil;incorpore;638.0;7.0467969635738905;90.53758797052507;racines post recolte;residus racinaires;labile;0.0;0.0;0.0;0.0
2019;258;389_001;SSM1-0017;mil;surface;91.42222222222223;1.009770905891431;90.53758797052507;aerien post recolte;residus aeriens;labile;0.0;0.0;0.0;0.0
2019;258;390_001;SSM1-0017;mil;incorpore;638.0;7.035780539757079;90.67934913473408;racines post recolte;residus racinaires;labile;0.0;0.0;0.0;0.0
2019;258;390_001;SSM1-0017;mil;surface;91.42222222222223;1.0081923072295584;90.6793491347341;aerien post recolte;residus aeriens;labile;0.0;0.0;0.0;0.0
2019;258;391_001;SSM1-0010;mil;incorpore;638.0;6.87308671196636;92.82583309900814;racines post recolte;residus racinaires;labile;0.0;0.0;0.0;0.0
2019;258;391_001;SSM1-0010;mil;surface;91.42222222222223;0.9848790920595475;92.82583309900814;aerien post recolte;residus aeriens;labile;0.0;0.0;0.0;0.0
2019;258;392_001;SSM1-0007;mil;incorpore;638.0;7.001165119436588;91.1276893368489;racines post recolte;residus racinaires;labile;0.0;0.0;0.0;0.0
2019;258;392_001;SSM1-0007;mil;surface;91.42222222222223;1.003232089911603;91.12768933684892;aerien post recolte;residus aeriens;labile;0.0;0.0;0.0;0.0
2019;258;393_001;SSM1-0007;mil;incorpore;638.0;6.959019448653644;91.6795828359746;racines post recolte;residus racinaires;labile;0.0;0.0;0.0;0.0
2019;258;393_001;SSM1-0007;mil;surface;91.42222222222223;0.9971928252093727;91.67958283597461;aerien post recolte;residus aeriens;labile;0.0;0.0;0.0;0.0
2019;258;394_001;SSM1-0007;mil;incorpore;638.0;7.035780539757079;90.67934913473408;racines post recolte;residus racinaires;labile;0.0;0.0;0.0;0.0
2019;258;394_001;SSM1-0007;mil;surface;91.42222222222223;1.0081923072295584;90.6793491347341;aerien post recolte;residus aeriens;labile;0.0;0.0;0.0;0.0
2019;258;395_001;SSM1-0007;mil;incorpore;638.0;7.082390307099658;90.08258120996868;racines post recolte;residus racinaires;labile;0.0;0.0;0.0;0.0
2019;258;395_001;SSM1-0007;mil;surface;91.42222222222223;1.0148712547338208;90.0825812099687;aerien post recolte;residus aeriens;labile;0.0;0.0;0.0;0.0
2019;258;396_001;SSM1-0007;mil;incorpore;638.0;7.049688306134763;90.50045509739788;racines post recolte;residus racinaires;labile;0.0;0.0;0.0;0.0
2019;258;396_001;SSM1-0007;mil;surface;91.42222222222223;1.010185220879081;90.50045509739789;aerien post recolte;residus aeriens;labile;0.0;0.0;0.0;0.0
2019;258;397_001;SSM1-0007;mil;incorpore;638.0;7.035780539757079;90.67934913473408;racines post recolte;residus racinaires;labile;0.0;0.0;0.0;0.0
2019;258;397_001;SSM1-0007;mil;surface;91.42222222222223;1.0081923072295584;90.6793491347341;aerien post recolte;residus aeriens;labile;0.0;0.0;0.0;0.0
2019;258;398_001;SSM1-0007;mil;incorpore;638.0;7.082390307099658;90.08258120996868;racines post recolte;residus racinaires;labile;0.0;0.0;0.0;0.0
2019;258;398_001;SSM1-0007;mil;surface;91.42222222222223;1.0148712547338208;90.0825812099687;aerien post recolte;residus aeriens;labile;0.0;0.0;0.0;0.0
2019;258;399_001;SSM1-0007;mil;incorpore;638.0;7.049688306134763;90.50045509739788;racines post recolte;residus racinaires;labile;0.0;0.0;0.0;0.0
2019;258;399_001;SSM1-0007;mil;surface;91.42222222222223;1.010185220879081;90.50045509739789;aerien post recolte;residus aeriens;labile;0.0;0.0;0.0;0.0
2019;258;400_001;SSM1-0007;mil;incorpore;638.0;7.0467969635738905;90.53758797052507;racines post recolte;residus racinaires;labile;0.0;0.0;0.0;0.0
2019;258;400_001;SSM1-0007;mil;surface;91.42222222222223;1.009770905891431;90.53758797052507;aerien post recolte;residus aeriens;labile;0.0;0.0;0.0;0.0
2019;258;401_001;SSM1-0007;mil;incorpore;638.0;7.035780539757079;90.67934913473408;racines post recolte;residus racinaires;labile;0.0;0.0;0.0;0.0
2019;258;401_001;SSM1-0007;mil;surface;91.42222222222223;1.0081923072295584;90.6793491347341;aerien post recolte;residus aeriens;labile;0.0;0.0;0.0;0.0
2019;258;402_001;SSM1-0007;mil;incorpore;638.0;7.0467969635738905;90.53758797052507;racines post recolte;residus racinaires;labile;0.0;0.0;0.0;0.0
2019;258;402_001;SSM1-0007;mil;surface;91.42222222222223;1.009770905891431;90.53758797052507;aerien post recolte;residus aeriens;labile;0.0;0.0;0.0;0.0
2019;258;403_001;SSM1-0007;mil;incorpore;638.0;7.035780539757079;90.67934913473408;racines post recolte;residus racinaires;labile;0.0;0.0;0.0;0.0
2019;258;403_001;SSM1-0007;mil;surface;91.42222222222223;1.0081923072295584;90.6793491347341;aerien post recolte;residus aeriens;labile;0.0;0.0;0.0;0.0
2019;258;404_001;SSM1-0022;mil;incorpore;638.0;7.001165119436588;91.1276893368489;racines post recolte;residus racinaires;labile;0.0;0.0;0.0;0.0
2019;258;404_001;SSM1-0022;mil;surface;91.42222222222223;1.003232089911603;91.12768933684892;aerien post recolte;residus aeriens;labile;0.0;0.0;0.0;0.0
2019;258;405_001;SSM1-0022;mil;incorpore;638.0;6.959019448653644;91.6795828359746;racines post recolte;residus racinaires;labile;0.0;0.0;0.0;0.0
2019;258;405_001;SSM1-0022;mil;surface;91.42222222222223;0.9971928252093727;91.67958283597461;aerien post recolte;residus aeriens;labile;0.0;0.0;0.0;0.0
2019;258;406_001;SSM1-0022;mil;incorpore;638.0;7.001165119436588;91.1276893368489;racines post recolte;residus racinaires;labile;0.0;0.0;0.0;0.0
2019;258;406_001;SSM1-0022;mil;surface;91.42222222222223;1.003232089911603;91.12768933684892;aerien post recolte;residus aeriens;labile;0.0;0.0;0.0;0.0
2019;258;407_001;SSM1-0022;mil;incorpore;638.0;6.959019448653644;91.6795828359746;racines post recolte;residus racinaires;labile;0.0;0.0;0.0;0.0
2019;258;407_001;SSM1-0022;mil;surface;91.42222222222223;0.9971928252093727;91.67958283597461;aerien post recolte;residus aeriens;labile;0.0;0.0;0.0;0.0
2019;258;408_001;SSM1-0022;mil;incorpore;638.0;7.035780539757079;90.67934913473408;racines post recolte;residus racinaires;labile;0.0;0.0;0.0;0.0
2019;258;408_001;SSM1-0022;mil;surface;91.42222222222223;1.0081923072295584;90.6793491347341;aerien post recolte;residus aeriens;labile;0.0;0.0;0.0;0.0
2019;258;409_001;SSM1-0022;mil;incorpore;638.0;7.0467969635738905;90.53758797052507;racines post recolte;residus racinaires;labile;0.0;0.0;0.0;0.0
2019;258;409_001;SSM1-0022;mil;surface;91.42222222222223;1.009770905891431;90.53758797052507;aerien post recolte;residus aeriens;labile;0.0;0.0;0.0;0.0
2019;258;410_001;SSM1-0022;mil;incorpore;638.0;7.035780539757079;90.67934913473408;racines post recolte;residus racinaires;labile;0.0;0.0;0.0;0.0
2019;258;410_001;SSM1-0022;mil;surface;91.42222222222223;1.0081923072295584;90.6793491347341;aerien post recolte;residus aeriens;labile;0.0;0.0;0.0;0.0
2019;258;411_001;SSM1-0022;mil;incorpore;638.0;7.035780539757079;90.67934913473408;racines post recolte;residus racinaires;labile;0.0;0.0;0.0;0.0
2019;258;411_001;SSM1-0022;mil;surface;91.42222222222223;1.0081923072295584;90.6793491347341;aerien post recolte;residus aeriens;labile;0.0;0.0;0.0;0.0
2019;258;412_001;SSM1-0022;mil;incorpore;638.0;7.049688306134763;90.50045509739788;racines post recolte;residus racinaires;labile;0.0;0.0;0.0;0.0
2019;258;412_001;SSM1-0022;mil;surface;91.42222222222223;1.010185220879081;90.50045509739789;aerien post recolte;residus aeriens;labile;0.0;0.0;0.0;0.0
2019;258;413_001;SSM1-0013;mil;incorpore;638.0;6.959019448653644;91.6795828359746;racines post recolte;residus racinaires;labile;0.0;0.0;0.0;0.0
2019;258;413_001;SSM1-0013;mil;surface;91.42222222222223;0.9971928252093727;91.67958283597461;aerien post recolte;residus aeriens;labile;0.0;0.0;0.0;0.0
2019;258;414_001;SSM1-0013;mil;incorpore;638.0;7.001165119436588;91.1276893368489;racines post recolte;residus racinaires;labile;0.0;0.0;0.0;0.0
2019;258;414_001;SSM1-0013;mil;surface;91.42222222222223;1.003232089911603;91.12768933684892;aerien post recolte;residus aeriens;labile;0.0;0.0;0.0;0.0
2019;258;415_001;SSM1-0013;mil;incorpore;638.0;6.959019448653644;91.6795828359746;racines post recolte;residus racinaires;labile;0.0;0.0;0.0;0.0
2019;258;415_001;SSM1-0013;mil;surface;91.42222222222223;0.9971928252093727;91.67958283597461;aerien post recolte;residus aeriens;labile;0.0;0.0;0.0;0.0
2019;258;416_001;SSM1-0013;mil;incorpore;638.0;7.082390307099658;90.08258120996868;racines post recolte;residus racinaires;labile;0.0;0.0;0.0;0.0
2019;258;416_001;SSM1-0013;mil;surface;91.42222222222223;1.0148712547338208;90.0825812099687;aerien post recolte;residus aeriens;labile;0.0;0.0;0.0;0.0
2019;258;417_001;SSM1-0013;mil;incorpore;638.0;7.049688306134763;90.50045509739788;racines post recolte;residus racinaires;labile;0.0;0.0;0.0;0.0
2019;258;417_001;SSM1-0013;mil;surface;91.42222222222223;1.010185220879081;90.50045509739789;aerien post recolte;residus aeriens;labile;0.0;0.0;0.0;0.0
2019;258;418_001;SSM1-0013;mil;incorpore;638.0;7.082390307099658;90.08258120996868;racines post recolte;residus racinaires;labile;0.0;0.0;0.0;0.0
2019;258;418_001;SSM1-0013;mil;surface;91.42222222222223;1.0148712547338208;90.0825812099687;aerien post recolte;residus aeriens;labile;0.0;0.0;0.0;0.0
2019;258;419_001;SSM1-0013;mil;incorpore;638.0;7.049688306134763;90.50045509739788;racines post recolte;residus racinaires;labile;0.0;0.0;0.0;0.0
2019;258;419_001;SSM1-0013;mil;surface;91.42222222222223;1.010185220879081;90.50045509739789;aerien post recolte;residus aeriens;labile;0.0;0.0;0.0;0.0
2019;258;420_001;SSM1-0013;mil;incorpore;638.0;7.0467969635738905;90.53758797052507;racines post recolte;residus racinaires;labile;0.0;0.0;0.0;0.0
2019;258;420_001;SSM1-0013;mil;surface;91.42222222222223;1.009770905891431;90.53758797052507;aerien post recolte;residus aeriens;labile;0.0;0.0;0.0;0.0
2019;258;421_001;SSM1-0013;mil;incorpore;638.0;7.035780539757079;90.67934913473408;racines post recolte;residus racinaires;labile;0.0;0.0;0.0;0.0
2019;258;421_001;SSM1-0013;mil;surface;91.42222222222223;1.0081923072295584;90.6793491347341;aerien post recolte;residus aeriens;labile;0.0;0.0;0.0;0.0
2019;258;422_001;SSM1-0003;mil;incorpore;638.0;7.035780539757079;90.67934913473408;racines post recolte;residus racinaires;labile;0.0;0.0;0.0;0.0
2019;258;422_001;SSM1-0003;mil;surface;91.42222222222223;1.0081923072295584;90.6793491347341;aerien post recolte;residus aeriens;labile;0.0;0.0;0.0;0.0
2019;258;423_001;SSM1-0027;mil;incorpore;638.0;7.001165119436588;91.1276893368489;racines post recolte;residus racinaires;labile;0.0;0.0;0.0;0.0
2019;258;423_001;SSM1-0027;mil;surface;91.42222222222223;1.003232089911603;91.12768933684892;aerien post recolte;residus aeriens;labile;0.0;0.0;0.0;0.0
2019;258;424_001;SSM1-0027;mil;incorpore;638.0;6.959019448653644;91.6795828359746;racines post recolte;residus racinaires;labile;0.0;0.0;0.0;0.0
2019;258;424_001;SSM1-0027;mil;surface;91.42222222222223;0.9971928252093727;91.67958283597461;aerien post recolte;residus aeriens;labile;0.0;0.0;0.0;0.0
2019;258;425_001;SSM1-0027;mil;incorpore;638.0;7.0467969635738905;90.53758797052507;racines post recolte;residus racinaires;labile;0.0;0.0;0.0;0.0
2019;258;425_001;SSM1-0027;mil;surface;91.42222222222223;1.009770905891431;90.53758797052507;aerien post recolte;residus aeriens;labile;0.0;0.0;0.0;0.0
2019;258;426_001;SSM1-0027;mil;incorpore;638.0;7.035780539757079;90.67934913473408;racines post recolte;residus racinaires;labile;0.0;0.0;0.0;0.0
2019;258;426_001;SSM1-0027;mil;surface;91.42222222222223;1.0081923072295584;90.6793491347341;aerien post recolte;residus aeriens;labile;0.0;0.0;0.0;0.0
2019;258;427_001;SSM1-0027;mil;incorpore;638.0;7.035780539757079;90.67934913473408;racines post recolte;residus racinaires;labile;0.0;0.0;0.0;0.0
2019;258;427_001;SSM1-0027;mil;surface;91.42222222222223;1.0081923072295584;90.6793491347341;aerien post recolte;residus aeriens;labile;0.0;0.0;0.0;0.0
2019;258;428_001;SSM1-0027;mil;incorpore;638.0;7.035780539757079;90.67934913473408;racines post recolte;residus racinaires;labile;0.0;0.0;0.0;0.0
2019;258;428_001;SSM1-0027;mil;surface;91.42222222222223;1.0081923072295584;90.6793491347341;aerien post recolte;residus aeriens;labile;0.0;0.0;0.0;0.0
2019;258;429_001;SSM1-0027;mil;incorpore;638.0;7.001165119436588;91.1276893368489;racines post recolte;residus racinaires;labile;0.0;0.0;0.0;0.0
2019;258;429_001;SSM1-0027;mil;surface;91.42222222222223;1.003232089911603;91.12768933684892;aerien post recolte;residus aeriens;labile;0.0;0.0;0.0;0.0
2019;258;430_001;SSM1-0027;mil;incorpore;638.0;6.959019448653644;91.6795828359746;racines post recolte;residus racinaires;labile;0.0;0.0;0.0;0.0
2019;258;430_001;SSM1-0027;mil;surface;91.42222222222223;0.9971928252093727;91.67958283597461;aerien post recolte;residus aeriens;labile;0.0;0.0;0.0;0.0
2019;258;431_001;SSM1-0027;mil;incorpore;638.0;7.082390307099658;90.08258120996868;racines post recolte;residus racinaires;labile;0.0;0.0;0.0;0.0
2019;258;431_001;SSM1-0027;mil;surface;91.42222222222223;1.0148712547338208;90.0825812099687;aerien post recolte;residus aeriens;labile;0.0;0.0;0.0;0.0
2019;258;432_001;SSM1-0027;mil;incorpore;638.0;7.049688306134763;90.50045509739788;racines post recolte;residus racinaires;labile;0.0;0.0;0.0;0.0
2019;258;432_001;SSM1-0027;mil;surface;91.42222222222223;1.010185220879081;90.50045509739789;aerien post recolte;residus aeriens;labile;0.0;0.0;0.0;0.0
2019;258;433_001;SSM1-0027;mil;incorpore;638.0;7.082390307099658;90.08258120996868;racines post recolte;residus racinaires;labile;0.0;0.0;0.0;0.0
2019;258;433_001;SSM1-0027;mil;surface;91.42222222222223;1.0148712547338208;90.0825812099687;aerien post recolte;residus aeriens;labile;0.0;0.0;0.0;0.0
2019;258;434_001;SSM1-0027;mil;incorpore;638.0;7.049688306134763;90.50045509739788;racines post recolte;residus racinaires;labile;0.0;0.0;0.0;0.0
2019;258;434_001;SSM1-0027;mil;surface;91.42222222222223;1.010185220879081;90.50045509739789;aerien post recolte;residus aeriens;labile;0.0;0.0;0.0;0.0
2019;258;435_001;SSM1-0027;mil;incorpore;638.0;7.082390307099658;90.08258120996868;racines post recolte;residus racinaires;labile;0.0;0.0;0.0;0.0
2019;258;435_001;SSM1-0027;mil;surface;91.42222222222223;1.0148712547338208;90.0825812099687;aerien post recolte;residus aeriens;labile;0.0;0.0;0.0;0.0
2019;258;436_001;SSM1-0027;mil;incorpore;638.0;7.049688306134763;90.50045509739788;racines post recolte;residus racinaires;labile;0.0;0.0;0.0;0.0
2019;258;436_001;SSM1-0027;mil;surface;91.42222222222223;1.010185220879081;90.50045509739789;aerien post recolte;residus aeriens;labile;0.0;0.0;0.0;0.0
2019;258;437_001;SSM1-0027;mil;incorpore;638.0;7.0467969635738905;90.53758797052507;racines post recolte;residus racinaires;labile;0.0;0.0;0.0;0.0
2019;258;437_001;SSM1-0027;mil;surface;91.42222222222223;1.009770905891431;90.53758797052507;aerien post recolte;residus aeriens;labile;0.0;0.0;0.0;0.0
2019;258;438_001;SSM1-0027;mil;incorpore;638.0;7.035780539757079;90.67934913473408;racines post recolte;residus racinaires;labile;0.0;0.0;0.0;0.0
2019;258;438_001;SSM1-0027;mil;surface;91.42222222222223;1.0081923072295584;90.6793491347341;aerien post recolte;residus aeriens;labile;0.0;0.0;0.0;0.0
2019;258;439_001;SSM1-0027;mil;incorpore;638.0;7.001165119436588;91.1276893368489;racines post recolte;residus racinaires;labile;0.0;0.0;0.0;0.0
2019;258;439_001;SSM1-0027;mil;surface;91.42222222222223;1.003232089911603;91.12768933684892;aerien post recolte;residus aeriens;labile;0.0;0.0;0.0;0.0
2019;258;440_001;SSM1-0027;mil;incorpore;638.0;6.959019448653644;91.6795828359746;racines post recolte;residus racinaires;labile;0.0;0.0;0.0;0.0
2019;258;440_001;SSM1-0027;mil;surface;91.42222222222223;0.9971928252093727;91.67958283597461;aerien post recolte;residus aeriens;labile;0.0;0.0;0.0;0.0
2019;258;441_001;SSM1-0028;mil;incorpore;638.0;7.001165119436588;91.1276893368489;racines post recolte;residus racinaires;labile;0.0;0.0;0.0;0.0
2019;258;441_001;SSM1-0028;mil;surface;91.42222222222223;1.003232089911603;91.12768933684892;aerien post recolte;residus aeriens;labile;0.0;0.0;0.0;0.0
2019;258;442_001;SSM1-0028;mil;incorpore;638.0;6.959019448653644;91.6795828359746;racines post recolte;residus racinaires;labile;0.0;0.0;0.0;0.0
2019;258;442_001;SSM1-0028;mil;surface;91.42222222222223;0.9971928252093727;91.67958283597461;aerien post recolte;residus aeriens;labile;0.0;0.0;0.0;0.0
2019;258;443_001;SSM1-0028;mil;incorpore;638.0;7.001165119436588;91.1276893368489;racines post recolte;residus racinaires;labile;0.0;0.0;0.0;0.0
2019;258;443_001;SSM1-0028;mil;surface;91.42222222222223;1.003232089911603;91.12768933684892;aerien post recolte;residus aeriens;labile;0.0;0.0;0.0;0.0
2019;258;444_001;SSM1-0028;mil;incorpore;638.0;6.959019448653644;91.6795828359746;racines post recolte;residus racinaires;labile;0.0;0.0;0.0;0.0
2019;258;444_001;SSM1-0028;mil;surface;91.42222222222223;0.9971928252093727;91.67958283597461;aerien post recolte;residus aeriens;labile;0.0;0.0;0.0;0.0
2019;258;445_001;SSM1-0028;mil;incorpore;638.0;6.959019448653644;91.6795828359746;racines post recolte;residus racinaires;labile;0.0;0.0;0.0;0.0
2019;258;445_001;SSM1-0028;mil;surface;91.42222222222223;0.9971928252093727;91.67958283597461;aerien post recolte;residus aeriens;labile;0.0;0.0;0.0;0.0
2019;258;446_001;SSM1-0028;mil;incorpore;638.0;7.001165119436588;91.1276893368489;racines post recolte;residus racinaires;labile;0.0;0.0;0.0;0.0
2019;258;446_001;SSM1-0028;mil;surface;91.42222222222223;1.003232089911603;91.12768933684892;aerien post recolte;residus aeriens;labile;0.0;0.0;0.0;0.0
2019;258;447_001;SSM1-0028;mil;incorpore;638.0;6.959019448653644;91.6795828359746;racines post recolte;residus racinaires;labile;0.0;0.0;0.0;0.0
2019;258;447_001;SSM1-0028;mil;surface;91.42222222222223;0.9971928252093727;91.67958283597461;aerien post recolte;residus aeriens;labile;0.0;0.0;0.0;0.0
2019;258;448_001;SSM1-0028;mil;incorpore;638.0;7.082390307099658;90.08258120996868;racines post recolte;residus racinaires;labile;0.0;0.0;0.0;0.0
2019;258;448_001;SSM1-0028;mil;surface;91.42222222222223;1.0148712547338208;90.0825812099687;aerien post recolte;residus aeriens;labile;0.0;0.0;0.0;0.0
2019;258;449_001;SSM1-0028;mil;incorpore;638.0;7.049688306134763;90.50045509739788;racines post recolte;residus racinaires;labile;0.0;0.0;0.0;0.0
2019;258;449_001;SSM1-0028;mil;surface;91.42222222222223;1.010185220879081;90.50045509739789;aerien post recolte;residus aeriens;labile;0.0;0.0;0.0;0.0
2019;258;450_001;SSM1-0028;mil;incorpore;638.0;7.082390307099658;90.08258120996868;racines post recolte;residus racinaires;labile;0.0;0.0;0.0;0.0
2019;258;450_001;SSM1-0028;mil;surface;91.42222222222223;1.0148712547338208;90.0825812099687;aerien post recolte;residus aeriens;labile;0.0;0.0;0.0;0.0
2019;258;451_001;SSM1-0028;mil;incorpore;638.0;7.049688306134763;90.50045509739788;racines post recolte;residus racinaires;labile;0.0;0.0;0.0;0.0
2019;258;451_001;SSM1-0028;mil;surface;91.42222222222223;1.010185220879081;90.50045509739789;aerien post recolte;residus aeriens;labile;0.0;0.0;0.0;0.0
2019;258;452_001;SSM1-0028;mil;incorpore;638.0;7.049688306134763;90.50045509739788;racines post recolte;residus racinaires;labile;0.0;0.0;0.0;0.0
2019;258;452_001;SSM1-0028;mil;surface;91.42222222222223;1.010185220879081;90.50045509739789;aerien post recolte;residus aeriens;labile;0.0;0.0;0.0;0.0
2019;258;453_001;SSM1-0028;mil;incorpore;638.0;7.035780539757079;90.67934913473408;racines post recolte;residus racinaires;labile;0.0;0.0;0.0;0.0
2019;258;453_001;SSM1-0028;mil;surface;91.42222222222223;1.0081923072295584;90.6793491347341;aerien post recolte;residus aeriens;labile;0.0;0.0;0.0;0.0
2019;258;454_001;SSM1-0028;mil;incorpore;638.0;7.0467969635738905;90.53758797052507;racines post recolte;residus racinaires;labile;0.0;0.0;0.0;0.0
2019;258;454_001;SSM1-0028;mil;surface;91.42222222222223;1.009770905891431;90.53758797052507;aerien post recolte;residus aeriens;labile;0.0;0.0;0.0;0.0
2019;258;455_001;SSM1-0028;mil;incorpore;638.0;7.035780539757079;90.67934913473408;racines post recolte;residus racinaires;labile;0.0;0.0;0.0;0.0
2019;258;455_001;SSM1-0028;mil;surface;91.42222222222223;1.0081923072295584;90.6793491347341;aerien post recolte;residus aeriens;labile;0.0;0.0;0.0;0.0
2019;258;456_001;SSM1-0028;mil;incorpore;638.0;7.0467969635738905;90.53758797052507;racines post recolte;residus racinaires;labile;0.0;0.0;0.0;0.0
2019;258;456_001;SSM1-0028;mil;surface;91.42222222222223;1.009770905891431;90.53758797052507;aerien post recolte;residus aeriens;labile;0.0;0.0;0.0;0.0
2019;258;457_001;SSM1-0028;mil;incorpore;638.0;7.035780539757079;90.67934913473408;racines post recolte;residus racinaires;labile;0.0;0.0;0.0;0.0
2019;258;457_001;SSM1-0028;mil;surface;91.42222222222223;1.0081923072295584;90.6793491347341;aerien post recolte;residus aeriens;labile;0.0;0.0;0.0;0.0
2019;258;458_001;SSM1-0028;mil;incorpore;638.0;7.0467969635738905;90.53758797052507;racines post recolte;residus racinaires;labile;0.0;0.0;0.0;0.0
2019;258;458_001;SSM1-0028;mil;surface;91.42222222222223;1.009770905891431;90.53758797052507;aerien post recolte;residus aeriens;labile;0.0;0.0;0.0;0.0
2019;258;459_001;SSM1-0028;mil;incorpore;638.0;7.035780539757079;90.67934913473408;racines post recolte;residus racinaires;labile;0.0;0.0;0.0;0.0
2019;258;459_001;SSM1-0028;mil;surface;91.42222222222223;1.0081923072295584;90.6793491347341;aerien post recolte;residus aeriens;labile;0.0;0.0;0.0;0.0
2019;258;460_001;SSM1-0029;mil;incorpore;638.0;7.001165119436588;91.1276893368489;racines post recolte;residus racinaires;labile;0.0;0.0;0.0;0.0
2019;258;460_001;SSM1-0029;mil;surface;91.42222222222223;1.003232089911603;91.12768933684892;aerien post recolte;residus aeriens;labile;0.0;0.0;0.0;0.0
2019;258;461_001;SSM1-0029;mil;incorpore;638.0;6.959019448653644;91.6795828359746;racines post recolte;residus racinaires;labile;0.0;0.0;0.0;0.0
2019;258;461_001;SSM1-0029;mil;surface;91.42222222222223;0.9971928252093727;91.67958283597461;aerien post recolte;residus aeriens;labile;0.0;0.0;0.0;0.0
2019;258;462_001;SSM1-0029;mil;incorpore;638.0;7.001165119436588;91.1276893368489;racines post recolte;residus racinaires;labile;0.0;0.0;0.0;0.0
2019;258;462_001;SSM1-0029;mil;surface;91.42222222222223;1.003232089911603;91.12768933684892;aerien post recolte;residus aeriens;labile;0.0;0.0;0.0;0.0
2019;258;463_001;SSM1-0029;mil;incorpore;638.0;6.959019448653644;91.6795828359746;racines post recolte;residus racinaires;labile;0.0;0.0;0.0;0.0
2019;258;463_001;SSM1-0029;mil;surface;91.42222222222223;0.9971928252093727;91.67958283597461;aerien post recolte;residus aeriens;labile;0.0;0.0;0.0;0.0
2019;258;464_001;SSM1-0029;mil;incorpore;638.0;6.959019448653644;91.6795828359746;racines post recolte;residus racinaires;labile;0.0;0.0;0.0;0.0
2019;258;464_001;SSM1-0029;mil;surface;91.42222222222223;0.9971928252093727;91.67958283597461;aerien post recolte;residus aeriens;labile;0.0;0.0;0.0;0.0
2019;258;465_001;SSM1-0029;mil;incorpore;638.0;7.0467969635738905;90.53758797052507;racines post recolte;residus racinaires;labile;0.0;0.0;0.0;0.0
2019;258;465_001;SSM1-0029;mil;surface;91.42222222222223;1.009770905891431;90.53758797052507;aerien post recolte;residus aeriens;labile;0.0;0.0;0.0;0.0
2019;258;466_001;SSM1-0029;mil;incorpore;638.0;7.035780539757079;90.67934913473408;racines post recolte;residus racinaires;labile;0.0;0.0;0.0;0.0
2019;258;466_001;SSM1-0029;mil;surface;91.42222222222223;1.0081923072295584;90.6793491347341;aerien post recolte;residus aeriens;labile;0.0;0.0;0.0;0.0
2019;258;467_001;SSM1-0029;mil;incorpore;638.0;7.0467969635738905;90.53758797052507;racines post recolte;residus racinaires;labile;0.0;0.0;0.0;0.0
2019;258;467_001;SSM1-0029;mil;surface;91.42222222222223;1.009770905891431;90.53758797052507;aerien post recolte;residus aeriens;labile;0.0;0.0;0.0;0.0
2019;258;468_001;SSM1-0029;mil;incorpore;638.0;7.035780539757079;90.67934913473408;racines post recolte;residus racinaires;labile;0.0;0.0;0.0;0.0
2019;258;468_001;SSM1-0029;mil;surface;91.42222222222223;1.0081923072295584;90.6793491347341;aerien post recolte;residus aeriens;labile;0.0;0.0;0.0;0.0
2019;258;469_001;SSM1-0029;mil;incorpore;638.0;7.082390307099658;90.08258120996868;racines post recolte;residus racinaires;labile;0.0;0.0;0.0;0.0
2019;258;469_001;SSM1-0029;mil;surface;91.42222222222223;1.0148712547338208;90.0825812099687;aerien post recolte;residus aeriens;labile;0.0;0.0;0.0;0.0
2019;258;470_001;SSM1-0029;mil;incorpore;638.0;7.049688306134763;90.50045509739788;racines post recolte;residus racinaires;labile;0.0;0.0;0.0;0.0
2019;258;470_001;SSM1-0029;mil;surface;91.42222222222223;1.010185220879081;90.50045509739789;aerien post recolte;residus aeriens;labile;0.0;0.0;0.0;0.0
2019;258;471_001;SSM1-0029;mil;incorpore;638.0;7.0467969635738905;90.53758797052507;racines post recolte;residus racinaires;labile;0.0;0.0;0.0;0.0
2019;258;471_001;SSM1-0029;mil;surface;91.42222222222223;1.009770905891431;90.53758797052507;aerien post recolte;residus aeriens;labile;0.0;0.0;0.0;0.0
2019;258;472_001;SSM1-0029;mil;incorpore;638.0;7.035780539757079;90.67934913473408;racines post recolte;residus racinaires;labile;0.0;0.0;0.0;0.0
2019;258;472_001;SSM1-0029;mil;surface;91.42222222222223;1.0081923072295584;90.6793491347341;aerien post recolte;residus aeriens;labile;0.0;0.0;0.0;0.0
2019;258;473_001;SSM1-0029;mil;incorpore;638.0;7.035780539757079;90.67934913473408;racines post recolte;residus racinaires;labile;0.0;0.0;0.0;0.0
2019;258;473_001;SSM1-0029;mil;surface;91.42222222222223;1.0081923072295584;90.6793491347341;aerien post recolte;residus aeriens;labile;0.0;0.0;0.0;0.0
2019;258;474_001;SSM1-0030;mil;incorpore;638.0;6.959019448653644;91.6795828359746;racines post recolte;residus racinaires;labile;0.0;0.0;0.0;0.0
2019;258;474_001;SSM1-0030;mil;surface;91.42222222222223;0.9971928252093727;91.67958283597461;aerien post recolte;residus aeriens;labile;0.0;0.0;0.0;0.0
2019;258;475_001;SSM1-0030;mil;incorpore;638.0;7.001165119436588;91.1276893368489;racines post recolte;residus racinaires;labile;0.0;0.0;0.0;0.0
2019;258;475_001;SSM1-0030;mil;surface;91.42222222222223;1.003232089911603;91.12768933684892;aerien post recolte;residus aeriens;labile;0.0;0.0;0.0;0.0
2019;258;476_001;SSM1-0030;mil;incorpore;638.0;6.959019448653644;91.6795828359746;racines post recolte;residus racinaires;labile;0.0;0.0;0.0;0.0
2019;258;476_001;SSM1-0030;mil;surface;91.42222222222223;0.9971928252093727;91.67958283597461;aerien post recolte;residus aeriens;labile;0.0;0.0;0.0;0.0
2019;258;477_001;SSM1-0030;mil;incorpore;638.0;7.0467969635738905;90.53758797052507;racines post recolte;residus racinaires;labile;0.0;0.0;0.0;0.0
2019;258;477_001;SSM1-0030;mil;surface;91.42222222222223;1.009770905891431;90.53758797052507;aerien post recolte;residus aeriens;labile;0.0;0.0;0.0;0.0
2019;258;478_001;SSM1-0030;mil;incorpore;638.0;7.035780539757079;90.67934913473408;racines post recolte;residus racinaires;labile;0.0;0.0;0.0;0.0
2019;258;478_001;SSM1-0030;mil;surface;91.42222222222223;1.0081923072295584;90.6793491347341;aerien post recolte;residus aeriens;labile;0.0;0.0;0.0;0.0
2019;258;479_001;SSM1-0030;mil;incorpore;638.0;7.0467969635738905;90.53758797052507;racines post recolte;residus racinaires;labile;0.0;0.0;0.0;0.0
2019;258;479_001;SSM1-0030;mil;surface;91.42222222222223;1.009770905891431;90.53758797052507;aerien post recolte;residus aeriens;labile;0.0;0.0;0.0;0.0
2019;258;480_001;SSM1-0030;mil;incorpore;638.0;7.035780539757079;90.67934913473408;racines post recolte;residus racinaires;labile;0.0;0.0;0.0;0.0
2019;258;480_001;SSM1-0030;mil;surface;91.42222222222223;1.0081923072295584;90.6793491347341;aerien post recolte;residus aeriens;labile;0.0;0.0;0.0;0.0
2019;258;481_001;SSM1-0030;mil;incorpore;638.0;7.0467969635738905;90.53758797052507;racines post recolte;residus racinaires;labile;0.0;0.0;0.0;0.0
2019;258;481_001;SSM1-0030;mil;surface;91.42222222222223;1.009770905891431;90.53758797052507;aerien post recolte;residus aeriens;labile;0.0;0.0;0.0;0.0
2019;258;482_001;SSM1-0030;mil;incorpore;638.0;7.035780539757079;90.67934913473408;racines post recolte;residus racinaires;labile;0.0;0.0;0.0;0.0
2019;258;482_001;SSM1-0030;mil;surface;91.42222222222223;1.0081923072295584;90.6793491347341;aerien post recolte;residus aeriens;labile;0.0;0.0;0.0;0.0
2019;258;483_001;SSM1-0030;mil;incorpore;638.0;7.082390307099658;90.08258120996868;racines post recolte;residus racinaires;labile;0.0;0.0;0.0;0.0
2019;258;483_001;SSM1-0030;mil;surface;91.42222222222223;1.0148712547338208;90.0825812099687;aerien post recolte;residus aeriens;labile;0.0;0.0;0.0;0.0
2019;258;484_001;SSM1-0030;mil;incorpore;638.0;7.049688306134763;90.50045509739788;racines post recolte;residus racinaires;labile;0.0;0.0;0.0;0.0
2019;258;484_001;SSM1-0030;mil;surface;91.42222222222223;1.010185220879081;90.50045509739789;aerien post recolte;residus aeriens;labile;0.0;0.0;0.0;0.0
2019;258;485_001;SSM1-0030;mil;incorpore;638.0;7.082390307099658;90.08258120996868;racines post recolte;residus racinaires;labile;0.0;0.0;0.0;0.0
2019;258;485_001;SSM1-0030;mil;surface;91.42222222222223;1.0148712547338208;90.0825812099687;aerien post recolte;residus aeriens;labile;0.0;0.0;0.0;0.0
2019;258;486_001;SSM1-0030;mil;incorpore;638.0;7.049688306134763;90.50045509739788;racines post recolte;residus racinaires;labile;0.0;0.0;0.0;0.0
2019;258;486_001;SSM1-0030;mil;surface;91.42222222222223;1.010185220879081;90.50045509739789;aerien post recolte;residus aeriens;labile;0.0;0.0;0.0;0.0
2019;258;487_001;SSM1-0030;mil;incorpore;638.0;7.0467969635738905;90.53758797052507;racines post recolte;residus racinaires;labile;0.0;0.0;0.0;0.0
2019;258;487_001;SSM1-0030;mil;surface;91.42222222222223;1.009770905891431;90.53758797052507;aerien post recolte;residus aeriens;labile;0.0;0.0;0.0;0.0
2019;258;488_001;SSM1-0030;mil;incorpore;638.0;7.035780539757079;90.67934913473408;racines post recolte;residus racinaires;labile;0.0;0.0;0.0;0.0
2019;258;488_001;SSM1-0030;mil;surface;91.42222222222223;1.0081923072295584;90.6793491347341;aerien post recolte;residus aeriens;labile;0.0;0.0;0.0;0.0
2019;258;489_001;SSM1-0030;mil;incorpore;638.0;7.035780539757079;90.67934913473408;racines post recolte;residus racinaires;labile;0.0;0.0;0.0;0.0
2019;258;489_001;SSM1-0030;mil;surface;91.42222222222223;1.0081923072295584;90.6793491347341;aerien post recolte;residus aeriens;labile;0.0;0.0;0.0;0.0
2019;258;490_001;SSM1-0030;mil;incorpore;638.0;7.035780539757079;90.67934913473408;racines post recolte;residus racinaires;labile;0.0;0.0;0.0;0.0
2019;258;490_001;SSM1-0030;mil;surface;91.42222222222223;1.0081923072295584;90.6793491347341;aerien post recolte;residus aeriens;labile;0.0;0.0;0.0;0.0
2019;258;491_001;SSM1-0031;mil;incorpore;638.0;7.035780539757079;90.67934913473408;racines post recolte;residus racinaires;labile;0.0;0.0;0.0;0.0
2019;258;491_001;SSM1-0031;mil;surface;91.42222222222223;1.0081923072295584;90.6793491347341;aerien post recolte;residus aeriens;labile;0.0;0.0;0.0;0.0
2019;258;492_001;SSM1-0031;mil;incorpore;638.0;7.0467969635738905;90.53758797052507;racines post recolte;residus racinaires;labile;0.0;0.0;0.0;0.0
2019;258;492_001;SSM1-0031;mil;surface;91.42222222222223;1.009770905891431;90.53758797052507;aerien post recolte;residus aeriens;labile;0.0;0.0;0.0;0.0
2019;258;493_001;SSM1-0031;mil;incorpore;638.0;7.035780539757079;90.67934913473408;racines post recolte;residus racinaires;labile;0.0;0.0;0.0;0.0
2019;258;493_001;SSM1-0031;mil;surface;91.42222222222223;1.0081923072295584;90.6793491347341;aerien post recolte;residus aeriens;labile;0.0;0.0;0.0;0.0
2019;258;494_001;SSM1-0031;mil;incorpore;638.0;7.035780539757079;90.67934913473408;racines post recolte;residus racinaires;labile;0.0;0.0;0.0;0.0
2019;258;494_001;SSM1-0031;mil;surface;91.42222222222223;1.0081923072295584;90.6793491347341;aerien post recolte;residus aeriens;labile;0.0;0.0;0.0;0.0
2019;258;495_001;SSM1-0031;mil;incorpore;638.0;7.049688306134763;90.50045509739788;racines post recolte;residus racinaires;labile;0.0;0.0;0.0;0.0
2019;258;495_001;SSM1-0031;mil;surface;91.42222222222223;1.010185220879081;90.50045509739789;aerien post recolte;residus aeriens;labile;0.0;0.0;0.0;0.0
2019;258;496_001;SSM1-0031;mil;incorpore;638.0;7.049688306134763;90.50045509739788;racines post recolte;residus racinaires;labile;0.0;0.0;0.0;0.0
2019;258;496_001;SSM1-0031;mil;surface;91.42222222222223;1.010185220879081;90.50045509739789;aerien post recolte;residus aeriens;labile;0.0;0.0;0.0;0.0
2019;258;497_001;SSM1-0026;mil;incorpore;638.0;7.082390307099658;90.08258120996868;racines post recolte;residus racinaires;labile;0.0;0.0;0.0;0.0
2019;258;497_001;SSM1-0026;mil;surface;91.42222222222223;1.0148712547338208;90.0825812099687;aerien post recolte;residus aeriens;labile;0.0;0.0;0.0;0.0
2019;258;498_001;SSM1-0026;mil;incorpore;638.0;7.049688306134763;90.50045509739788;racines post recolte;residus racinaires;labile;0.0;0.0;0.0;0.0
2019;258;498_001;SSM1-0026;mil;surface;91.42222222222223;1.010185220879081;90.50045509739789;aerien post recolte;residus aeriens;labile;0.0;0.0;0.0;0.0
2019;258;499_001;SSM1-0026;mil;incorpore;638.0;7.082390307099658;90.08258120996868;racines post recolte;residus racinaires;labile;0.0;0.0;0.0;0.0
2019;258;499_001;SSM1-0026;mil;surface;91.42222222222223;1.0148712547338208;90.0825812099687;aerien post recolte;residus aeriens;labile;0.0;0.0;0.0;0.0
2019;258;500_001;SSM1-0026;mil;incorpore;638.0;7.049688306134763;90.50045509739788;racines post recolte;residus racinaires;labile;0.0;0.0;0.0;0.0
2019;258;500_001;SSM1-0026;mil;surface;91.42222222222223;1.010185220879081;90.50045509739789;aerien post recolte;residus aeriens;labile;0.0;0.0;0.0;0.0
2019;258;501_001;SSM1-0026;mil;incorpore;638.0;7.001165119436588;91.1276893368489;racines post recolte;residus racinaires;labile;0.0;0.0;0.0;0.0
2019;258;501_001;SSM1-0026;mil;surface;91.42222222222223;1.003232089911603;91.12768933684892;aerien post recolte;residus aeriens;labile;0.0;0.0;0.0;0.0
2019;258;502_001;SSM1-0026;mil;incorpore;638.0;6.959019448653644;91.6795828359746;racines post recolte;residus racinaires;labile;0.0;0.0;0.0;0.0
2019;258;502_001;SSM1-0026;mil;surface;91.42222222222223;0.9971928252093727;91.67958283597461;aerien post recolte;residus aeriens;labile;0.0;0.0;0.0;0.0
2019;258;503_001;SSM1-0026;mil;incorpore;638.0;7.0467969635738905;90.53758797052507;racines post recolte;residus racinaires;labile;0.0;0.0;0.0;0.0
2019;258;503_001;SSM1-0026;mil;surface;91.42222222222223;1.009770905891431;90.53758797052507;aerien post recolte;residus aeriens;labile;0.0;0.0;0.0;0.0
2019;258;504_001;SSM1-0026;mil;incorpore;638.0;7.035780539757079;90.67934913473408;racines post recolte;residus racinaires;labile;0.0;0.0;0.0;0.0
2019;258;504_001;SSM1-0026;mil;surface;91.42222222222223;1.0081923072295584;90.6793491347341;aerien post recolte;residus aeriens;labile;0.0;0.0;0.0;0.0
2019;258;505_001;SSM1-0026;mil;incorpore;638.0;7.035780539757079;90.67934913473408;racines post recolte;residus racinaires;labile;0.0;0.0;0.0;0.0
2019;258;505_001;SSM1-0026;mil;surface;91.42222222222223;1.0081923072295584;90.6793491347341;aerien post recolte;residus aeriens;labile;0.0;0.0;0.0;0.0
2019;258;506_001;SSM1-0026;mil;incorpore;638.0;7.0467969635738905;90.53758797052507;racines post recolte;residus racinaires;labile;0.0;0.0;0.0;0.0
2019;258;506_001;SSM1-0026;mil;surface;91.42222222222223;1.009770905891431;90.53758797052507;aerien post recolte;residus aeriens;labile;0.0;0.0;0.0;0.0
2019;258;507_001;SSM1-0026;mil;incorpore;638.0;7.035780539757079;90.67934913473408;racines post recolte;residus racinaires;labile;0.0;0.0;0.0;0.0
2019;258;507_001;SSM1-0026;mil;surface;91.42222222222223;1.0081923072295584;90.6793491347341;aerien post recolte;residus aeriens;labile;0.0;0.0;0.0;0.0
2019;258;508_001;SSM1-0026;mil;incorpore;638.0;7.0467969635738905;90.53758797052507;racines post recolte;residus racinaires;labile;0.0;0.0;0.0;0.0
2019;258;508_001;SSM1-0026;mil;surface;91.42222222222223;1.009770905891431;90.53758797052507;aerien post recolte;residus aeriens;labile;0.0;0.0;0.0;0.0
2019;258;509_001;SSM1-0026;mil;incorpore;638.0;7.035780539757079;90.67934913473408;racines post recolte;residus racinaires;labile;0.0;0.0;0.0;0.0
2019;258;509_001;SSM1-0026;mil;surface;91.42222222222223;1.0081923072295584;90.6793491347341;aerien post recolte;residus aeriens;labile;0.0;0.0;0.0;0.0
2019;258;510_001;SSM1-0026;mil;incorpore;638.0;7.0467969635738905;90.53758797052507;racines post recolte;residus racinaires;labile;0.0;0.0;0.0;0.0
2019;258;510_001;SSM1-0026;mil;surface;91.42222222222223;1.009770905891431;90.53758797052507;aerien post recolte;residus aeriens;labile;0.0;0.0;0.0;0.0
2019;258;511_001;SSM1-0026;mil;incorpore;638.0;7.035780539757079;90.67934913473408;racines post recolte;residus racinaires;labile;0.0;0.0;0.0;0.0
2019;258;511_001;SSM1-0026;mil;surface;91.42222222222223;1.0081923072295584;90.6793491347341;aerien post recolte;residus aeriens;labile;0.0;0.0;0.0;0.0
2019;258;512_001;SSM1-0026;mil;incorpore;638.0;7.0467969635738905;90.53758797052507;racines post recolte;residus racinaires;labile;0.0;0.0;0.0;0.0
2019;258;512_001;SSM1-0026;mil;surface;91.42222222222223;1.009770905891431;90.53758797052507;aerien post recolte;residus aeriens;labile;0.0;0.0;0.0;0.0
2019;258;513_001;SSM1-0026;mil;incorpore;638.0;7.035780539757079;90.67934913473408;racines post recolte;residus racinaires;labile;0.0;0.0;0.0;0.0
2019;258;513_001;SSM1-0026;mil;surface;91.42222222222223;1.0081923072295584;90.6793491347341;aerien post recolte;residus aeriens;labile;0.0;0.0;0.0;0.0
2019;258;514_001;SSM1-0026;mil;incorpore;638.0;7.0467969635738905;90.53758797052507;racines post recolte;residus racinaires;labile;0.0;0.0;0.0;0.0
2019;258;514_001;SSM1-0026;mil;surface;91.42222222222223;1.009770905891431;90.53758797052507;aerien post recolte;residus aeriens;labile;0.0;0.0;0.0;0.0
2019;258;515_001;SSM1-0026;mil;incorpore;638.0;7.035780539757079;90.67934913473408;racines post recolte;residus racinaires;labile;0.0;0.0;0.0;0.0
2019;258;515_001;SSM1-0026;mil;surface;91.42222222222223;1.0081923072295584;90.6793491347341;aerien post recolte;residus aeriens;labile;0.0;0.0;0.0;0.0
2019;258;516_001;SSM1-0032;mil;incorpore;638.0;7.001165119436588;91.1276893368489;racines post recolte;residus racinaires;labile;0.0;0.0;0.0;0.0
2019;258;516_001;SSM1-0032;mil;surface;91.42222222222223;1.003232089911603;91.12768933684892;aerien post recolte;residus aeriens;labile;0.0;0.0;0.0;0.0
2019;258;517_001;SSM1-0032;mil;incorpore;638.0;6.959019448653644;91.6795828359746;racines post recolte;residus racinaires;labile;0.0;0.0;0.0;0.0
2019;258;517_001;SSM1-0032;mil;surface;91.42222222222223;0.9971928252093727;91.67958283597461;aerien post recolte;residus aeriens;labile;0.0;0.0;0.0;0.0
2019;258;518_001;SSM1-0032;mil;incorpore;638.0;7.082390307099658;90.08258120996868;racines post recolte;residus racinaires;labile;0.0;0.0;0.0;0.0
2019;258;518_001;SSM1-0032;mil;surface;91.42222222222223;1.0148712547338208;90.0825812099687;aerien post recolte;residus aeriens;labile;0.0;0.0;0.0;0.0
2019;258;519_001;SSM1-0032;mil;incorpore;638.0;7.049688306134763;90.50045509739788;racines post recolte;residus racinaires;labile;0.0;0.0;0.0;0.0
2019;258;519_001;SSM1-0032;mil;surface;91.42222222222223;1.010185220879081;90.50045509739789;aerien post recolte;residus aeriens;labile;0.0;0.0;0.0;0.0
2019;258;520_001;SSM1-0032;mil;incorpore;638.0;7.049688306134763;90.50045509739788;racines post recolte;residus racinaires;labile;0.0;0.0;0.0;0.0
2019;258;520_001;SSM1-0032;mil;surface;91.42222222222223;1.010185220879081;90.50045509739789;aerien post recolte;residus aeriens;labile;0.0;0.0;0.0;0.0
2019;258;521_001;SSM1-0032;mil;incorpore;638.0;7.049688306134763;90.50045509739788;racines post recolte;residus racinaires;labile;0.0;0.0;0.0;0.0
2019;258;521_001;SSM1-0032;mil;surface;91.42222222222223;1.010185220879081;90.50045509739789;aerien post recolte;residus aeriens;labile;0.0;0.0;0.0;0.0
2019;258;522_001;SSM1-0032;mil;incorpore;638.0;7.082390307099658;90.08258120996868;racines post recolte;residus racinaires;labile;0.0;0.0;0.0;0.0
2019;258;522_001;SSM1-0032;mil;surface;91.42222222222223;1.0148712547338208;90.0825812099687;aerien post recolte;residus aeriens;labile;0.0;0.0;0.0;0.0
2019;258;523_001;SSM1-0032;mil;incorpore;638.0;7.049688306134763;90.50045509739788;racines post recolte;residus racinaires;labile;0.0;0.0;0.0;0.0
2019;258;523_001;SSM1-0032;mil;surface;91.42222222222223;1.010185220879081;90.50045509739789;aerien post recolte;residus aeriens;labile;0.0;0.0;0.0;0.0
2019;258;524_001;SSM1-0032;mil;incorpore;638.0;7.082390307099658;90.08258120996868;racines post recolte;residus racinaires;labile;0.0;0.0;0.0;0.0
2019;258;524_001;SSM1-0032;mil;surface;91.42222222222223;1.0148712547338208;90.0825812099687;aerien post recolte;residus aeriens;labile;0.0;0.0;0.0;0.0
2019;258;525_001;SSM1-0032;mil;incorpore;638.0;7.049688306134763;90.50045509739788;racines post recolte;residus racinaires;labile;0.0;0.0;0.0;0.0
2019;258;525_001;SSM1-0032;mil;surface;91.42222222222223;1.010185220879081;90.50045509739789;aerien post recolte;residus aeriens;labile;0.0;0.0;0.0;0.0
2019;258;526_001;SSM1-0032;mil;incorpore;638.0;7.0467969635738905;90.53758797052507;racines post recolte;residus racinaires;labile;0.0;0.0;0.0;0.0
2019;258;526_001;SSM1-0032;mil;surface;91.42222222222223;1.009770905891431;90.53758797052507;aerien post recolte;residus aeriens;labile;0.0;0.0;0.0;0.0
2019;258;527_001;SSM1-0032;mil;incorpore;638.0;7.035780539757079;90.67934913473408;racines post recolte;residus racinaires;labile;0.0;0.0;0.0;0.0
2019;258;527_001;SSM1-0032;mil;surface;91.42222222222223;1.0081923072295584;90.6793491347341;aerien post recolte;residus aeriens;labile;0.0;0.0;0.0;0.0
2019;258;528_001;SSM1-0032;mil;incorpore;638.0;7.0467969635738905;90.53758797052507;racines post recolte;residus racinaires;labile;0.0;0.0;0.0;0.0
2019;258;528_001;SSM1-0032;mil;surface;91.42222222222223;1.009770905891431;90.53758797052507;aerien post recolte;residus aeriens;labile;0.0;0.0;0.0;0.0
2019;258;529_001;SSM1-0032;mil;incorpore;638.0;7.035780539757079;90.67934913473408;racines post recolte;residus racinaires;labile;0.0;0.0;0.0;0.0
2019;258;529_001;SSM1-0032;mil;surface;91.42222222222223;1.0081923072295584;90.6793491347341;aerien post recolte;residus aeriens;labile;0.0;0.0;0.0;0.0
2019;258;530_001;SSM1-0032;mil;incorpore;638.0;7.0467969635738905;90.53758797052507;racines post recolte;residus racinaires;labile;0.0;0.0;0.0;0.0
2019;258;530_001;SSM1-0032;mil;surface;91.42222222222223;1.009770905891431;90.53758797052507;aerien post recolte;residus aeriens;labile;0.0;0.0;0.0;0.0
2019;258;531_001;SSM1-0032;mil;incorpore;638.0;7.035780539757079;90.67934913473408;racines post recolte;residus racinaires;labile;0.0;0.0;0.0;0.0
2019;258;531_001;SSM1-0032;mil;surface;91.42222222222223;1.0081923072295584;90.6793491347341;aerien post recolte;residus aeriens;labile;0.0;0.0;0.0;0.0
2019;258;532_001;SSM1-0032;mil;incorpore;638.0;7.0467969635738905;90.53758797052507;racines post recolte;residus racinaires;labile;0.0;0.0;0.0;0.0
2019;258;532_001;SSM1-0032;mil;surface;91.42222222222223;1.009770905891431;90.53758797052507;aerien post recolte;residus aeriens;labile;0.0;0.0;0.0;0.0
2019;258;533_001;SSM1-0032;mil;incorpore;638.0;7.035780539757079;90.67934913473408;racines post recolte;residus racinaires;labile;0.0;0.0;0.0;0.0
2019;258;533_001;SSM1-0032;mil;surface;91.42222222222223;1.0081923072295584;90.6793491347341;aerien post recolte;residus aeriens;labile;0.0;0.0;0.0;0.0
2019;258;534_001;SSM1-0026;mil;incorpore;638.0;7.049688306134763;90.50045509739788;racines post recolte;residus racinaires;labile;0.0;0.0;0.0;0.0
2019;258;534_001;SSM1-0026;mil;surface;91.42222222222223;1.010185220879081;90.50045509739789;aerien post recolte;residus aeriens;labile;0.0;0.0;0.0;0.0
2019;258;535_001;SSM1-0033;mil;incorpore;638.0;7.0467969635738905;90.53758797052507;racines post recolte;residus racinaires;labile;0.0;0.0;0.0;0.0
2019;258;535_001;SSM1-0033;mil;surface;91.42222222222223;1.009770905891431;90.53758797052507;aerien post recolte;residus aeriens;labile;0.0;0.0;0.0;0.0
2019;258;536_001;SSM1-0033;mil;incorpore;638.0;7.035780539757079;90.67934913473408;racines post recolte;residus racinaires;labile;0.0;0.0;0.0;0.0
2019;258;536_001;SSM1-0033;mil;surface;91.42222222222223;1.0081923072295584;90.6793491347341;aerien post recolte;residus aeriens;labile;0.0;0.0;0.0;0.0
2019;258;537_001;SSM1-0033;mil;incorpore;638.0;7.0467969635738905;90.53758797052507;racines post recolte;residus racinaires;labile;0.0;0.0;0.0;0.0
2019;258;537_001;SSM1-0033;mil;surface;91.42222222222223;1.009770905891431;90.53758797052507;aerien post recolte;residus aeriens;labile;0.0;0.0;0.0;0.0
2019;258;538_001;SSM1-0033;mil;incorpore;638.0;7.035780539757079;90.67934913473408;racines post recolte;residus racinaires;labile;0.0;0.0;0.0;0.0
2019;258;538_001;SSM1-0033;mil;surface;91.42222222222223;1.0081923072295584;90.6793491347341;aerien post recolte;residus aeriens;labile;0.0;0.0;0.0;0.0
2019;258;539_001;SSM1-0033;mil;incorpore;638.0;7.0467969635738905;90.53758797052507;racines post recolte;residus racinaires;labile;0.0;0.0;0.0;0.0
2019;258;539_001;SSM1-0033;mil;surface;91.42222222222223;1.009770905891431;90.53758797052507;aerien post recolte;residus aeriens;labile;0.0;0.0;0.0;0.0
2019;258;540_001;SSM1-0033;mil;incorpore;638.0;7.035780539757079;90.67934913473408;racines post recolte;residus racinaires;labile;0.0;0.0;0.0;0.0
2019;258;540_001;SSM1-0033;mil;surface;91.42222222222223;1.0081923072295584;90.6793491347341;aerien post recolte;residus aeriens;labile;0.0;0.0;0.0;0.0
2019;258;541_001;SSM1-0033;mil;incorpore;638.0;7.0467969635738905;90.53758797052507;racines post recolte;residus racinaires;labile;0.0;0.0;0.0;0.0
2019;258;541_001;SSM1-0033;mil;surface;91.42222222222223;1.009770905891431;90.53758797052507;aerien post recolte;residus aeriens;labile;0.0;0.0;0.0;0.0
2019;258;542_001;SSM1-0033;mil;incorpore;638.0;7.035780539757079;90.67934913473408;racines post recolte;residus racinaires;labile;0.0;0.0;0.0;0.0
2019;258;542_001;SSM1-0033;mil;surface;91.42222222222223;1.0081923072295584;90.6793491347341;aerien post recolte;residus aeriens;labile;0.0;0.0;0.0;0.0
2019;258;543_001;SSM1-0033;mil;incorpore;638.0;7.001165119436588;91.1276893368489;racines post recolte;residus racinaires;labile;0.0;0.0;0.0;0.0
2019;258;543_001;SSM1-0033;mil;surface;91.42222222222223;1.003232089911603;91.12768933684892;aerien post recolte;residus aeriens;labile;0.0;0.0;0.0;0.0
2019;258;544_001;SSM1-0033;mil;incorpore;638.0;6.959019448653644;91.6795828359746;racines post recolte;residus racinaires;labile;0.0;0.0;0.0;0.0
2019;258;544_001;SSM1-0033;mil;surface;91.42222222222223;0.9971928252093727;91.67958283597461;aerien post recolte;residus aeriens;labile;0.0;0.0;0.0;0.0
2019;258;545_001;SSM1-0033;mil;incorpore;638.0;6.862191857658906;92.97320932347978;racines post recolte;residus racinaires;labile;0.0;0.0;0.0;0.0
2019;258;545_001;SSM1-0033;mil;surface;91.42222222222223;0.983317913702847;92.9732093234798;aerien post recolte;residus aeriens;labile;0.0;0.0;0.0;0.0
2019;258;546_001;SSM1-0033;mil;incorpore;638.0;6.87308671196636;92.82583309900814;racines post recolte;residus racinaires;labile;0.0;0.0;0.0;0.0
2019;258;546_001;SSM1-0033;mil;surface;91.42222222222223;0.9848790920595475;92.82583309900814;aerien post recolte;residus aeriens;labile;0.0;0.0;0.0;0.0
2019;258;547_001;SSM1-0033;mil;incorpore;638.0;6.87308671196636;92.82583309900814;racines post recolte;residus racinaires;labile;0.0;0.0;0.0;0.0
2019;258;547_001;SSM1-0033;mil;surface;91.42222222222223;0.9848790920595475;92.82583309900814;aerien post recolte;residus aeriens;labile;0.0;0.0;0.0;0.0
2019;258;548_001;SSM1-0033;mil;incorpore;638.0;7.0467969635738905;90.53758797052507;racines post recolte;residus racinaires;labile;0.0;0.0;0.0;0.0
2019;258;548_001;SSM1-0033;mil;surface;91.42222222222223;1.009770905891431;90.53758797052507;aerien post recolte;residus aeriens;labile;0.0;0.0;0.0;0.0
2019;258;549_001;SSM1-0033;mil;incorpore;638.0;7.035780539757079;90.67934913473408;racines post recolte;residus racinaires;labile;0.0;0.0;0.0;0.0
2019;258;549_001;SSM1-0033;mil;surface;91.42222222222223;1.0081923072295584;90.6793491347341;aerien post recolte;residus aeriens;labile;0.0;0.0;0.0;0.0
2019;258;550_001;SSM1-0033;mil;incorpore;638.0;7.0467969635738905;90.53758797052507;racines post recolte;residus racinaires;labile;0.0;0.0;0.0;0.0
2019;258;550_001;SSM1-0033;mil;surface;91.42222222222223;1.009770905891431;90.53758797052507;aerien post recolte;residus aeriens;labile;0.0;0.0;0.0;0.0
2019;258;551_001;SSM1-0033;mil;incorpore;638.0;7.035780539757079;90.67934913473408;racines post recolte;residus racinaires;labile;0.0;0.0;0.0;0.0
2019;258;551_001;SSM1-0033;mil;surface;91.42222222222223;1.0081923072295584;90.6793491347341;aerien post recolte;residus aeriens;labile;0.0;0.0;0.0;0.0
2019;258;552_001;SSM1-0033;mil;incorpore;638.0;7.0467969635738905;90.53758797052507;racines post recolte;residus racinaires;labile;0.0;0.0;0.0;0.0
2019;258;552_001;SSM1-0033;mil;surface;91.42222222222223;1.009770905891431;90.53758797052507;aerien post recolte;residus aeriens;labile;0.0;0.0;0.0;0.0
2019;258;553_001;SSM1-0033;mil;incorpore;638.0;7.035780539757079;90.67934913473408;racines post recolte;residus racinaires;labile;0.0;0.0;0.0;0.0
2019;258;553_001;SSM1-0033;mil;surface;91.42222222222223;1.0081923072295584;90.6793491347341;aerien post recolte;residus aeriens;labile;0.0;0.0;0.0;0.0
2019;258;554_001;SSM1-0032;mil;incorpore;638.0;7.0467969635738905;90.53758797052507;racines post recolte;residus racinaires;labile;0.0;0.0;0.0;0.0
2019;258;554_001;SSM1-0032;mil;surface;91.42222222222223;1.009770905891431;90.53758797052507;aerien post recolte;residus aeriens;labile;0.0;0.0;0.0;0.0
2019;258;555_001;SSM1-0032;mil;incorpore;638.0;7.035780539757079;90.67934913473408;racines post recolte;residus racinaires;labile;0.0;0.0;0.0;0.0
2019;258;555_001;SSM1-0032;mil;surface;91.42222222222223;1.0081923072295584;90.6793491347341;aerien post recolte;residus aeriens;labile;0.0;0.0;0.0;0.0
2019;258;556_001;SSM1-0034;mil;incorpore;638.0;7.001165119436588;91.1276893368489;racines post recolte;residus racinaires;labile;0.0;0.0;0.0;0.0
2019;258;556_001;SSM1-0034;mil;surface;91.42222222222223;1.003232089911603;91.12768933684892;aerien post recolte;residus aeriens;labile;0.0;0.0;0.0;0.0
2019;258;557_001;SSM1-0034;mil;incorpore;638.0;6.959019448653644;91.6795828359746;racines post recolte;residus racinaires;labile;0.0;0.0;0.0;0.0
2019;258;557_001;SSM1-0034;mil;surface;91.42222222222223;0.9971928252093727;91.67958283597461;aerien post recolte;residus aeriens;labile;0.0;0.0;0.0;0.0
2019;258;558_001;SSM1-0034;mil;incorpore;638.0;7.0467969635738905;90.53758797052507;racines post recolte;residus racinaires;labile;0.0;0.0;0.0;0.0
2019;258;558_001;SSM1-0034;mil;surface;91.42222222222223;1.009770905891431;90.53758797052507;aerien post recolte;residus aeriens;labile;0.0;0.0;0.0;0.0
2019;258;559_001;SSM1-0034;mil;incorpore;638.0;7.035780539757079;90.67934913473408;racines post recolte;residus racinaires;labile;0.0;0.0;0.0;0.0
2019;258;559_001;SSM1-0034;mil;surface;91.42222222222223;1.0081923072295584;90.6793491347341;aerien post recolte;residus aeriens;labile;0.0;0.0;0.0;0.0
2019;258;560_001;SSM1-0034;mil;incorpore;638.0;7.035780539757079;90.67934913473408;racines post recolte;residus racinaires;labile;0.0;0.0;0.0;0.0
2019;258;560_001;SSM1-0034;mil;surface;91.42222222222223;1.0081923072295584;90.6793491347341;aerien post recolte;residus aeriens;labile;0.0;0.0;0.0;0.0
2019;258;561_001;SSM1-0034;mil;incorpore;638.0;7.0467969635738905;90.53758797052507;racines post recolte;residus racinaires;labile;0.0;0.0;0.0;0.0
2019;258;561_001;SSM1-0034;mil;surface;91.42222222222223;1.009770905891431;90.53758797052507;aerien post recolte;residus aeriens;labile;0.0;0.0;0.0;0.0
2019;258;562_001;SSM1-0034;mil;incorpore;638.0;7.035780539757079;90.67934913473408;racines post recolte;residus racinaires;labile;0.0;0.0;0.0;0.0
2019;258;562_001;SSM1-0034;mil;surface;91.42222222222223;1.0081923072295584;90.6793491347341;aerien post recolte;residus aeriens;labile;0.0;0.0;0.0;0.0
2019;258;563_001;SSM1-0034;mil;incorpore;638.0;7.0467969635738905;90.53758797052507;racines post recolte;residus racinaires;labile;0.0;0.0;0.0;0.0
2019;258;563_001;SSM1-0034;mil;surface;91.42222222222223;1.009770905891431;90.53758797052507;aerien post recolte;residus aeriens;labile;0.0;0.0;0.0;0.0
2019;258;564_001;SSM1-0034;mil;incorpore;638.0;7.035780539757079;90.67934913473408;racines post recolte;residus racinaires;labile;0.0;0.0;0.0;0.0
2019;258;564_001;SSM1-0034;mil;surface;91.42222222222223;1.0081923072295584;90.6793491347341;aerien post recolte;residus aeriens;labile;0.0;0.0;0.0;0.0
2019;258;565_001;SSM1-0034;mil;incorpore;638.0;7.0467969635738905;90.53758797052507;racines post recolte;residus racinaires;labile;0.0;0.0;0.0;0.0
2019;258;565_001;SSM1-0034;mil;surface;91.42222222222223;1.009770905891431;90.53758797052507;aerien post recolte;residus aeriens;labile;0.0;0.0;0.0;0.0
2019;258;566_001;SSM1-0034;mil;incorpore;638.0;7.035780539757079;90.67934913473408;racines post recolte;residus racinaires;labile;0.0;0.0;0.0;0.0
2019;258;566_001;SSM1-0034;mil;surface;91.42222222222223;1.0081923072295584;90.6793491347341;aerien post recolte;residus aeriens;labile;0.0;0.0;0.0;0.0
2019;258;567_001;SSM1-0034;mil;incorpore;638.0;7.0467969635738905;90.53758797052507;racines post recolte;residus racinaires;labile;0.0;0.0;0.0;0.0
2019;258;567_001;SSM1-0034;mil;surface;91.42222222222223;1.009770905891431;90.53758797052507;aerien post recolte;residus aeriens;labile;0.0;0.0;0.0;0.0
2019;258;568_001;SSM1-0034;mil;incorpore;638.0;7.035780539757079;90.67934913473408;racines post recolte;residus racinaires;labile;0.0;0.0;0.0;0.0
2019;258;568_001;SSM1-0034;mil;surface;91.42222222222223;1.0081923072295584;90.6793491347341;aerien post recolte;residus aeriens;labile;0.0;0.0;0.0;0.0
2019;258;569_001;SSM1-0034;mil;incorpore;638.0;7.0467969635738905;90.53758797052507;racines post recolte;residus racinaires;labile;0.0;0.0;0.0;0.0
2019;258;569_001;SSM1-0034;mil;surface;91.42222222222223;1.009770905891431;90.53758797052507;aerien post recolte;residus aeriens;labile;0.0;0.0;0.0;0.0
2019;258;570_001;SSM1-0034;mil;incorpore;638.0;7.035780539757079;90.67934913473408;racines post recolte;residus racinaires;labile;0.0;0.0;0.0;0.0
2019;258;570_001;SSM1-0034;mil;surface;91.42222222222223;1.0081923072295584;90.6793491347341;aerien post recolte;residus aeriens;labile;0.0;0.0;0.0;0.0
2019;258;571_001;SSM1-0034;mil;incorpore;638.0;6.862191857658906;92.97320932347978;racines post recolte;residus racinaires;labile;0.0;0.0;0.0;0.0
2019;258;571_001;SSM1-0034;mil;surface;91.42222222222223;0.983317913702847;92.9732093234798;aerien post recolte;residus aeriens;labile;0.0;0.0;0.0;0.0
2019;258;572_001;SSM1-0034;mil;incorpore;638.0;6.87308671196636;92.82583309900814;racines post recolte;residus racinaires;labile;0.0;0.0;0.0;0.0
2019;258;572_001;SSM1-0034;mil;surface;91.42222222222223;0.9848790920595475;92.82583309900814;aerien post recolte;residus aeriens;labile;0.0;0.0;0.0;0.0
2019;258;573_001;SSM1-0034;mil;incorpore;638.0;6.87308671196636;92.82583309900814;racines post recolte;residus racinaires;labile;0.0;0.0;0.0;0.0
2019;258;573_001;SSM1-0034;mil;surface;91.42222222222223;0.9848790920595475;92.82583309900814;aerien post recolte;residus aeriens;labile;0.0;0.0;0.0;0.0
2019;258;574_001;SSM1-0034;mil;incorpore;638.0;6.862191857658906;92.97320932347978;racines post recolte;residus racinaires;labile;0.0;0.0;0.0;0.0
2019;258;574_001;SSM1-0034;mil;surface;91.42222222222223;0.983317913702847;92.9732093234798;aerien post recolte;residus aeriens;labile;0.0;0.0;0.0;0.0
2019;258;575_001;SSM1-0034;mil;incorpore;638.0;6.87308671196636;92.82583309900814;racines post recolte;residus racinaires;labile;0.0;0.0;0.0;0.0
2019;258;575_001;SSM1-0034;mil;surface;91.42222222222223;0.9848790920595475;92.82583309900814;aerien post recolte;residus aeriens;labile;0.0;0.0;0.0;0.0
2019;258;576_001;SSM1-0034;mil;incorpore;638.0;6.862191857658906;92.97320932347978;racines post recolte;residus racinaires;labile;0.0;0.0;0.0;0.0
2019;258;576_001;SSM1-0034;mil;surface;91.42222222222223;0.983317913702847;92.9732093234798;aerien post recolte;residus aeriens;labile;0.0;0.0;0.0;0.0
2019;258;577_001;SSM1-0034;mil;incorpore;638.0;6.87308671196636;92.82583309900814;racines post recolte;residus racinaires;labile;0.0;0.0;0.0;0.0
2019;258;577_001;SSM1-0034;mil;surface;91.42222222222223;0.9848790920595475;92.82583309900814;aerien post recolte;residus aeriens;labile;0.0;0.0;0.0;0.0
2019;258;578_001;SSM1-0034;mil;incorpore;638.0;6.862191857658906;92.97320932347978;racines post recolte;residus racinaires;labile;0.0;0.0;0.0;0.0
2019;258;578_001;SSM1-0034;mil;surface;91.42222222222223;0.983317913702847;92.9732093234798;aerien post recolte;residus aeriens;labile;0.0;0.0;0.0;0.0
2019;258;579_001;SSM1-0034;mil;incorpore;638.0;6.87308671196636;92.82583309900814;racines post recolte;residus racinaires;labile;0.0;0.0;0.0;0.0
2019;258;579_001;SSM1-0034;mil;surface;91.42222222222223;0.9848790920595475;92.82583309900814;aerien post recolte;residus aeriens;labile;0.0;0.0;0.0;0.0
2019;258;580_001;SSM1-0034;mil;incorpore;638.0;7.082390307099658;90.08258120996868;racines post recolte;residus racinaires;labile;0.0;0.0;0.0;0.0
2019;258;580_001;SSM1-0034;mil;surface;91.42222222222223;1.0148712547338208;90.0825812099687;aerien post recolte;residus aeriens;labile;0.0;0.0;0.0;0.0
2019;258;581_001;SSM1-0034;mil;incorpore;638.0;7.049688306134763;90.50045509739788;racines post recolte;residus racinaires;labile;0.0;0.0;0.0;0.0
2019;258;581_001;SSM1-0034;mil;surface;91.42222222222223;1.010185220879081;90.50045509739789;aerien post recolte;residus aeriens;labile;0.0;0.0;0.0;0.0
2019;258;582_001;SSM1-0034;mil;incorpore;638.0;7.049688306134763;90.50045509739788;racines post recolte;residus racinaires;labile;0.0;0.0;0.0;0.0
2019;258;582_001;SSM1-0034;mil;surface;91.42222222222223;1.010185220879081;90.50045509739789;aerien post recolte;residus aeriens;labile;0.0;0.0;0.0;0.0
2019;258;583_001;SSM1-0035;mil;incorpore;638.0;7.001165119436588;91.1276893368489;racines post recolte;residus racinaires;labile;0.0;0.0;0.0;0.0
2019;258;583_001;SSM1-0035;mil;surface;91.42222222222223;1.003232089911603;91.12768933684892;aerien post recolte;residus aeriens;labile;0.0;0.0;0.0;0.0
2019;258;584_001;SSM1-0035;mil;incorpore;638.0;6.959019448653644;91.6795828359746;racines post recolte;residus racinaires;labile;0.0;0.0;0.0;0.0
2019;258;584_001;SSM1-0035;mil;surface;91.42222222222223;0.9971928252093727;91.67958283597461;aerien post recolte;residus aeriens;labile;0.0;0.0;0.0;0.0
2019;258;585_001;SSM1-0035;mil;incorpore;638.0;7.001165119436588;91.1276893368489;racines post recolte;residus racinaires;labile;0.0;0.0;0.0;0.0
2019;258;585_001;SSM1-0035;mil;surface;91.42222222222223;1.003232089911603;91.12768933684892;aerien post recolte;residus aeriens;labile;0.0;0.0;0.0;0.0
2019;258;586_001;SSM1-0035;mil;incorpore;638.0;6.959019448653644;91.6795828359746;racines post recolte;residus racinaires;labile;0.0;0.0;0.0;0.0
2019;258;586_001;SSM1-0035;mil;surface;91.42222222222223;0.9971928252093727;91.67958283597461;aerien post recolte;residus aeriens;labile;0.0;0.0;0.0;0.0
2019;258;587_001;SSM1-0035;mil;incorpore;638.0;7.0467969635738905;90.53758797052507;racines post recolte;residus racinaires;labile;0.0;0.0;0.0;0.0
2019;258;587_001;SSM1-0035;mil;surface;91.42222222222223;1.009770905891431;90.53758797052507;aerien post recolte;residus aeriens;labile;0.0;0.0;0.0;0.0
2019;258;588_001;SSM1-0035;mil;incorpore;638.0;7.035780539757079;90.67934913473408;racines post recolte;residus racinaires;labile;0.0;0.0;0.0;0.0
2019;258;588_001;SSM1-0035;mil;surface;91.42222222222223;1.0081923072295584;90.6793491347341;aerien post recolte;residus aeriens;labile;0.0;0.0;0.0;0.0
2019;258;589_001;SSM1-0035;mil;incorpore;638.0;7.0467969635738905;90.53758797052507;racines post recolte;residus racinaires;labile;0.0;0.0;0.0;0.0
2019;258;589_001;SSM1-0035;mil;surface;91.42222222222223;1.009770905891431;90.53758797052507;aerien post recolte;residus aeriens;labile;0.0;0.0;0.0;0.0
2019;258;590_001;SSM1-0035;mil;incorpore;638.0;7.035780539757079;90.67934913473408;racines post recolte;residus racinaires;labile;0.0;0.0;0.0;0.0
2019;258;590_001;SSM1-0035;mil;surface;91.42222222222223;1.0081923072295584;90.6793491347341;aerien post recolte;residus aeriens;labile;0.0;0.0;0.0;0.0
2019;258;591_001;SSM1-0035;mil;incorpore;638.0;7.0467969635738905;90.53758797052507;racines post recolte;residus racinaires;labile;0.0;0.0;0.0;0.0
2019;258;591_001;SSM1-0035;mil;surface;91.42222222222223;1.009770905891431;90.53758797052507;aerien post recolte;residus aeriens;labile;0.0;0.0;0.0;0.0
2019;258;592_001;SSM1-0035;mil;incorpore;638.0;7.035780539757079;90.67934913473408;racines post recolte;residus racinaires;labile;0.0;0.0;0.0;0.0
2019;258;592_001;SSM1-0035;mil;surface;91.42222222222223;1.0081923072295584;90.6793491347341;aerien post recolte;residus aeriens;labile;0.0;0.0;0.0;0.0
2019;258;593_001;SSM1-0035;mil;incorpore;638.0;7.0467969635738905;90.53758797052507;racines post recolte;residus racinaires;labile;0.0;0.0;0.0;0.0
2019;258;593_001;SSM1-0035;mil;surface;91.42222222222223;1.009770905891431;90.53758797052507;aerien post recolte;residus aeriens;labile;0.0;0.0;0.0;0.0
2019;258;594_001;SSM1-0035;mil;incorpore;638.0;7.035780539757079;90.67934913473408;racines post recolte;residus racinaires;labile;0.0;0.0;0.0;0.0
2019;258;594_001;SSM1-0035;mil;surface;91.42222222222223;1.0081923072295584;90.6793491347341;aerien post recolte;residus aeriens;labile;0.0;0.0;0.0;0.0
2019;258;595_001;SSM1-0035;mil;incorpore;638.0;7.0467969635738905;90.53758797052507;racines post recolte;residus racinaires;labile;0.0;0.0;0.0;0.0
2019;258;595_001;SSM1-0035;mil;surface;91.42222222222223;1.009770905891431;90.53758797052507;aerien post recolte;residus aeriens;labile;0.0;0.0;0.0;0.0
2019;258;596_001;SSM1-0035;mil;incorpore;638.0;7.035780539757079;90.67934913473408;racines post recolte;residus racinaires;labile;0.0;0.0;0.0;0.0
2019;258;596_001;SSM1-0035;mil;surface;91.42222222222223;1.0081923072295584;90.6793491347341;aerien post recolte;residus aeriens;labile;0.0;0.0;0.0;0.0
2019;258;597_001;SSM1-0035;mil;incorpore;638.0;7.035780539757079;90.67934913473408;racines post recolte;residus racinaires;labile;0.0;0.0;0.0;0.0
2019;258;597_001;SSM1-0035;mil;surface;91.42222222222223;1.0081923072295584;90.6793491347341;aerien post recolte;residus aeriens;labile;0.0;0.0;0.0;0.0
2019;258;598_001;SSM1-0035;mil;incorpore;638.0;6.87308671196636;92.82583309900814;racines post recolte;residus racinaires;labile;0.0;0.0;0.0;0.0
2019;258;598_001;SSM1-0035;mil;surface;91.42222222222223;0.9848790920595475;92.82583309900814;aerien post recolte;residus aeriens;labile;0.0;0.0;0.0;0.0
2019;258;599_001;SSM1-0036;mil;incorpore;638.0;7.001165119436588;91.1276893368489;racines post recolte;residus racinaires;labile;0.0;0.0;0.0;0.0
2019;258;599_001;SSM1-0036;mil;surface;91.42222222222223;1.003232089911603;91.12768933684892;aerien post recolte;residus aeriens;labile;0.0;0.0;0.0;0.0
2019;258;600_001;SSM1-0036;mil;incorpore;638.0;6.959019448653644;91.6795828359746;racines post recolte;residus racinaires;labile;0.0;0.0;0.0;0.0
2019;258;600_001;SSM1-0036;mil;surface;91.42222222222223;0.9971928252093727;91.67958283597461;aerien post recolte;residus aeriens;labile;0.0;0.0;0.0;0.0
2019;258;601_001;SSM1-0036;mil;incorpore;638.0;7.0467969635738905;90.53758797052507;racines post recolte;residus racinaires;labile;0.0;0.0;0.0;0.0
2019;258;601_001;SSM1-0036;mil;surface;91.42222222222223;1.009770905891431;90.53758797052507;aerien post recolte;residus aeriens;labile;0.0;0.0;0.0;0.0
2019;258;602_001;SSM1-0036;mil;incorpore;638.0;7.035780539757079;90.67934913473408;racines post recolte;residus racinaires;labile;0.0;0.0;0.0;0.0
2019;258;602_001;SSM1-0036;mil;surface;91.42222222222223;1.0081923072295584;90.6793491347341;aerien post recolte;residus aeriens;labile;0.0;0.0;0.0;0.0
2019;258;603_001;SSM1-0036;mil;incorpore;638.0;7.0467969635738905;90.53758797052507;racines post recolte;residus racinaires;labile;0.0;0.0;0.0;0.0
2019;258;603_001;SSM1-0036;mil;surface;91.42222222222223;1.009770905891431;90.53758797052507;aerien post recolte;residus aeriens;labile;0.0;0.0;0.0;0.0
2019;258;604_001;SSM1-0036;mil;incorpore;638.0;7.035780539757079;90.67934913473408;racines post recolte;residus racinaires;labile;0.0;0.0;0.0;0.0
2019;258;604_001;SSM1-0036;mil;surface;91.42222222222223;1.0081923072295584;90.6793491347341;aerien post recolte;residus aeriens;labile;0.0;0.0;0.0;0.0
2019;258;605_001;SSM1-0036;mil;incorpore;638.0;7.0467969635738905;90.53758797052507;racines post recolte;residus racinaires;labile;0.0;0.0;0.0;0.0
2019;258;605_001;SSM1-0036;mil;surface;91.42222222222223;1.009770905891431;90.53758797052507;aerien post recolte;residus aeriens;labile;0.0;0.0;0.0;0.0
2019;258;606_001;SSM1-0036;mil;incorpore;638.0;7.035780539757079;90.67934913473408;racines post recolte;residus racinaires;labile;0.0;0.0;0.0;0.0
2019;258;606_001;SSM1-0036;mil;surface;91.42222222222223;1.0081923072295584;90.6793491347341;aerien post recolte;residus aeriens;labile;0.0;0.0;0.0;0.0
2019;258;607_001;SSM1-0036;mil;incorpore;638.0;7.082390307099658;90.08258120996868;racines post recolte;residus racinaires;labile;0.0;0.0;0.0;0.0
2019;258;607_001;SSM1-0036;mil;surface;91.42222222222223;1.0148712547338208;90.0825812099687;aerien post recolte;residus aeriens;labile;0.0;0.0;0.0;0.0
2019;258;608_001;SSM1-0036;mil;incorpore;638.0;7.049688306134763;90.50045509739788;racines post recolte;residus racinaires;labile;0.0;0.0;0.0;0.0
2019;258;608_001;SSM1-0036;mil;surface;91.42222222222223;1.010185220879081;90.50045509739789;aerien post recolte;residus aeriens;labile;0.0;0.0;0.0;0.0
2019;258;609_001;SSM1-0036;mil;incorpore;638.0;6.862191857658906;92.97320932347978;racines post recolte;residus racinaires;labile;0.0;0.0;0.0;0.0
2019;258;609_001;SSM1-0036;mil;surface;91.42222222222223;0.983317913702847;92.9732093234798;aerien post recolte;residus aeriens;labile;0.0;0.0;0.0;0.0
2019;258;610_001;SSM1-0036;mil;incorpore;638.0;6.87308671196636;92.82583309900814;racines post recolte;residus racinaires;labile;0.0;0.0;0.0;0.0
2019;258;610_001;SSM1-0036;mil;surface;91.42222222222223;0.9848790920595475;92.82583309900814;aerien post recolte;residus aeriens;labile;0.0;0.0;0.0;0.0
2019;258;611_001;SSM1-0018;mil;incorpore;638.0;7.082390307099658;90.08258120996868;racines post recolte;residus racinaires;labile;0.0;0.0;0.0;0.0
2019;258;611_001;SSM1-0018;mil;surface;91.42222222222223;1.0148712547338208;90.0825812099687;aerien post recolte;residus aeriens;labile;0.0;0.0;0.0;0.0
2019;258;612_001;SSM1-0018;mil;incorpore;638.0;7.049688306134763;90.50045509739788;racines post recolte;residus racinaires;labile;0.0;0.0;0.0;0.0
2019;258;612_001;SSM1-0018;mil;surface;91.42222222222223;1.010185220879081;90.50045509739789;aerien post recolte;residus aeriens;labile;0.0;0.0;0.0;0.0
2019;258;613_001;SSM1-0037;mil;incorpore;638.0;6.959019448653644;91.6795828359746;racines post recolte;residus racinaires;labile;0.0;0.0;0.0;0.0
2019;258;613_001;SSM1-0037;mil;surface;91.42222222222223;0.9971928252093727;91.67958283597461;aerien post recolte;residus aeriens;labile;0.0;0.0;0.0;0.0
2019;258;614_001;SSM1-0037;mil;incorpore;638.0;7.0467969635738905;90.53758797052507;racines post recolte;residus racinaires;labile;0.0;0.0;0.0;0.0
2019;258;614_001;SSM1-0037;mil;surface;91.42222222222223;1.009770905891431;90.53758797052507;aerien post recolte;residus aeriens;labile;0.0;0.0;0.0;0.0
2019;258;615_001;SSM1-0037;mil;incorpore;638.0;7.035780539757079;90.67934913473408;racines post recolte;residus racinaires;labile;0.0;0.0;0.0;0.0
2019;258;615_001;SSM1-0037;mil;surface;91.42222222222223;1.0081923072295584;90.6793491347341;aerien post recolte;residus aeriens;labile;0.0;0.0;0.0;0.0
2019;258;616_001;SSM1-0037;mil;incorpore;638.0;7.0467969635738905;90.53758797052507;racines post recolte;residus racinaires;labile;0.0;0.0;0.0;0.0
2019;258;616_001;SSM1-0037;mil;surface;91.42222222222223;1.009770905891431;90.53758797052507;aerien post recolte;residus aeriens;labile;0.0;0.0;0.0;0.0
2019;258;617_001;SSM1-0037;mil;incorpore;638.0;7.035780539757079;90.67934913473408;racines post recolte;residus racinaires;labile;0.0;0.0;0.0;0.0
2019;258;617_001;SSM1-0037;mil;surface;91.42222222222223;1.0081923072295584;90.6793491347341;aerien post recolte;residus aeriens;labile;0.0;0.0;0.0;0.0
2019;258;618_001;SSM1-0037;mil;incorpore;638.0;7.0467969635738905;90.53758797052507;racines post recolte;residus racinaires;labile;0.0;0.0;0.0;0.0
2019;258;618_001;SSM1-0037;mil;surface;91.42222222222223;1.009770905891431;90.53758797052507;aerien post recolte;residus aeriens;labile;0.0;0.0;0.0;0.0
2019;258;619_001;SSM1-0037;mil;incorpore;638.0;7.035780539757079;90.67934913473408;racines post recolte;residus racinaires;labile;0.0;0.0;0.0;0.0
2019;258;619_001;SSM1-0037;mil;surface;91.42222222222223;1.0081923072295584;90.6793491347341;aerien post recolte;residus aeriens;labile;0.0;0.0;0.0;0.0
2019;258;620_001;SSM1-0037;mil;incorpore;638.0;7.0467969635738905;90.53758797052507;racines post recolte;residus racinaires;labile;0.0;0.0;0.0;0.0
2019;258;620_001;SSM1-0037;mil;surface;91.42222222222223;1.009770905891431;90.53758797052507;aerien post recolte;residus aeriens;labile;0.0;0.0;0.0;0.0
2019;258;621_001;SSM1-0037;mil;incorpore;638.0;7.035780539757079;90.67934913473408;racines post recolte;residus racinaires;labile;0.0;0.0;0.0;0.0
2019;258;621_001;SSM1-0037;mil;surface;91.42222222222223;1.0081923072295584;90.6793491347341;aerien post recolte;residus aeriens;labile;0.0;0.0;0.0;0.0
2019;258;622_001;SSM1-0037;mil;incorpore;638.0;7.0467969635738905;90.53758797052507;racines post recolte;residus racinaires;labile;0.0;0.0;0.0;0.0
2019;258;622_001;SSM1-0037;mil;surface;91.42222222222223;1.009770905891431;90.53758797052507;aerien post recolte;residus aeriens;labile;0.0;0.0;0.0;0.0
2019;258;623_001;SSM1-0037;mil;incorpore;638.0;7.035780539757079;90.67934913473408;racines post recolte;residus racinaires;labile;0.0;0.0;0.0;0.0
2019;258;623_001;SSM1-0037;mil;surface;91.42222222222223;1.0081923072295584;90.6793491347341;aerien post recolte;residus aeriens;labile;0.0;0.0;0.0;0.0
2019;258;624_001;SSM1-0037;mil;incorpore;638.0;7.0467969635738905;90.53758797052507;racines post recolte;residus racinaires;labile;0.0;0.0;0.0;0.0
2019;258;624_001;SSM1-0037;mil;surface;91.42222222222223;1.009770905891431;90.53758797052507;aerien post recolte;residus aeriens;labile;0.0;0.0;0.0;0.0
2019;258;625_001;SSM1-0037;mil;incorpore;638.0;7.035780539757079;90.67934913473408;racines post recolte;residus racinaires;labile;0.0;0.0;0.0;0.0
2019;258;625_001;SSM1-0037;mil;surface;91.42222222222223;1.0081923072295584;90.6793491347341;aerien post recolte;residus aeriens;labile;0.0;0.0;0.0;0.0
2019;258;626_001;SSM1-0037;mil;incorpore;638.0;7.0467969635738905;90.53758797052507;racines post recolte;residus racinaires;labile;0.0;0.0;0.0;0.0
2019;258;626_001;SSM1-0037;mil;surface;91.42222222222223;1.009770905891431;90.53758797052507;aerien post recolte;residus aeriens;labile;0.0;0.0;0.0;0.0
2019;258;627_001;SSM1-0037;mil;incorpore;638.0;7.035780539757079;90.67934913473408;racines post recolte;residus racinaires;labile;0.0;0.0;0.0;0.0
2019;258;627_001;SSM1-0037;mil;surface;91.42222222222223;1.0081923072295584;90.6793491347341;aerien post recolte;residus aeriens;labile;0.0;0.0;0.0;0.0
2019;258;628_001;SSM1-0037;mil;incorpore;638.0;7.0467969635738905;90.53758797052507;racines post recolte;residus racinaires;labile;0.0;0.0;0.0;0.0
2019;258;628_001;SSM1-0037;mil;surface;91.42222222222223;1.009770905891431;90.53758797052507;aerien post recolte;residus aeriens;labile;0.0;0.0;0.0;0.0
2019;258;629_001;SSM1-0037;mil;incorpore;638.0;7.035780539757079;90.67934913473408;racines post recolte;residus racinaires;labile;0.0;0.0;0.0;0.0
2019;258;629_001;SSM1-0037;mil;surface;91.42222222222223;1.0081923072295584;90.6793491347341;aerien post recolte;residus aeriens;labile;0.0;0.0;0.0;0.0
2019;258;630_001;SSM1-0037;mil;incorpore;638.0;7.0467969635738905;90.53758797052507;racines post recolte;residus racinaires;labile;0.0;0.0;0.0;0.0
2019;258;630_001;SSM1-0037;mil;surface;91.42222222222223;1.009770905891431;90.53758797052507;aerien post recolte;residus aeriens;labile;0.0;0.0;0.0;0.0
2019;258;631_001;SSM1-0037;mil;incorpore;638.0;7.035780539757079;90.67934913473408;racines post recolte;residus racinaires;labile;0.0;0.0;0.0;0.0
2019;258;631_001;SSM1-0037;mil;surface;91.42222222222223;1.0081923072295584;90.6793491347341;aerien post recolte;residus aeriens;labile;0.0;0.0;0.0;0.0
2019;258;632_001;SSM1-0037;mil;incorpore;638.0;6.862191857658906;92.97320932347978;racines post recolte;residus racinaires;labile;0.0;0.0;0.0;0.0
2019;258;632_001;SSM1-0037;mil;surface;91.42222222222223;0.983317913702847;92.9732093234798;aerien post recolte;residus aeriens;labile;0.0;0.0;0.0;0.0
2019;258;633_001;SSM1-0037;mil;incorpore;638.0;6.87308671196636;92.82583309900814;racines post recolte;residus racinaires;labile;0.0;0.0;0.0;0.0
2019;258;633_001;SSM1-0037;mil;surface;91.42222222222223;0.9848790920595475;92.82583309900814;aerien post recolte;residus aeriens;labile;0.0;0.0;0.0;0.0
2019;258;634_001;SSM1-0037;mil;incorpore;638.0;7.0467969635738905;90.53758797052507;racines post recolte;residus racinaires;labile;0.0;0.0;0.0;0.0
2019;258;634_001;SSM1-0037;mil;surface;91.42222222222223;1.009770905891431;90.53758797052507;aerien post recolte;residus aeriens;labile;0.0;0.0;0.0;0.0
2019;258;635_001;SSM1-0037;mil;incorpore;638.0;7.035780539757079;90.67934913473408;racines post recolte;residus racinaires;labile;0.0;0.0;0.0;0.0
2019;258;635_001;SSM1-0037;mil;surface;91.42222222222223;1.0081923072295584;90.6793491347341;aerien post recolte;residus aeriens;labile;0.0;0.0;0.0;0.0
2019;258;636_001;SSM1-0037;mil;incorpore;638.0;7.0467969635738905;90.53758797052507;racines post recolte;residus racinaires;labile;0.0;0.0;0.0;0.0
2019;258;636_001;SSM1-0037;mil;surface;91.42222222222223;1.009770905891431;90.53758797052507;aerien post recolte;residus aeriens;labile;0.0;0.0;0.0;0.0
2019;258;637_001;SSM1-0037;mil;incorpore;638.0;7.035780539757079;90.67934913473408;racines post recolte;residus racinaires;labile;0.0;0.0;0.0;0.0
2019;258;637_001;SSM1-0037;mil;surface;91.42222222222223;1.0081923072295584;90.6793491347341;aerien post recolte;residus aeriens;labile;0.0;0.0;0.0;0.0
2019;258;638_001;SSM1-0037;mil;incorpore;638.0;7.0467969635738905;90.53758797052507;racines post recolte;residus racinaires;labile;0.0;0.0;0.0;0.0
2019;258;638_001;SSM1-0037;mil;surface;91.42222222222223;1.009770905891431;90.53758797052507;aerien post recolte;residus aeriens;labile;0.0;0.0;0.0;0.0
2019;258;639_001;SSM1-0037;mil;incorpore;638.0;7.035780539757079;90.67934913473408;racines post recolte;residus racinaires;labile;0.0;0.0;0.0;0.0
2019;258;639_001;SSM1-0037;mil;surface;91.42222222222223;1.0081923072295584;90.6793491347341;aerien post recolte;residus aeriens;labile;0.0;0.0;0.0;0.0
2019;258;640_001;SSM1-0038;mil;incorpore;638.0;7.001165119436588;91.1276893368489;racines post recolte;residus racinaires;labile;0.0;0.0;0.0;0.0
2019;258;640_001;SSM1-0038;mil;surface;91.42222222222223;1.003232089911603;91.12768933684892;aerien post recolte;residus aeriens;labile;0.0;0.0;0.0;0.0
2019;258;641_001;SSM1-0038;mil;incorpore;638.0;6.959019448653644;91.6795828359746;racines post recolte;residus racinaires;labile;0.0;0.0;0.0;0.0
2019;258;641_001;SSM1-0038;mil;surface;91.42222222222223;0.9971928252093727;91.67958283597461;aerien post recolte;residus aeriens;labile;0.0;0.0;0.0;0.0
2019;258;642_001;SSM1-0039;mil;incorpore;638.0;7.001165119436588;91.1276893368489;racines post recolte;residus racinaires;labile;0.0;0.0;0.0;0.0
2019;258;642_001;SSM1-0039;mil;surface;91.42222222222223;1.003232089911603;91.12768933684892;aerien post recolte;residus aeriens;labile;0.0;0.0;0.0;0.0
2019;258;643_001;SSM1-0039;mil;incorpore;638.0;6.959019448653644;91.6795828359746;racines post recolte;residus racinaires;labile;0.0;0.0;0.0;0.0
2019;258;643_001;SSM1-0039;mil;surface;91.42222222222223;0.9971928252093727;91.67958283597461;aerien post recolte;residus aeriens;labile;0.0;0.0;0.0;0.0
2019;258;644_001;SSM1-0039;mil;incorpore;638.0;7.082390307099658;90.08258120996868;racines post recolte;residus racinaires;labile;0.0;0.0;0.0;0.0
2019;258;644_001;SSM1-0039;mil;surface;91.42222222222223;1.0148712547338208;90.0825812099687;aerien post recolte;residus aeriens;labile;0.0;0.0;0.0;0.0
2019;258;645_001;SSM1-0039;mil;incorpore;638.0;7.049688306134763;90.50045509739788;racines post recolte;residus racinaires;labile;0.0;0.0;0.0;0.0
2019;258;645_001;SSM1-0039;mil;surface;91.42222222222223;1.010185220879081;90.50045509739789;aerien post recolte;residus aeriens;labile;0.0;0.0;0.0;0.0
2019;258;646_001;SSM1-0039;mil;incorpore;638.0;6.862191857658906;92.97320932347978;racines post recolte;residus racinaires;labile;0.0;0.0;0.0;0.0
2019;258;646_001;SSM1-0039;mil;surface;91.42222222222223;0.983317913702847;92.9732093234798;aerien post recolte;residus aeriens;labile;0.0;0.0;0.0;0.0
2019;258;647_001;SSM1-0039;mil;incorpore;638.0;6.87308671196636;92.82583309900814;racines post recolte;residus racinaires;labile;0.0;0.0;0.0;0.0
2019;258;647_001;SSM1-0039;mil;surface;91.42222222222223;0.9848790920595475;92.82583309900814;aerien post recolte;residus aeriens;labile;0.0;0.0;0.0;0.0
2019;258;648_001;SSM1-0039;mil;incorpore;638.0;7.082390307099658;90.08258120996868;racines post recolte;residus racinaires;labile;0.0;0.0;0.0;0.0
2019;258;648_001;SSM1-0039;mil;surface;91.42222222222223;1.0148712547338208;90.0825812099687;aerien post recolte;residus aeriens;labile;0.0;0.0;0.0;0.0
2019;258;649_001;SSM1-0039;mil;incorpore;638.0;7.049688306134763;90.50045509739788;racines post recolte;residus racinaires;labile;0.0;0.0;0.0;0.0
2019;258;649_001;SSM1-0039;mil;surface;91.42222222222223;1.010185220879081;90.50045509739789;aerien post recolte;residus aeriens;labile;0.0;0.0;0.0;0.0
2019;258;650_001;SSM1-0039;mil;incorpore;638.0;7.035780539757079;90.67934913473408;racines post recolte;residus racinaires;labile;0.0;0.0;0.0;0.0
2019;258;650_001;SSM1-0039;mil;surface;91.42222222222223;1.0081923072295584;90.6793491347341;aerien post recolte;residus aeriens;labile;0.0;0.0;0.0;0.0
2019;258;651_001;SSM1-0039;mil;incorpore;638.0;7.0467969635738905;90.53758797052507;racines post recolte;residus racinaires;labile;0.0;0.0;0.0;0.0
2019;258;651_001;SSM1-0039;mil;surface;91.42222222222223;1.009770905891431;90.53758797052507;aerien post recolte;residus aeriens;labile;0.0;0.0;0.0;0.0
2019;258;652_001;SSM1-0039;mil;incorpore;638.0;7.035780539757079;90.67934913473408;racines post recolte;residus racinaires;labile;0.0;0.0;0.0;0.0
2019;258;652_001;SSM1-0039;mil;surface;91.42222222222223;1.0081923072295584;90.6793491347341;aerien post recolte;residus aeriens;labile;0.0;0.0;0.0;0.0
2019;258;653_001;SSM1-0039;mil;incorpore;638.0;7.049688306134763;90.50045509739788;racines post recolte;residus racinaires;labile;0.0;0.0;0.0;0.0
2019;258;653_001;SSM1-0039;mil;surface;91.42222222222223;1.010185220879081;90.50045509739789;aerien post recolte;residus aeriens;labile;0.0;0.0;0.0;0.0
2019;258;654_001;SSM1-0039;mil;incorpore;638.0;7.049688306134763;90.50045509739788;racines post recolte;residus racinaires;labile;0.0;0.0;0.0;0.0
2019;258;654_001;SSM1-0039;mil;surface;91.42222222222223;1.010185220879081;90.50045509739789;aerien post recolte;residus aeriens;labile;0.0;0.0;0.0;0.0
2019;258;655_001;SSM1-0039;mil;incorpore;638.0;7.0467969635738905;90.53758797052507;racines post recolte;residus racinaires;labile;0.0;0.0;0.0;0.0
2019;258;655_001;SSM1-0039;mil;surface;91.42222222222223;1.009770905891431;90.53758797052507;aerien post recolte;residus aeriens;labile;0.0;0.0;0.0;0.0
2019;258;656_001;SSM1-0039;mil;incorpore;638.0;7.035780539757079;90.67934913473408;racines post recolte;residus racinaires;labile;0.0;0.0;0.0;0.0
2019;258;656_001;SSM1-0039;mil;surface;91.42222222222223;1.0081923072295584;90.6793491347341;aerien post recolte;residus aeriens;labile;0.0;0.0;0.0;0.0
2019;258;657_001;SSM1-0038;mil;incorpore;638.0;7.0467969635738905;90.53758797052507;racines post recolte;residus racinaires;labile;0.0;0.0;0.0;0.0
2019;258;657_001;SSM1-0038;mil;surface;91.42222222222223;1.009770905891431;90.53758797052507;aerien post recolte;residus aeriens;labile;0.0;0.0;0.0;0.0
2019;258;658_001;SSM1-0038;mil;incorpore;638.0;7.035780539757079;90.67934913473408;racines post recolte;residus racinaires;labile;0.0;0.0;0.0;0.0
2019;258;658_001;SSM1-0038;mil;surface;91.42222222222223;1.0081923072295584;90.6793491347341;aerien post recolte;residus aeriens;labile;0.0;0.0;0.0;0.0
2019;258;659_001;SSM1-0038;mil;incorpore;638.0;7.0467969635738905;90.53758797052507;racines post recolte;residus racinaires;labile;0.0;0.0;0.0;0.0
2019;258;659_001;SSM1-0038;mil;surface;91.42222222222223;1.009770905891431;90.53758797052507;aerien post recolte;residus aeriens;labile;0.0;0.0;0.0;0.0
2019;258;660_001;SSM1-0038;mil;incorpore;638.0;7.035780539757079;90.67934913473408;racines post recolte;residus racinaires;labile;0.0;0.0;0.0;0.0
2019;258;660_001;SSM1-0038;mil;surface;91.42222222222223;1.0081923072295584;90.6793491347341;aerien post recolte;residus aeriens;labile;0.0;0.0;0.0;0.0
2019;258;661_001;SSM1-0038;mil;incorpore;638.0;7.0467969635738905;90.53758797052507;racines post recolte;residus racinaires;labile;0.0;0.0;0.0;0.0
2019;258;661_001;SSM1-0038;mil;surface;91.42222222222223;1.009770905891431;90.53758797052507;aerien post recolte;residus aeriens;labile;0.0;0.0;0.0;0.0
2019;258;662_001;SSM1-0038;mil;incorpore;638.0;7.035780539757079;90.67934913473408;racines post recolte;residus racinaires;labile;0.0;0.0;0.0;0.0
2019;258;662_001;SSM1-0038;mil;surface;91.42222222222223;1.0081923072295584;90.6793491347341;aerien post recolte;residus aeriens;labile;0.0;0.0;0.0;0.0
2019;258;663_001;SSM1-0038;mil;incorpore;638.0;7.035780539757079;90.67934913473408;racines post recolte;residus racinaires;labile;0.0;0.0;0.0;0.0
2019;258;663_001;SSM1-0038;mil;surface;91.42222222222223;1.0081923072295584;90.6793491347341;aerien post recolte;residus aeriens;labile;0.0;0.0;0.0;0.0
2019;258;664_001;SSM1-0038;mil;incorpore;638.0;7.0467969635738905;90.53758797052507;racines post recolte;residus racinaires;labile;0.0;0.0;0.0;0.0
2019;258;664_001;SSM1-0038;mil;surface;91.42222222222223;1.009770905891431;90.53758797052507;aerien post recolte;residus aeriens;labile;0.0;0.0;0.0;0.0
2019;258;665_001;SSM1-0038;mil;incorpore;638.0;7.035780539757079;90.67934913473408;racines post recolte;residus racinaires;labile;0.0;0.0;0.0;0.0
2019;258;665_001;SSM1-0038;mil;surface;91.42222222222223;1.0081923072295584;90.6793491347341;aerien post recolte;residus aeriens;labile;0.0;0.0;0.0;0.0
2019;258;666_001;SSM1-0038;mil;incorpore;638.0;7.082390307099658;90.08258120996868;racines post recolte;residus racinaires;labile;0.0;0.0;0.0;0.0
2019;258;666_001;SSM1-0038;mil;surface;91.42222222222223;1.0148712547338208;90.0825812099687;aerien post recolte;residus aeriens;labile;0.0;0.0;0.0;0.0
2019;258;667_001;SSM1-0038;mil;incorpore;638.0;7.049688306134763;90.50045509739788;racines post recolte;residus racinaires;labile;0.0;0.0;0.0;0.0
2019;258;667_001;SSM1-0038;mil;surface;91.42222222222223;1.010185220879081;90.50045509739789;aerien post recolte;residus aeriens;labile;0.0;0.0;0.0;0.0
2019;258;668_001;SSM1-0038;mil;incorpore;638.0;7.082390307099658;90.08258120996868;racines post recolte;residus racinaires;labile;0.0;0.0;0.0;0.0
2019;258;668_001;SSM1-0038;mil;surface;91.42222222222223;1.0148712547338208;90.0825812099687;aerien post recolte;residus aeriens;labile;0.0;0.0;0.0;0.0
2019;258;669_001;SSM1-0038;mil;incorpore;638.0;7.049688306134763;90.50045509739788;racines post recolte;residus racinaires;labile;0.0;0.0;0.0;0.0
2019;258;669_001;SSM1-0038;mil;surface;91.42222222222223;1.010185220879081;90.50045509739789;aerien post recolte;residus aeriens;labile;0.0;0.0;0.0;0.0
2019;258;670_001;SSM1-0038;mil;incorpore;638.0;6.862191857658906;92.97320932347978;racines post recolte;residus racinaires;labile;0.0;0.0;0.0;0.0
2019;258;670_001;SSM1-0038;mil;surface;91.42222222222223;0.983317913702847;92.9732093234798;aerien post recolte;residus aeriens;labile;0.0;0.0;0.0;0.0
2019;258;671_001;SSM1-0038;mil;incorpore;638.0;6.87308671196636;92.82583309900814;racines post recolte;residus racinaires;labile;0.0;0.0;0.0;0.0
2019;258;671_001;SSM1-0038;mil;surface;91.42222222222223;0.9848790920595475;92.82583309900814;aerien post recolte;residus aeriens;labile;0.0;0.0;0.0;0.0
2019;258;672_001;SSM1-0038;mil;incorpore;638.0;7.0467969635738905;90.53758797052507;racines post recolte;residus racinaires;labile;0.0;0.0;0.0;0.0
2019;258;672_001;SSM1-0038;mil;surface;91.42222222222223;1.009770905891431;90.53758797052507;aerien post recolte;residus aeriens;labile;0.0;0.0;0.0;0.0
2019;258;673_001;SSM1-0038;mil;incorpore;638.0;7.035780539757079;90.67934913473408;racines post recolte;residus racinaires;labile;0.0;0.0;0.0;0.0
2019;258;673_001;SSM1-0038;mil;surface;91.42222222222223;1.0081923072295584;90.6793491347341;aerien post recolte;residus aeriens;labile;0.0;0.0;0.0;0.0
2019;258;674_001;SSM1-0038;mil;incorpore;638.0;7.0467969635738905;90.53758797052507;racines post recolte;residus racinaires;labile;0.0;0.0;0.0;0.0
2019;258;674_001;SSM1-0038;mil;surface;91.42222222222223;1.009770905891431;90.53758797052507;aerien post recolte;residus aeriens;labile;0.0;0.0;0.0;0.0
2019;258;675_001;SSM1-0038;mil;incorpore;638.0;7.035780539757079;90.67934913473408;racines post recolte;residus racinaires;labile;0.0;0.0;0.0;0.0
2019;258;675_001;SSM1-0038;mil;surface;91.42222222222223;1.0081923072295584;90.6793491347341;aerien post recolte;residus aeriens;labile;0.0;0.0;0.0;0.0
2019;258;676_001;SSM1-0038;mil;incorpore;638.0;7.0467969635738905;90.53758797052507;racines post recolte;residus racinaires;labile;0.0;0.0;0.0;0.0
2019;258;676_001;SSM1-0038;mil;surface;91.42222222222223;1.009770905891431;90.53758797052507;aerien post recolte;residus aeriens;labile;0.0;0.0;0.0;0.0
2019;258;677_001;SSM1-0038;mil;incorpore;638.0;7.035780539757079;90.67934913473408;racines post recolte;residus racinaires;labile;0.0;0.0;0.0;0.0
2019;258;677_001;SSM1-0038;mil;surface;91.42222222222223;1.0081923072295584;90.6793491347341;aerien post recolte;residus aeriens;labile;0.0;0.0;0.0;0.0
2019;258;678_001;SSM1-0038;mil;incorpore;638.0;7.035780539757079;90.67934913473408;racines post recolte;residus racinaires;labile;0.0;0.0;0.0;0.0
2019;258;678_001;SSM1-0038;mil;surface;91.42222222222223;1.0081923072295584;90.6793491347341;aerien post recolte;residus aeriens;labile;0.0;0.0;0.0;0.0
2019;258;679_001;SSM1-0038;mil;incorpore;638.0;7.0467969635738905;90.53758797052507;racines post recolte;residus racinaires;labile;0.0;0.0;0.0;0.0
2019;258;679_001;SSM1-0038;mil;surface;91.42222222222223;1.009770905891431;90.53758797052507;aerien post recolte;residus aeriens;labile;0.0;0.0;0.0;0.0
2019;258;680_001;SSM1-0038;mil;incorpore;638.0;7.035780539757079;90.67934913473408;racines post recolte;residus racinaires;labile;0.0;0.0;0.0;0.0
2019;258;680_001;SSM1-0038;mil;surface;91.42222222222223;1.0081923072295584;90.6793491347341;aerien post recolte;residus aeriens;labile;0.0;0.0;0.0;0.0
2019;258;681_001;SSM1-0040;mil;incorpore;638.0;7.001165119436588;91.1276893368489;racines post recolte;residus racinaires;labile;0.0;0.0;0.0;0.0
2019;258;681_001;SSM1-0040;mil;surface;91.42222222222223;1.003232089911603;91.12768933684892;aerien post recolte;residus aeriens;labile;0.0;0.0;0.0;0.0
2019;258;682_001;SSM1-0040;mil;incorpore;638.0;6.959019448653644;91.6795828359746;racines post recolte;residus racinaires;labile;0.0;0.0;0.0;0.0
2019;258;682_001;SSM1-0040;mil;surface;91.42222222222223;0.9971928252093727;91.67958283597461;aerien post recolte;residus aeriens;labile;0.0;0.0;0.0;0.0
2019;258;683_001;SSM1-0040;mil;incorpore;638.0;7.001165119436588;91.1276893368489;racines post recolte;residus racinaires;labile;0.0;0.0;0.0;0.0
2019;258;683_001;SSM1-0040;mil;surface;91.42222222222223;1.003232089911603;91.12768933684892;aerien post recolte;residus aeriens;labile;0.0;0.0;0.0;0.0
2019;258;684_001;SSM1-0040;mil;incorpore;638.0;6.959019448653644;91.6795828359746;racines post recolte;residus racinaires;labile;0.0;0.0;0.0;0.0
2019;258;684_001;SSM1-0040;mil;surface;91.42222222222223;0.9971928252093727;91.67958283597461;aerien post recolte;residus aeriens;labile;0.0;0.0;0.0;0.0
2019;258;685_001;SSM1-0040;mil;incorpore;638.0;7.0467969635738905;90.53758797052507;racines post recolte;residus racinaires;labile;0.0;0.0;0.0;0.0
2019;258;685_001;SSM1-0040;mil;surface;91.42222222222223;1.009770905891431;90.53758797052507;aerien post recolte;residus aeriens;labile;0.0;0.0;0.0;0.0
2019;258;686_001;SSM1-0040;mil;incorpore;638.0;7.035780539757079;90.67934913473408;racines post recolte;residus racinaires;labile;0.0;0.0;0.0;0.0
2019;258;686_001;SSM1-0040;mil;surface;91.42222222222223;1.0081923072295584;90.6793491347341;aerien post recolte;residus aeriens;labile;0.0;0.0;0.0;0.0
2019;258;687_001;SSM1-0040;mil;incorpore;638.0;7.0467969635738905;90.53758797052507;racines post recolte;residus racinaires;labile;0.0;0.0;0.0;0.0
2019;258;687_001;SSM1-0040;mil;surface;91.42222222222223;1.009770905891431;90.53758797052507;aerien post recolte;residus aeriens;labile;0.0;0.0;0.0;0.0
2019;258;688_001;SSM1-0040;mil;incorpore;638.0;7.035780539757079;90.67934913473408;racines post recolte;residus racinaires;labile;0.0;0.0;0.0;0.0
2019;258;688_001;SSM1-0040;mil;surface;91.42222222222223;1.0081923072295584;90.6793491347341;aerien post recolte;residus aeriens;labile;0.0;0.0;0.0;0.0
2019;258;689_001;SSM1-0040;mil;incorpore;638.0;7.0467969635738905;90.53758797052507;racines post recolte;residus racinaires;labile;0.0;0.0;0.0;0.0
2019;258;689_001;SSM1-0040;mil;surface;91.42222222222223;1.009770905891431;90.53758797052507;aerien post recolte;residus aeriens;labile;0.0;0.0;0.0;0.0
2019;258;690_001;SSM1-0040;mil;incorpore;638.0;7.035780539757079;90.67934913473408;racines post recolte;residus racinaires;labile;0.0;0.0;0.0;0.0
2019;258;690_001;SSM1-0040;mil;surface;91.42222222222223;1.0081923072295584;90.6793491347341;aerien post recolte;residus aeriens;labile;0.0;0.0;0.0;0.0
2019;258;691_001;SSM1-0040;mil;incorpore;638.0;7.0467969635738905;90.53758797052507;racines post recolte;residus racinaires;labile;0.0;0.0;0.0;0.0
2019;258;691_001;SSM1-0040;mil;surface;91.42222222222223;1.009770905891431;90.53758797052507;aerien post recolte;residus aeriens;labile;0.0;0.0;0.0;0.0
2019;258;692_001;SSM1-0040;mil;incorpore;638.0;7.035780539757079;90.67934913473408;racines post recolte;residus racinaires;labile;0.0;0.0;0.0;0.0
2019;258;692_001;SSM1-0040;mil;surface;91.42222222222223;1.0081923072295584;90.6793491347341;aerien post recolte;residus aeriens;labile;0.0;0.0;0.0;0.0
2019;258;693_001;SSM1-0040;mil;incorpore;638.0;7.0467969635738905;90.53758797052507;racines post recolte;residus racinaires;labile;0.0;0.0;0.0;0.0
2019;258;693_001;SSM1-0040;mil;surface;91.42222222222223;1.009770905891431;90.53758797052507;aerien post recolte;residus aeriens;labile;0.0;0.0;0.0;0.0
2019;258;694_001;SSM1-0040;mil;incorpore;638.0;7.035780539757079;90.67934913473408;racines post recolte;residus racinaires;labile;0.0;0.0;0.0;0.0
2019;258;694_001;SSM1-0040;mil;surface;91.42222222222223;1.0081923072295584;90.6793491347341;aerien post recolte;residus aeriens;labile;0.0;0.0;0.0;0.0
2019;258;695_001;SSM1-0040;mil;incorpore;638.0;7.035780539757079;90.67934913473408;racines post recolte;residus racinaires;labile;0.0;0.0;0.0;0.0
2019;258;695_001;SSM1-0040;mil;surface;91.42222222222223;1.0081923072295584;90.6793491347341;aerien post recolte;residus aeriens;labile;0.0;0.0;0.0;0.0
2019;258;696_001;SSM1-0040;mil;incorpore;638.0;7.0467969635738905;90.53758797052507;racines post recolte;residus racinaires;labile;0.0;0.0;0.0;0.0
2019;258;696_001;SSM1-0040;mil;surface;91.42222222222223;1.009770905891431;90.53758797052507;aerien post recolte;residus aeriens;labile;0.0;0.0;0.0;0.0
2019;258;697_001;SSM1-0040;mil;incorpore;638.0;7.035780539757079;90.67934913473408;racines post recolte;residus racinaires;labile;0.0;0.0;0.0;0.0
2019;258;697_001;SSM1-0040;mil;surface;91.42222222222223;1.0081923072295584;90.6793491347341;aerien post recolte;residus aeriens;labile;0.0;0.0;0.0;0.0
2019;258;698_001;SSM1-0040;mil;incorpore;638.0;7.0467969635738905;90.53758797052507;racines post recolte;residus racinaires;labile;0.0;0.0;0.0;0.0
2019;258;698_001;SSM1-0040;mil;surface;91.42222222222223;1.009770905891431;90.53758797052507;aerien post recolte;residus aeriens;labile;0.0;0.0;0.0;0.0
2019;258;699_001;SSM1-0040;mil;incorpore;638.0;7.035780539757079;90.67934913473408;racines post recolte;residus racinaires;labile;0.0;0.0;0.0;0.0
2019;258;699_001;SSM1-0040;mil;surface;91.42222222222223;1.0081923072295584;90.6793491347341;aerien post recolte;residus aeriens;labile;0.0;0.0;0.0;0.0
2019;258;700_001;SSM1-0041;mil;incorpore;638.0;7.082390307099658;90.08258120996868;racines post recolte;residus racinaires;labile;0.0;0.0;0.0;0.0
2019;258;700_001;SSM1-0041;mil;surface;91.42222222222223;1.0148712547338208;90.0825812099687;aerien post recolte;residus aeriens;labile;0.0;0.0;0.0;0.0
2019;258;701_001;SSM1-0041;mil;incorpore;638.0;7.049688306134763;90.50045509739788;racines post recolte;residus racinaires;labile;0.0;0.0;0.0;0.0
2019;258;701_001;SSM1-0041;mil;surface;91.42222222222223;1.010185220879081;90.50045509739789;aerien post recolte;residus aeriens;labile;0.0;0.0;0.0;0.0
2019;258;702_001;SSM1-0042;mil;incorpore;638.0;7.0467969635738905;90.53758797052507;racines post recolte;residus racinaires;labile;0.0;0.0;0.0;0.0
2019;258;702_001;SSM1-0042;mil;surface;91.42222222222223;1.009770905891431;90.53758797052507;aerien post recolte;residus aeriens;labile;0.0;0.0;0.0;0.0
2019;258;703_001;SSM1-0042;mil;incorpore;638.0;7.035780539757079;90.67934913473408;racines post recolte;residus racinaires;labile;0.0;0.0;0.0;0.0
2019;258;703_001;SSM1-0042;mil;surface;91.42222222222223;1.0081923072295584;90.6793491347341;aerien post recolte;residus aeriens;labile;0.0;0.0;0.0;0.0
2019;258;704_001;SSM1-0042;mil;incorpore;638.0;7.0467969635738905;90.53758797052507;racines post recolte;residus racinaires;labile;0.0;0.0;0.0;0.0
2019;258;704_001;SSM1-0042;mil;surface;91.42222222222223;1.009770905891431;90.53758797052507;aerien post recolte;residus aeriens;labile;0.0;0.0;0.0;0.0
2019;258;705_001;SSM1-0042;mil;incorpore;638.0;7.035780539757079;90.67934913473408;racines post recolte;residus racinaires;labile;0.0;0.0;0.0;0.0
2019;258;705_001;SSM1-0042;mil;surface;91.42222222222223;1.0081923072295584;90.6793491347341;aerien post recolte;residus aeriens;labile;0.0;0.0;0.0;0.0
2019;258;706_001;SSM1-0042;mil;incorpore;638.0;7.049688306134763;90.50045509739788;racines post recolte;residus racinaires;labile;0.0;0.0;0.0;0.0
2019;258;706_001;SSM1-0042;mil;surface;91.42222222222223;1.010185220879081;90.50045509739789;aerien post recolte;residus aeriens;labile;0.0;0.0;0.0;0.0
2019;258;707_001;SSM1-0042;mil;incorpore;638.0;7.082390307099658;90.08258120996868;racines post recolte;residus racinaires;labile;0.0;0.0;0.0;0.0
2019;258;707_001;SSM1-0042;mil;surface;91.42222222222223;1.0148712547338208;90.0825812099687;aerien post recolte;residus aeriens;labile;0.0;0.0;0.0;0.0
2019;258;708_001;SSM1-0042;mil;incorpore;638.0;7.049688306134763;90.50045509739788;racines post recolte;residus racinaires;labile;0.0;0.0;0.0;0.0
2019;258;708_001;SSM1-0042;mil;surface;91.42222222222223;1.010185220879081;90.50045509739789;aerien post recolte;residus aeriens;labile;0.0;0.0;0.0;0.0
2019;258;709_001;SSM1-0042;mil;incorpore;638.0;7.082390307099658;90.08258120996868;racines post recolte;residus racinaires;labile;0.0;0.0;0.0;0.0
2019;258;709_001;SSM1-0042;mil;surface;91.42222222222223;1.0148712547338208;90.0825812099687;aerien post recolte;residus aeriens;labile;0.0;0.0;0.0;0.0
2019;258;710_001;SSM1-0042;mil;incorpore;638.0;7.049688306134763;90.50045509739788;racines post recolte;residus racinaires;labile;0.0;0.0;0.0;0.0
2019;258;710_001;SSM1-0042;mil;surface;91.42222222222223;1.010185220879081;90.50045509739789;aerien post recolte;residus aeriens;labile;0.0;0.0;0.0;0.0
2019;258;711_001;SSM1-0040;mil;incorpore;638.0;7.0467969635738905;90.53758797052507;racines post recolte;residus racinaires;labile;0.0;0.0;0.0;0.0
2019;258;711_001;SSM1-0040;mil;surface;91.42222222222223;1.009770905891431;90.53758797052507;aerien post recolte;residus aeriens;labile;0.0;0.0;0.0;0.0
2019;258;712_001;SSM1-0040;mil;incorpore;638.0;7.035780539757079;90.67934913473408;racines post recolte;residus racinaires;labile;0.0;0.0;0.0;0.0
2019;258;712_001;SSM1-0040;mil;surface;91.42222222222223;1.0081923072295584;90.6793491347341;aerien post recolte;residus aeriens;labile;0.0;0.0;0.0;0.0
2019;258;713_001;SSM1-0014;mil;incorpore;638.0;7.0467969635738905;90.53758797052507;racines post recolte;residus racinaires;labile;0.0;0.0;0.0;0.0
2019;258;713_001;SSM1-0014;mil;surface;91.42222222222223;1.009770905891431;90.53758797052507;aerien post recolte;residus aeriens;labile;0.0;0.0;0.0;0.0
2019;258;714_001;SSM1-0014;mil;incorpore;638.0;7.035780539757079;90.67934913473408;racines post recolte;residus racinaires;labile;0.0;0.0;0.0;0.0
2019;258;714_001;SSM1-0014;mil;surface;91.42222222222223;1.0081923072295584;90.6793491347341;aerien post recolte;residus aeriens;labile;0.0;0.0;0.0;0.0
2019;258;715_001;SSM1-0043;mil;incorpore;638.0;7.0467969635738905;90.53758797052507;racines post recolte;residus racinaires;labile;0.0;0.0;0.0;0.0
2019;258;715_001;SSM1-0043;mil;surface;91.42222222222223;1.009770905891431;90.53758797052507;aerien post recolte;residus aeriens;labile;0.0;0.0;0.0;0.0
2019;258;716_001;SSM1-0043;mil;incorpore;638.0;7.035780539757079;90.67934913473408;racines post recolte;residus racinaires;labile;0.0;0.0;0.0;0.0
2019;258;716_001;SSM1-0043;mil;surface;91.42222222222223;1.0081923072295584;90.6793491347341;aerien post recolte;residus aeriens;labile;0.0;0.0;0.0;0.0
2019;258;717_001;SSM1-0043;mil;incorpore;638.0;7.0467969635738905;90.53758797052507;racines post recolte;residus racinaires;labile;0.0;0.0;0.0;0.0
2019;258;717_001;SSM1-0043;mil;surface;91.42222222222223;1.009770905891431;90.53758797052507;aerien post recolte;residus aeriens;labile;0.0;0.0;0.0;0.0
2019;258;718_001;SSM1-0043;mil;incorpore;638.0;7.035780539757079;90.67934913473408;racines post recolte;residus racinaires;labile;0.0;0.0;0.0;0.0
2019;258;718_001;SSM1-0043;mil;surface;91.42222222222223;1.0081923072295584;90.6793491347341;aerien post recolte;residus aeriens;labile;0.0;0.0;0.0;0.0
2019;258;719_001;SSM1-0043;mil;incorpore;638.0;7.0467969635738905;90.53758797052507;racines post recolte;residus racinaires;labile;0.0;0.0;0.0;0.0
2019;258;719_001;SSM1-0043;mil;surface;91.42222222222223;1.009770905891431;90.53758797052507;aerien post recolte;residus aeriens;labile;0.0;0.0;0.0;0.0
2019;258;720_001;SSM1-0043;mil;incorpore;638.0;7.035780539757079;90.67934913473408;racines post recolte;residus racinaires;labile;0.0;0.0;0.0;0.0
2019;258;720_001;SSM1-0043;mil;surface;91.42222222222223;1.0081923072295584;90.6793491347341;aerien post recolte;residus aeriens;labile;0.0;0.0;0.0;0.0
2019;258;721_001;SSM1-0042;mil;incorpore;638.0;7.082390307099658;90.08258120996868;racines post recolte;residus racinaires;labile;0.0;0.0;0.0;0.0
2019;258;721_001;SSM1-0042;mil;surface;91.42222222222223;1.0148712547338208;90.0825812099687;aerien post recolte;residus aeriens;labile;0.0;0.0;0.0;0.0
2019;258;722_001;SSM1-0042;mil;incorpore;638.0;7.049688306134763;90.50045509739788;racines post recolte;residus racinaires;labile;0.0;0.0;0.0;0.0
2019;258;722_001;SSM1-0042;mil;surface;91.42222222222223;1.010185220879081;90.50045509739789;aerien post recolte;residus aeriens;labile;0.0;0.0;0.0;0.0
2019;258;723_001;SSM1-0043;mil;incorpore;638.0;7.082390307099658;90.08258120996868;racines post recolte;residus racinaires;labile;0.0;0.0;0.0;0.0
2019;258;723_001;SSM1-0043;mil;surface;91.42222222222223;1.0148712547338208;90.0825812099687;aerien post recolte;residus aeriens;labile;0.0;0.0;0.0;0.0
2019;258;724_001;SSM1-0043;mil;incorpore;638.0;7.049688306134763;90.50045509739788;racines post recolte;residus racinaires;labile;0.0;0.0;0.0;0.0
2019;258;724_001;SSM1-0043;mil;surface;91.42222222222223;1.010185220879081;90.50045509739789;aerien post recolte;residus aeriens;labile;0.0;0.0;0.0;0.0
2019;258;725_001;SSM1-0043;mil;incorpore;638.0;7.0467969635738905;90.53758797052507;racines post recolte;residus racinaires;labile;0.0;0.0;0.0;0.0
2019;258;725_001;SSM1-0043;mil;surface;91.42222222222223;1.009770905891431;90.53758797052507;aerien post recolte;residus aeriens;labile;0.0;0.0;0.0;0.0
2019;258;726_001;SSM1-0043;mil;incorpore;638.0;7.035780539757079;90.67934913473408;racines post recolte;residus racinaires;labile;0.0;0.0;0.0;0.0
2019;258;726_001;SSM1-0043;mil;surface;91.42222222222223;1.0081923072295584;90.6793491347341;aerien post recolte;residus aeriens;labile;0.0;0.0;0.0;0.0
2019;258;727_001;SSM1-0043;mil;incorpore;638.0;7.0467969635738905;90.53758797052507;racines post recolte;residus racinaires;labile;0.0;0.0;0.0;0.0
2019;258;727_001;SSM1-0043;mil;surface;91.42222222222223;1.009770905891431;90.53758797052507;aerien post recolte;residus aeriens;labile;0.0;0.0;0.0;0.0
2019;258;728_001;SSM1-0043;mil;incorpore;638.0;7.035780539757079;90.67934913473408;racines post recolte;residus racinaires;labile;0.0;0.0;0.0;0.0
2019;258;728_001;SSM1-0043;mil;surface;91.42222222222223;1.0081923072295584;90.6793491347341;aerien post recolte;residus aeriens;labile;0.0;0.0;0.0;0.0
2019;258;729_001;SSM1-0043;mil;incorpore;638.0;7.001165119436588;91.1276893368489;racines post recolte;residus racinaires;labile;0.0;0.0;0.0;0.0
2019;258;729_001;SSM1-0043;mil;surface;91.42222222222223;1.003232089911603;91.12768933684892;aerien post recolte;residus aeriens;labile;0.0;0.0;0.0;0.0
2019;258;730_001;SSM1-0043;mil;incorpore;638.0;6.959019448653644;91.6795828359746;racines post recolte;residus racinaires;labile;0.0;0.0;0.0;0.0
2019;258;730_001;SSM1-0043;mil;surface;91.42222222222223;0.9971928252093727;91.67958283597461;aerien post recolte;residus aeriens;labile;0.0;0.0;0.0;0.0
2019;258;731_001;SSM1-0041;mil;incorpore;638.0;7.035780539757079;90.67934913473408;racines post recolte;residus racinaires;labile;0.0;0.0;0.0;0.0
2019;258;731_001;SSM1-0041;mil;surface;91.42222222222223;1.0081923072295584;90.6793491347341;aerien post recolte;residus aeriens;labile;0.0;0.0;0.0;0.0
2019;258;732_001;SSM1-0041;mil;incorpore;638.0;7.001165119436588;91.1276893368489;racines post recolte;residus racinaires;labile;0.0;0.0;0.0;0.0
2019;258;732_001;SSM1-0041;mil;surface;91.42222222222223;1.003232089911603;91.12768933684892;aerien post recolte;residus aeriens;labile;0.0;0.0;0.0;0.0
2019;258;733_001;SSM1-0041;mil;incorpore;638.0;6.959019448653644;91.6795828359746;racines post recolte;residus racinaires;labile;0.0;0.0;0.0;0.0
2019;258;733_001;SSM1-0041;mil;surface;91.42222222222223;0.9971928252093727;91.67958283597461;aerien post recolte;residus aeriens;labile;0.0;0.0;0.0;0.0
2019;258;734_001;SSM1-0041;mil;incorpore;638.0;7.0467969635738905;90.53758797052507;racines post recolte;residus racinaires;labile;0.0;0.0;0.0;0.0
2019;258;734_001;SSM1-0041;mil;surface;91.42222222222223;1.009770905891431;90.53758797052507;aerien post recolte;residus aeriens;labile;0.0;0.0;0.0;0.0
2019;258;735_001;SSM1-0041;mil;incorpore;638.0;7.035780539757079;90.67934913473408;racines post recolte;residus racinaires;labile;0.0;0.0;0.0;0.0
2019;258;735_001;SSM1-0041;mil;surface;91.42222222222223;1.0081923072295584;90.6793491347341;aerien post recolte;residus aeriens;labile;0.0;0.0;0.0;0.0
2019;258;736_001;SSM1-0041;mil;incorpore;638.0;7.035780539757079;90.67934913473408;racines post recolte;residus racinaires;labile;0.0;0.0;0.0;0.0
2019;258;736_001;SSM1-0041;mil;surface;91.42222222222223;1.0081923072295584;90.6793491347341;aerien post recolte;residus aeriens;labile;0.0;0.0;0.0;0.0
2019;258;737_001;SSM1-0044;mil;incorpore;638.0;7.001165119436588;91.1276893368489;racines post recolte;residus racinaires;labile;0.0;0.0;0.0;0.0
2019;258;737_001;SSM1-0044;mil;surface;91.42222222222223;1.003232089911603;91.12768933684892;aerien post recolte;residus aeriens;labile;0.0;0.0;0.0;0.0
2019;258;738_001;SSM1-0044;mil;incorpore;638.0;6.959019448653644;91.6795828359746;racines post recolte;residus racinaires;labile;0.0;0.0;0.0;0.0
2019;258;738_001;SSM1-0044;mil;surface;91.42222222222223;0.9971928252093727;91.67958283597461;aerien post recolte;residus aeriens;labile;0.0;0.0;0.0;0.0
2019;258;739_001;SSM1-0044;mil;incorpore;638.0;7.0467969635738905;90.53758797052507;racines post recolte;residus racinaires;labile;0.0;0.0;0.0;0.0
2019;258;739_001;SSM1-0044;mil;surface;91.42222222222223;1.009770905891431;90.53758797052507;aerien post recolte;residus aeriens;labile;0.0;0.0;0.0;0.0
2019;258;740_001;SSM1-0044;mil;incorpore;638.0;7.035780539757079;90.67934913473408;racines post recolte;residus racinaires;labile;0.0;0.0;0.0;0.0
2019;258;740_001;SSM1-0044;mil;surface;91.42222222222223;1.0081923072295584;90.6793491347341;aerien post recolte;residus aeriens;labile;0.0;0.0;0.0;0.0
2019;258;741_001;SSM1-0044;mil;incorpore;638.0;7.0467969635738905;90.53758797052507;racines post recolte;residus racinaires;labile;0.0;0.0;0.0;0.0
2019;258;741_001;SSM1-0044;mil;surface;91.42222222222223;1.009770905891431;90.53758797052507;aerien post recolte;residus aeriens;labile;0.0;0.0;0.0;0.0
2019;258;742_001;SSM1-0044;mil;incorpore;638.0;7.035780539757079;90.67934913473408;racines post recolte;residus racinaires;labile;0.0;0.0;0.0;0.0
2019;258;742_001;SSM1-0044;mil;surface;91.42222222222223;1.0081923072295584;90.6793491347341;aerien post recolte;residus aeriens;labile;0.0;0.0;0.0;0.0
2019;258;743_001;SSM1-0044;mil;incorpore;638.0;7.035780539757079;90.67934913473408;racines post recolte;residus racinaires;labile;0.0;0.0;0.0;0.0
2019;258;743_001;SSM1-0044;mil;surface;91.42222222222223;1.0081923072295584;90.6793491347341;aerien post recolte;residus aeriens;labile;0.0;0.0;0.0;0.0
2019;258;744_001;SSM1-0044;mil;incorpore;638.0;7.0467969635738905;90.53758797052507;racines post recolte;residus racinaires;labile;0.0;0.0;0.0;0.0
2019;258;744_001;SSM1-0044;mil;surface;91.42222222222223;1.009770905891431;90.53758797052507;aerien post recolte;residus aeriens;labile;0.0;0.0;0.0;0.0
2019;258;745_001;SSM1-0044;mil;incorpore;638.0;7.035780539757079;90.67934913473408;racines post recolte;residus racinaires;labile;0.0;0.0;0.0;0.0
2019;258;745_001;SSM1-0044;mil;surface;91.42222222222223;1.0081923072295584;90.6793491347341;aerien post recolte;residus aeriens;labile;0.0;0.0;0.0;0.0
2019;258;746_001;SSM1-0031;mil;incorpore;638.0;7.001165119436588;91.1276893368489;racines post recolte;residus racinaires;labile;0.0;0.0;0.0;0.0
2019;258;746_001;SSM1-0031;mil;surface;91.42222222222223;1.003232089911603;91.12768933684892;aerien post recolte;residus aeriens;labile;0.0;0.0;0.0;0.0
2019;258;747_001;SSM1-0031;mil;incorpore;638.0;6.959019448653644;91.6795828359746;racines post recolte;residus racinaires;labile;0.0;0.0;0.0;0.0
2019;258;747_001;SSM1-0031;mil;surface;91.42222222222223;0.9971928252093727;91.67958283597461;aerien post recolte;residus aeriens;labile;0.0;0.0;0.0;0.0
2019;258;748_001;SSM1-0031;mil;incorpore;638.0;7.001165119436588;91.1276893368489;racines post recolte;residus racinaires;labile;0.0;0.0;0.0;0.0
2019;258;748_001;SSM1-0031;mil;surface;91.42222222222223;1.003232089911603;91.12768933684892;aerien post recolte;residus aeriens;labile;0.0;0.0;0.0;0.0
2019;258;749_001;SSM1-0031;mil;incorpore;638.0;6.959019448653644;91.6795828359746;racines post recolte;residus racinaires;labile;0.0;0.0;0.0;0.0
2019;258;749_001;SSM1-0031;mil;surface;91.42222222222223;0.9971928252093727;91.67958283597461;aerien post recolte;residus aeriens;labile;0.0;0.0;0.0;0.0
